Season,Date,ConstructorName,Points
1968,1968-08-01,McLaren,0.0
1968,1968-10-01,McLaren,0.0
1971,1971-03-01,McLaren,1.0
1971,1971-04-01,McLaren,2.0
1971,1971-05-01,McLaren,3.0
1971,1971-06-01,McLaren,0.0
1971,1971-07-01,McLaren,0.0
1971,1971-08-01,McLaren,0.0
1971,1971-09-01,McLaren,4.0
1971,1971-10-01,McLaren,0.0
1972,1972-01-01,McLaren,6.0
1972,1972-03-01,McLaren,9.0
1972,1972-05-01,McLaren,4.0
1972,1972-06-01,McLaren,4.0
1972,1972-07-01,McLaren,6.0
1972,1972-08-01,McLaren,6.0
1972,1972-09-01,McLaren,14.0
1972,1972-10-01,McLaren,4.0
1973,1973-01-01,McLaren,2.0
1973,1973-02-01,McLaren,4.0
1973,1973-03-01,McLaren,6.0
1973,1973-04-01,McLaren,3.0
1973,1973-05-01,McLaren,0.0
1973,1973-06-01,McLaren,11.0
1973,1973-07-01,McLaren,12.0
1973,1973-08-01,McLaren,4.0
1973,1973-09-01,McLaren,13.0
1973,1973-10-01,McLaren,3.0
1974,1974-01-01,McLaren,18.0
1974,1974-03-01,McLaren,4.0
1974,1974-04-01,McLaren,4.0
1974,1974-05-01,McLaren,11.0
1974,1974-06-01,McLaren,7.0
1974,1974-07-01,McLaren,7.0
1974,1974-08-01,McLaren,6.0
1974,1974-09-01,McLaren,15.0
1974,1974-10-01,McLaren,3.0
1975,1975-01-01,McLaren,15.0
1975,1975-03-01,McLaren,1.0
1975,1975-04-01,McLaren,4.5
1975,1975-05-01,McLaren,6.0
1975,1975-06-01,McLaren,0.0
1975,1975-07-01,McLaren,13.0
1975,1975-08-01,McLaren,1.5
1975,1975-09-01,McLaren,6.0
1975,1975-10-01,McLaren,6.0
1976,1976-01-01,McLaren,1.0
1976,1976-03-01,McLaren,8.0
1976,1976-05-01,McLaren,12.0
1976,1976-06-01,McLaren,2.0
1976,1976-07-01,McLaren,9.0
1976,1976-08-01,McLaren,21.0
1976,1976-09-01,McLaren,0.0
1976,1976-10-01,McLaren,22.0
1977,1977-01-01,McLaren,6.0
1977,1977-03-01,McLaren,3.0
1977,1977-04-01,McLaren,0.0
1977,1977-05-01,McLaren,6.0
1977,1977-06-01,McLaren,6.0
1977,1977-07-01,McLaren,13.0
1977,1977-08-01,McLaren,1.0
1977,1977-09-01,McLaren,3.0
1977,1977-10-01,McLaren,22.0
1978,1978-01-01,McLaren,3.0
1978,1978-03-01,McLaren,0.0
1978,1978-04-01,McLaren,0.0
1978,1978-05-01,McLaren,0.0
1978,1978-06-01,McLaren,4.0
1978,1978-07-01,McLaren,5.0
1978,1978-08-01,McLaren,0.0
1978,1978-09-01,McLaren,2.0
1978,1978-10-01,McLaren,1.0
1979,1979-01-01,McLaren,4.0
1979,1979-02-01,McLaren,0.0
1979,1979-03-01,McLaren,0.0
1979,1979-04-01,McLaren,0.0
1979,1979-05-01,McLaren,4.0
1979,1979-07-01,McLaren,5.0
1979,1979-08-01,McLaren,0.0
1979,1979-09-01,McLaren,1.0
1979,1979-10-01,McLaren,1.0
1980,1980-01-01,McLaren,3.0
1980,1980-03-01,McLaren,3.0
1980,1980-05-01,McLaren,0.0
1980,1980-06-01,McLaren,0.0
1980,1980-07-01,McLaren,1.0
1980,1980-08-01,McLaren,1.0
1980,1980-09-01,McLaren,3.0
1980,1980-10-01,McLaren,0.0
1981,1981-03-01,McLaren,0.0
1981,1981-04-01,McLaren,0.0
1981,1981-05-01,McLaren,1.0
1981,1981-06-01,McLaren,4.0
1981,1981-07-01,McLaren,15.0
1981,1981-08-01,McLaren,2.0
1981,1981-09-01,McLaren,6.0
1981,1981-10-01,McLaren,0.0
1982,1982-01-01,McLaren,4.0
1982,1982-03-01,McLaren,6.0
1982,1982-04-01,McLaren,10.0
1982,1982-05-01,McLaren,9.0
1982,1982-06-01,McLaren,13.0
1982,1982-07-01,McLaren,12.0
1982,1982-08-01,McLaren,6.0
1982,1982-09-01,McLaren,9.0
1983,1983-03-01,McLaren,19.0
1983,1983-04-01,McLaren,0.0
1983,1983-05-01,McLaren,2.0
1983,1983-06-01,McLaren,5.0
1983,1983-07-01,McLaren,1.0
1983,1983-08-01,McLaren,7.0
1983,1983-09-01,McLaren,0.0
1983,1983-10-01,McLaren,0.0
1984,1984-03-01,McLaren,9.0
1984,1984-04-01,McLaren,15.0
1984,1984-05-01,McLaren,18.0
1984,1984-06-01,McLaren,17.5
1984,1984-07-01,McLaren,9.0
1984,1984-08-01,McLaren,39.0
1984,1984-09-01,McLaren,9.0
1984,1984-10-01,McLaren,27.0
1985,1985-04-01,McLaren,9.0
1985,1985-05-01,McLaren,12.0
1985,1985-06-01,McLaren,4.0
1985,1985-07-01,McLaren,13.0
1985,1985-08-01,McLaren,32.0
1985,1985-09-01,McLaren,13.0
1985,1985-10-01,McLaren,7.0
1985,1985-11-01,McLaren,0.0
1986,1986-03-01,McLaren,0.0
1986,1986-04-01,McLaren,18.0
1986,1986-05-01,McLaren,16.0
1986,1986-06-01,McLaren,13.0
1986,1986-07-01,McLaren,16.0
1986,1986-08-01,McLaren,9.0
1986,1986-09-01,McLaren,9.0
1986,1986-10-01,McLaren,15.0
1987,1987-04-01,McLaren,13.0
1987,1987-05-01,McLaren,18.0
1987,1987-06-01,McLaren,4.0
1987,1987-07-01,McLaren,10.0
1987,1987-08-01,McLaren,5.0
1987,1987-09-01,McLaren,22.0
1987,1987-10-01,McLaren,0.0
1987,1987-11-01,McLaren,4.0
1988,1988-04-01,McLaren,9.0
1988,1988-05-01,McLaren,39.0
1988,1988-06-01,McLaren,30.0
1988,1988-07-01,McLaren,39.0
1988,1988-08-01,McLaren,30.0
1988,1988-09-01,McLaren,10.0
1988,1988-10-01,McLaren,27.0
1988,1988-11-01,McLaren,15.0
1989,1989-03-01,McLaren,6.0
1989,1989-04-01,McLaren,15.0
1989,1989-05-01,McLaren,26.0
1989,1989-06-01,McLaren,9.0
1989,1989-07-01,McLaren,33.0
1989,1989-08-01,McLaren,24.0
1989,1989-09-01,McLaren,15.0
1989,1989-10-01,McLaren,13.0
1989,1989-11-01,McLaren,0.0
1990,1990-03-01,McLaren,19.0
1990,1990-05-01,McLaren,19.0
1990,1990-06-01,McLaren,16.0
1990,1990-07-01,McLaren,23.0
1990,1990-08-01,McLaren,19.0
1990,1990-09-01,McLaren,22.0
1990,1990-10-01,McLaren,0.0
1990,1990-11-01,McLaren,3.0
1991,1991-03-01,McLaren,24.0
1991,1991-04-01,McLaren,16.0
1991,1991-05-01,McLaren,10.0
1991,1991-06-01,McLaren,4.0
1991,1991-07-01,McLaren,16.0
1991,1991-08-01,McLaren,29.0
1991,1991-09-01,McLaren,17.0
1991,1991-10-01,McLaren,16.0
1991,1991-11-01,McLaren,7.0
1992,1992-03-01,McLaren,9.0
1992,1992-04-01,McLaren,0.0
1992,1992-05-01,McLaren,17.0
1992,1992-06-01,McLaren,10.0
1992,1992-07-01,McLaren,8.0
1992,1992-08-01,McLaren,16.0
1992,1992-09-01,McLaren,23.0
1992,1992-10-01,McLaren,6.0
1992,1992-11-01,McLaren,10.0
1993,1993-03-01,McLaren,16.0
1993,1993-04-01,McLaren,10.0
1993,1993-05-01,McLaren,18.0
1993,1993-06-01,McLaren,0.0
1993,1993-07-01,McLaren,9.0
1993,1993-08-01,McLaren,3.0
1993,1993-09-01,McLaren,4.0
1993,1993-10-01,McLaren,14.0
1993,1993-11-01,McLaren,10.0
1994,1994-03-01,McLaren,0.0
1994,1994-04-01,McLaren,0.0
1994,1994-05-01,McLaren,10.0
1994,1994-06-01,McLaren,0.0
1994,1994-07-01,McLaren,4.0
1994,1994-08-01,McLaren,9.0
1994,1994-09-01,McLaren,11.0
1994,1994-10-01,McLaren,4.0
1994,1994-11-01,McLaren,4.0
1995,1995-03-01,McLaren,4.0
1995,1995-04-01,McLaren,2.0
1995,1995-05-01,McLaren,2.0
1995,1995-06-01,McLaren,0.0
1995,1995-07-01,McLaren,2.0
1995,1995-08-01,McLaren,2.0
1995,1995-09-01,McLaren,9.0
1995,1995-10-01,McLaren,6.0
1995,1995-11-01,McLaren,3.0
1996,1996-03-01,McLaren,5.0
1996,1996-04-01,McLaren,4.0
1996,1996-05-01,McLaren,7.0
1996,1996-06-01,McLaren,10.0
1996,1996-07-01,McLaren,8.0
1996,1996-08-01,McLaren,7.0
1996,1996-09-01,McLaren,4.0
1996,1996-10-01,McLaren,4.0
1997,1997-03-01,McLaren,17.0
1997,1997-04-01,McLaren,3.0
1997,1997-05-01,McLaren,1.0
1997,1997-06-01,McLaren,0.0
1997,1997-07-01,McLaren,7.0
1997,1997-08-01,McLaren,0.0
1997,1997-09-01,McLaren,16.0
1997,1997-10-01,McLaren,19.0
1998,1998-03-01,McLaren,32.0
1998,1998-04-01,McLaren,17.0
1998,1998-05-01,McLaren,26.0
1998,1998-06-01,McLaren,5.0
1998,1998-07-01,McLaren,22.0
1998,1998-08-01,McLaren,23.0
1998,1998-09-01,McLaren,17.0
1998,1998-11-01,McLaren,14.0
1999,1999-03-01,McLaren,0.0
1999,1999-04-01,McLaren,10.0
1999,1999-05-01,McLaren,26.0
1999,1999-06-01,McLaren,16.0
1999,1999-07-01,McLaren,20.0
1999,1999-08-01,McLaren,34.0
1999,1999-09-01,McLaren,4.0
1999,1999-10-01,McLaren,14.0
2000,2000-03-01,McLaren,0.0
2000,2000-04-01,McLaren,26.0
2000,2000-05-01,McLaren,26.0
2000,2000-06-01,McLaren,14.0
2000,2000-07-01,McLaren,42.0
2000,2000-08-01,McLaren,27.0
2000,2000-09-01,McLaren,8.0
2000,2000-10-01,McLaren,19.0
2001,2001-03-01,McLaren,11.0
2001,2001-04-01,McLaren,21.0
2001,2001-05-01,McLaren,12.0
2001,2001-06-01,McLaren,9.0
2001,2001-07-01,McLaren,13.0
2001,2001-08-01,McLaren,6.0
2001,2001-09-01,McLaren,23.0
2001,2001-10-01,McLaren,7.0
2002,2002-03-01,McLaren,8.0
2002,2002-04-01,McLaren,5.0
2002,2002-05-01,McLaren,11.0
2002,2002-06-01,McLaren,13.0
2002,2002-07-01,McLaren,12.0
2002,2002-08-01,McLaren,5.0
2002,2002-09-01,McLaren,7.0
2002,2002-10-01,McLaren,4.0
2003,2003-03-01,McLaren,26.0
2003,2003-04-01,McLaren,25.0
2003,2003-05-01,McLaren,12.0
2003,2003-06-01,McLaren,13.0
2003,2003-07-01,McLaren,19.0
2003,2003-08-01,McLaren,20.0
2003,2003-09-01,McLaren,13.0
2003,2003-10-01,McLaren,14.0
2004,2004-03-01,McLaren,4.0
2004,2004-04-01,McLaren,1.0
2004,2004-05-01,McLaren,0.0
2004,2004-06-01,McLaren,12.0
2004,2004-07-01,McLaren,20.0
2004,2004-08-01,McLaren,12.0
2004,2004-09-01,McLaren,9.0
2004,2004-10-01,McLaren,11.0
2005,2005-03-01,McLaren,9.0
2005,2005-04-01,McLaren,16.0
2005,2005-05-01,McLaren,28.0
2005,2005-06-01,McLaren,10.0
2005,2005-07-01,McLaren,42.0
2005,2005-08-01,McLaren,16.0
2005,2005-09-01,McLaren,43.0
2005,2005-10-01,McLaren,18.0
2006,2006-03-01,McLaren,15.0
2006,2006-04-01,McLaren,18.0
2006,2006-05-01,McLaren,17.0
2006,2006-06-01,McLaren,15.0
2006,2006-07-01,McLaren,12.0
2006,2006-08-01,McLaren,12.0
2006,2006-09-01,McLaren,8.0
2006,2006-10-01,McLaren,13.0
2007,2007-03-01,McLaren,14.0
2007,2007-04-01,McLaren,30.0
2007,2007-05-01,McLaren,32.0
2007,2007-06-01,McLaren,30.0
2007,2007-07-01,McLaren,32.0
2007,2007-08-01,McLaren,25.0
2007,2007-09-01,McLaren,39.0
2007,2007-10-01,McLaren,16.0
2008,2008-03-01,McLaren,24.0
2008,2008-04-01,McLaren,10.0
2008,2008-05-01,McLaren,19.0
2008,2008-06-01,McLaren,5.0
2008,2008-07-01,McLaren,28.0
2008,2008-08-01,McLaren,27.0
2008,2008-09-01,McLaren,22.0
2008,2008-10-01,McLaren,10.0
2008,2008-11-01,McLaren,6.0
2009,2009-03-01,McLaren,0.0
2009,2009-04-01,McLaren,13.0
2009,2009-05-01,McLaren,0.0
2009,2009-06-01,McLaren,0.0
2009,2009-07-01,McLaren,15.0
2009,2009-08-01,McLaren,16.0
2009,2009-09-01,McLaren,15.0
2009,2009-10-01,McLaren,12.0
2009,2009-11-01,McLaren,0.0
2010,2010-03-01,McLaren,54.0
2010,2010-04-01,McLaren,55.0
2010,2010-05-01,McLaren,63.0
2010,2010-06-01,McLaren,76.0
2010,2010-07-01,McLaren,52.0
2010,2010-08-01,McLaren,29.0
2010,2010-09-01,McLaren,30.0
2010,2010-10-01,McLaren,40.0
2010,2010-11-01,McLaren,55.0
2011,2011-03-01,McLaren,26.0
2011,2011-04-01,McLaren,59.0
2011,2011-05-01,McLaren,76.0
2011,2011-06-01,McLaren,45.0
2011,2011-07-01,McLaren,74.0
2011,2011-08-01,McLaren,15.0
2011,2011-09-01,McLaren,58.0
2011,2011-10-01,McLaren,89.0
2011,2011-11-01,McLaren,55.0
2012,2012-03-01,McLaren,55.0
2012,2012-04-01,McLaren,37.0
2012,2012-05-01,McLaren,16.0
2012,2012-06-01,McLaren,29.0
2012,2012-07-01,McLaren,56.0
2012,2012-09-01,McLaren,68.0
2012,2012-10-01,McLaren,45.0
2012,2012-11-01,McLaren,72.0
2013,2013-03-01,McLaren,4.0
2013,2013-04-01,McLaren,19.0
2013,2013-05-01,McLaren,14.0
2013,2013-06-01,McLaren,0.0
2013,2013-07-01,McLaren,20.0
2013,2013-08-01,McLaren,8.0
2013,2013-09-01,McLaren,11.0
2013,2013-10-01,McLaren,17.0
2013,2013-11-01,McLaren,29.0
2014,2014-03-01,McLaren,43.0
2014,2014-04-01,McLaren,0.0
2014,2014-05-01,McLaren,9.0
2014,2014-06-01,McLaren,20.0
2014,2014-07-01,McLaren,25.0
2014,2014-08-01,McLaren,8.0
2014,2014-09-01,McLaren,6.0
2014,2014-10-01,McLaren,32.0
2014,2014-11-01,McLaren,38.0
2015,2015-03-01,McLaren,0.0
2015,2015-04-01,McLaren,0.0
2015,2015-05-01,McLaren,4.0
2015,2015-06-01,McLaren,0.0
2015,2015-07-01,McLaren,13.0
2015,2015-08-01,McLaren,0.0
2015,2015-09-01,McLaren,0.0
2015,2015-10-01,McLaren,10.0
2015,2015-11-01,McLaren,0.0
2016,2016-03-01,McLaren,0.0
2016,2016-04-01,McLaren,1.0
2016,2016-05-01,McLaren,23.0
2016,2016-06-01,McLaren,0.0
2016,2016-07-01,McLaren,18.0
2016,2016-08-01,McLaren,6.0
2016,2016-09-01,McLaren,6.0
2016,2016-10-01,McLaren,20.0
2016,2016-11-01,McLaren,2.0
2017,2017-03-01,McLaren,0.0
2017,2017-04-01,McLaren,0.0
2017,2017-05-01,McLaren,0.0
2017,2017-06-01,McLaren,2.0
2017,2017-07-01,McLaren,9.0
2017,2017-08-01,McLaren,0.0
2017,2017-09-01,McLaren,6.0
2017,2017-10-01,McLaren,7.0
2017,2017-11-01,McLaren,6.0
2018,2018-03-01,McLaren,12.0
2018,2018-04-01,McLaren,24.0
2018,2018-05-01,McLaren,4.0
2018,2018-06-01,McLaren,0.0
2018,2018-07-01,McLaren,12.0
2018,2018-08-01,McLaren,0.0
2018,2018-09-01,McLaren,6.0
2018,2018-10-01,McLaren,4.0
2018,2018-11-01,McLaren,0.0
2019,2019-03-01,McLaren,8.0
2019,2019-04-01,McLaren,10.0
2019,2019-05-01,McLaren,12.0
2019,2019-06-01,McLaren,22.0
2019,2019-07-01,McLaren,18.0
2019,2019-08-01,McLaren,12.0
2019,2019-09-01,McLaren,19.0
2019,2019-10-01,McLaren,10.0
2019,2019-11-01,McLaren,29.0
2019,2019-12-01,McLaren,5.0
2020,2020-07-01,McLaren,41.0
2020,2020-08-01,McLaren,27.0
2020,2020-09-01,McLaren,38.0
2020,2020-10-01,McLaren,18.0
2020,2020-11-01,McLaren,47.0
2020,2020-12-01,McLaren,31.0
2021,2021-03-01,McLaren,18.0
2021,2021-04-01,McLaren,23.0
2021,2021-05-01,McLaren,39.0
2021,2021-06-01,McLaren,40.0
2021,2021-07-01,McLaren,43.0
2021,2021-08-01,McLaren,6.0
2021,2021-09-01,McLaren,65.0
2021,2021-10-01,McLaren,20.0
2021,2021-11-01,McLaren,4.0
2021,2021-12-01,McLaren,17.0
2022,2022-03-01,McLaren,6.0
2022,2022-04-01,McLaren,40.0
2022,2022-05-01,McLaren,13.0
2022,2022-06-01,McLaren,6.0
2022,2022-07-01,McLaren,30.0
2022,2022-08-01,McLaren,0.0
2022,2022-09-01,McLaren,12.0
2022,2022-10-01,McLaren,39.0
2022,2022-11-01,McLaren,13.0
2023,2023-03-01,McLaren,0.0
2023,2023-04-01,McLaren,14.0
2023,2023-05-01,McLaren,3.0
2023,2023-06-01,McLaren,0.0
2023,2023-07-01,McLaren,86.0
2023,2023-08-01,McLaren,8.0
2023,2023-09-01,McLaren,61.0
2023,2023-10-01,McLaren,84.0
2023,2023-11-01,McLaren,46.0
2024,2024-03-01,McLaren,55.0
2024,2024-04-01,McLaren,41.0
2024,2024-05-01,McLaren,88.0
2024,2024-06-01,McLaren,84.0
2024,2024-07-01,McLaren,98.0
2024,2024-08-01,McLaren,38.0
2024,2024-09-01,McLaren,112.0
2024,2024-10-01,McLaren,50.0
2024,2024-11-01,McLaren,42.0
2024,2024-12-01,McLaren,58.0
2025,2025-03-01,McLaren,70.0
2025,2025-04-01,McLaren,110.0
2025,2025-05-01,McLaren,116.0
2025,2025-06-01,McLaren,98.0
2025,2025-07-01,McLaren,86.0
2025,2025-08-01,McLaren,68.0
2002,2002-03-01,BMW Sauber,0.0
2006,2006-03-01,BMW Sauber,2.0
2006,2006-04-01,BMW Sauber,8.0
2006,2006-05-01,BMW Sauber,4.0
2006,2006-06-01,BMW Sauber,5.0
2006,2006-07-01,BMW Sauber,1.0
2006,2006-08-01,BMW Sauber,6.0
2006,2006-09-01,BMW Sauber,7.0
2006,2006-10-01,BMW Sauber,3.0
2007,2007-03-01,BMW Sauber,5.0
2007,2007-04-01,BMW Sauber,13.0
2007,2007-05-01,BMW Sauber,12.0
2007,2007-06-01,BMW Sauber,9.0
2007,2007-07-01,BMW Sauber,22.0
2007,2007-08-01,BMW Sauber,16.0
2007,2007-09-01,BMW Sauber,15.0
2007,2007-10-01,BMW Sauber,9.0
2008,2008-03-01,BMW Sauber,19.0
2008,2008-04-01,BMW Sauber,16.0
2008,2008-05-01,BMW Sauber,17.0
2008,2008-06-01,BMW Sauber,22.0
2008,2008-07-01,BMW Sauber,15.0
2008,2008-08-01,BMW Sauber,7.0
2008,2008-09-01,BMW Sauber,24.0
2008,2008-10-01,BMW Sauber,15.0
2008,2008-11-01,BMW Sauber,0.0
2009,2009-03-01,BMW Sauber,0.0
2009,2009-04-01,BMW Sauber,4.0
2009,2009-05-01,BMW Sauber,2.0
2009,2009-06-01,BMW Sauber,2.0
2009,2009-07-01,BMW Sauber,0.0
2009,2009-08-01,BMW Sauber,10.0
2009,2009-09-01,BMW Sauber,3.0
2009,2009-10-01,BMW Sauber,11.0
2009,2009-11-01,BMW Sauber,4.0
1975,1975-01-01,Williams,0.0
1975,1975-03-01,Williams,0.0
1975,1975-04-01,Williams,0.0
1975,1975-05-01,Williams,0.0
1975,1975-06-01,Williams,0.0
1975,1975-07-01,Williams,0.0
1975,1975-08-01,Williams,6.0
1975,1975-09-01,Williams,0.0
1975,1975-10-01,Williams,0.0
1976,1976-01-01,Williams,0.0
1976,1976-05-01,Williams,0.0
1978,1978-01-01,Williams,0.0
1978,1978-03-01,Williams,3.0
1978,1978-04-01,Williams,0.0
1978,1978-05-01,Williams,0.0
1978,1978-06-01,Williams,0.0
1978,1978-07-01,Williams,2.0
1978,1978-08-01,Williams,0.0
1978,1978-09-01,Williams,0.0
1978,1978-10-01,Williams,6.0
1979,1979-01-01,Williams,0.0
1979,1979-02-01,Williams,0.0
1979,1979-03-01,Williams,0.0
1979,1979-04-01,Williams,4.0
1979,1979-05-01,Williams,6.0
1979,1979-07-01,Williams,28.0
1979,1979-08-01,Williams,20.0
1979,1979-09-01,Williams,17.0
1979,1979-10-01,Williams,0.0
1980,1980-01-01,Williams,13.0
1980,1980-03-01,Williams,2.0
1980,1980-05-01,Williams,19.0
1980,1980-06-01,Williams,10.0
1980,1980-07-01,Williams,13.0
1980,1980-08-01,Williams,23.0
1980,1980-09-01,Williams,25.0
1980,1980-10-01,Williams,15.0
1981,1981-03-01,Williams,30.0
1981,1981-04-01,Williams,9.0
1981,1981-05-01,Williams,19.0
1981,1981-06-01,Williams,3.0
1981,1981-07-01,Williams,6.0
1981,1981-08-01,Williams,9.0
1981,1981-09-01,Williams,10.0
1981,1981-10-01,Williams,9.0
1982,1982-01-01,Williams,8.0
1982,1982-03-01,Williams,0.0
1982,1982-04-01,Williams,6.0
1982,1982-05-01,Williams,7.0
1982,1982-06-01,Williams,5.0
1982,1982-07-01,Williams,10.0
1982,1982-08-01,Williams,19.0
1982,1982-09-01,Williams,3.0
1983,1983-03-01,Williams,6.0
1983,1983-04-01,Williams,3.0
1983,1983-05-01,Williams,15.0
1983,1983-06-01,Williams,11.0
1983,1983-07-01,Williams,0.0
1983,1983-08-01,Williams,1.0
1983,1983-09-01,Williams,0.0
1983,1983-10-01,Williams,2.0
1984,1984-03-01,Williams,6.0
1984,1984-04-01,Williams,3.0
1984,1984-05-01,Williams,1.0
1984,1984-06-01,Williams,3.5
1984,1984-07-01,Williams,12.0
1984,1984-08-01,Williams,0.0
1984,1984-09-01,Williams,0.0
1984,1984-10-01,Williams,0.0
1985,1985-04-01,Williams,2.0
1985,1985-05-01,Williams,2.0
1985,1985-06-01,Williams,13.0
1985,1985-07-01,Williams,6.0
1985,1985-08-01,Williams,2.0
1985,1985-09-01,Williams,9.0
1985,1985-10-01,Williams,28.0
1985,1985-11-01,Williams,9.0
1986,1986-03-01,Williams,9.0
1986,1986-04-01,Williams,12.0
1986,1986-05-01,Williams,12.0
1986,1986-06-01,Williams,15.0
1986,1986-07-01,Williams,41.0
1986,1986-08-01,Williams,13.0
1986,1986-09-01,Williams,28.0
1986,1986-10-01,Williams,11.0
1987,1987-04-01,Williams,7.0
1987,1987-05-01,Williams,15.0
1987,1987-06-01,Williams,8.0
1987,1987-07-01,Williams,39.0
1987,1987-08-01,Williams,24.0
1987,1987-09-01,Williams,29.0
1987,1987-10-01,Williams,15.0
1987,1987-11-01,Williams,0.0
1988,1988-04-01,Williams,0.0
1988,1988-05-01,Williams,1.0
1988,1988-06-01,Williams,0.0
1988,1988-07-01,Williams,6.0
1988,1988-08-01,Williams,1.0
1988,1988-09-01,Williams,0.0
1988,1988-10-01,Williams,9.0
1988,1988-11-01,Williams,3.0
1989,1989-03-01,Williams,0.0
1989,1989-04-01,Williams,3.0
1989,1989-05-01,Williams,6.0
1989,1989-06-01,Williams,22.0
1989,1989-07-01,Williams,7.0
1989,1989-08-01,Williams,7.0
1989,1989-09-01,Williams,7.0
1989,1989-10-01,Williams,12.0
1989,1989-11-01,Williams,13.0
1990,1990-03-01,Williams,6.0
1990,1990-05-01,Williams,12.0
1990,1990-06-01,Williams,2.0
1990,1990-07-01,Williams,10.0
1990,1990-08-01,Williams,12.0
1990,1990-09-01,Williams,7.0
1990,1990-10-01,Williams,5.0
1990,1990-11-01,Williams,3.0
1991,1991-03-01,Williams,6.0
1991,1991-04-01,Williams,0.0
1991,1991-05-01,Williams,6.0
1991,1991-06-01,Williams,21.0
1991,1991-07-01,Williams,38.0
1991,1991-08-01,Williams,12.0
1991,1991-09-01,Williams,34.0
1991,1991-10-01,Williams,4.0
1991,1991-11-01,Williams,4.0
1992,1992-03-01,Williams,32.0
1992,1992-04-01,Williams,16.0
1992,1992-05-01,Williams,36.0
1992,1992-06-01,Williams,0.0
1992,1992-07-01,Williams,42.0
1992,1992-08-01,Williams,16.0
1992,1992-09-01,Williams,12.0
1992,1992-10-01,Williams,10.0
1992,1992-11-01,Williams,0.0
1993,1993-03-01,Williams,16.0
1993,1993-04-01,Williams,20.0
1993,1993-05-01,Williams,19.0
1993,1993-06-01,Williams,14.0
1993,1993-07-01,Williams,36.0
1993,1993-08-01,Williams,24.0
1993,1993-09-01,Williams,20.0
1993,1993-10-01,Williams,9.0
1993,1993-11-01,Williams,10.0
1994,1994-03-01,Williams,6.0
1994,1994-04-01,Williams,0.0
1994,1994-05-01,Williams,11.0
1994,1994-06-01,Williams,8.0
1994,1994-07-01,Williams,18.0
1994,1994-08-01,Williams,19.0
1994,1994-09-01,Williams,27.0
1994,1994-10-01,Williams,6.0
1994,1994-11-01,Williams,23.0
1995,1995-03-01,Williams,6.0
1995,1995-04-01,Williams,23.0
1995,1995-05-01,Williams,9.0
1995,1995-06-01,Williams,0.0
1995,1995-07-01,Williams,20.0
1995,1995-08-01,Williams,22.0
1995,1995-09-01,Williams,14.0
1995,1995-10-01,Williams,14.0
1995,1995-11-01,Williams,10.0
1996,1996-03-01,Williams,26.0
1996,1996-04-01,Williams,29.0
1996,1996-05-01,Williams,10.0
1996,1996-06-01,Williams,36.0
1996,1996-07-01,Williams,24.0
1996,1996-08-01,Williams,24.0
1996,1996-09-01,Williams,16.0
1996,1996-10-01,Williams,10.0
1997,1997-03-01,Williams,10.0
1997,1997-04-01,Williams,20.0
1997,1997-05-01,Williams,10.0
1997,1997-06-01,Williams,12.0
1997,1997-07-01,Williams,10.0
1997,1997-08-01,Williams,16.0
1997,1997-09-01,Williams,34.0
1997,1997-10-01,Williams,11.0
1998,1998-03-01,Williams,8.0
1998,1998-04-01,Williams,5.0
1998,1998-05-01,Williams,3.0
1998,1998-06-01,Williams,3.0
1998,1998-07-01,Williams,1.0
1998,1998-08-01,Williams,13.0
1998,1998-09-01,Williams,2.0
1998,1998-11-01,Williams,3.0
1999,1999-03-01,Williams,4.0
1999,1999-04-01,Williams,3.0
1999,1999-05-01,Williams,2.0
1999,1999-06-01,Williams,6.0
1999,1999-07-01,Williams,4.0
1999,1999-08-01,Williams,5.0
1999,1999-09-01,Williams,9.0
1999,1999-10-01,Williams,2.0
2000,2000-03-01,Williams,7.0
2000,2000-04-01,Williams,5.0
2000,2000-05-01,Williams,3.0
2000,2000-06-01,Williams,0.0
2000,2000-07-01,Williams,7.0
2000,2000-08-01,Williams,8.0
2000,2000-09-01,Williams,4.0
2000,2000-10-01,Williams,2.0
2001,2001-03-01,Williams,2.0
2001,2001-04-01,Williams,16.0
2001,2001-05-01,Williams,0.0
2001,2001-06-01,Williams,19.0
2001,2001-07-01,Williams,19.0
2001,2001-08-01,Williams,3.0
2001,2001-09-01,Williams,14.0
2001,2001-10-01,Williams,7.0
2002,2002-03-01,Williams,30.0
2002,2002-04-01,Williams,13.0
2002,2002-05-01,Williams,11.0
2002,2002-06-01,Williams,3.0
2002,2002-07-01,Williams,19.0
2002,2002-08-01,Williams,4.0
2002,2002-09-01,Williams,9.0
2002,2002-10-01,Williams,3.0
2003,2003-03-01,Williams,14.0
2003,2003-04-01,Williams,9.0
2003,2003-05-01,Williams,12.0
2003,2003-06-01,Williams,47.0
2003,2003-07-01,Williams,26.0
2003,2003-08-01,Williams,21.0
2003,2003-09-01,Williams,15.0
2003,2003-10-01,Williams,0.0
2004,2004-03-01,Williams,17.0
2004,2004-04-01,Williams,10.0
2004,2004-05-01,Williams,9.0
2004,2004-06-01,Williams,0.0
2004,2004-07-01,Williams,11.0
2004,2004-08-01,Williams,7.0
2004,2004-09-01,Williams,10.0
2004,2004-10-01,Williams,24.0
2005,2005-03-01,Williams,10.0
2005,2005-04-01,Williams,8.0
2005,2005-05-01,Williams,25.0
2005,2005-06-01,Williams,4.0
2005,2005-07-01,Williams,5.0
2005,2005-08-01,Williams,0.0
2005,2005-09-01,Williams,7.0
2005,2005-10-01,Williams,7.0
2006,2006-03-01,Williams,5.0
2006,2006-04-01,Williams,3.0
2006,2006-05-01,Williams,2.0
2006,2006-06-01,Williams,0.0
2006,2006-07-01,Williams,0.0
2006,2006-08-01,Williams,0.0
2006,2006-09-01,Williams,0.0
2006,2006-10-01,Williams,1.0
2007,2007-03-01,Williams,2.0
2007,2007-04-01,Williams,0.0
2007,2007-05-01,Williams,5.0
2007,2007-06-01,Williams,6.0
2007,2007-07-01,Williams,5.0
2007,2007-08-01,Williams,4.0
2007,2007-09-01,Williams,6.0
2007,2007-10-01,Williams,5.0
2008,2008-03-01,Williams,9.0
2008,2008-04-01,Williams,3.0
2008,2008-05-01,Williams,3.0
2008,2008-06-01,Williams,0.0
2008,2008-07-01,Williams,1.0
2008,2008-08-01,Williams,1.0
2008,2008-09-01,Williams,9.0
2008,2008-10-01,Williams,0.0
2008,2008-11-01,Williams,0.0
2009,2009-03-01,Williams,3.0
2009,2009-04-01,Williams,0.5
2009,2009-05-01,Williams,4.0
2009,2009-06-01,Williams,8.0
2009,2009-07-01,Williams,10.0
2009,2009-08-01,Williams,5.0
2009,2009-09-01,Williams,0.0
2009,2009-10-01,Williams,4.0
2009,2009-11-01,Williams,0.0
2010,2010-03-01,Williams,5.0
2010,2010-04-01,Williams,1.0
2010,2010-05-01,Williams,2.0
2010,2010-06-01,Williams,12.0
2010,2010-07-01,Williams,11.0
2010,2010-08-01,Williams,9.0
2010,2010-09-01,Williams,16.0
2010,2010-10-01,Williams,9.0
2010,2010-11-01,Williams,4.0
2011,2011-03-01,Williams,0.0
2011,2011-04-01,Williams,0.0
2011,2011-05-01,Williams,2.0
2011,2011-06-01,Williams,2.0
2011,2011-07-01,Williams,0.0
2011,2011-08-01,Williams,1.0
2011,2011-09-01,Williams,0.0
2011,2011-10-01,Williams,0.0
2011,2011-11-01,Williams,0.0
2012,2012-03-01,Williams,8.0
2012,2012-04-01,Williams,10.0
2012,2012-05-01,Williams,26.0
2012,2012-06-01,Williams,1.0
2012,2012-07-01,Williams,8.0
2012,2012-09-01,Williams,1.0
2012,2012-10-01,Williams,5.0
2012,2012-11-01,Williams,17.0
2013,2013-03-01,Williams,0.0
2013,2013-04-01,Williams,0.0
2013,2013-05-01,Williams,0.0
2013,2013-06-01,Williams,0.0
2013,2013-07-01,Williams,1.0
2013,2013-08-01,Williams,0.0
2013,2013-09-01,Williams,0.0
2013,2013-10-01,Williams,0.0
2013,2013-11-01,Williams,4.0
2014,2014-03-01,Williams,20.0
2014,2014-04-01,Williams,16.0
2014,2014-05-01,Williams,16.0
2014,2014-06-01,Williams,33.0
2014,2014-07-01,Williams,50.0
2014,2014-08-01,Williams,15.0
2014,2014-09-01,Williams,37.0
2014,2014-10-01,Williams,29.0
2014,2014-11-01,Williams,104.0
2015,2015-03-01,Williams,30.0
2015,2015-04-01,Williams,31.0
2015,2015-05-01,Williams,20.0
2015,2015-06-01,Williams,48.0
2015,2015-07-01,Williams,22.0
2015,2015-08-01,Williams,10.0
2015,2015-09-01,Williams,47.0
2015,2015-10-01,Williams,12.0
2015,2015-11-01,Williams,37.0
2016,2016-03-01,Williams,14.0
2016,2016-04-01,Williams,15.0
2016,2016-05-01,Williams,37.0
2016,2016-06-01,Williams,24.0
2016,2016-07-01,Williams,6.0
2016,2016-08-01,Williams,5.0
2016,2016-09-01,Williams,10.0
2016,2016-10-01,Williams,25.0
2016,2016-11-01,Williams,2.0
2017,2017-03-01,Williams,8.0
2017,2017-04-01,Williams,10.0
2017,2017-05-01,Williams,2.0
2017,2017-06-01,Williams,17.0
2017,2017-07-01,Williams,4.0
2017,2017-08-01,Williams,4.0
2017,2017-09-01,Williams,14.0
2017,2017-10-01,Williams,17.0
2017,2017-11-01,Williams,7.0
2018,2018-03-01,Williams,0.0
2018,2018-04-01,Williams,4.0
2018,2018-05-01,Williams,0.0
2018,2018-06-01,Williams,0.0
2018,2018-07-01,Williams,0.0
2018,2018-08-01,Williams,0.0
2018,2018-09-01,Williams,3.0
2018,2018-10-01,Williams,0.0
2018,2018-11-01,Williams,0.0
2019,2019-03-01,Williams,0.0
2019,2019-04-01,Williams,0.0
2019,2019-05-01,Williams,0.0
2019,2019-06-01,Williams,0.0
2019,2019-07-01,Williams,1.0
2019,2019-08-01,Williams,0.0
2019,2019-09-01,Williams,0.0
2019,2019-10-01,Williams,0.0
2019,2019-11-01,Williams,0.0
2019,2019-12-01,Williams,0.0
2020,2020-07-01,Williams,0.0
2020,2020-08-01,Williams,0.0
2020,2020-09-01,Williams,0.0
2020,2020-10-01,Williams,0.0
2020,2020-11-01,Williams,0.0
2020,2020-12-01,Williams,0.0
2021,2021-03-01,Williams,0.0
2021,2021-04-01,Williams,0.0
2021,2021-05-01,Williams,0.0
2021,2021-06-01,Williams,0.0
2021,2021-07-01,Williams,0.0
2021,2021-08-01,Williams,20.0
2021,2021-09-01,Williams,3.0
2021,2021-10-01,Williams,0.0
2021,2021-11-01,Williams,0.0
2021,2021-12-01,Williams,0.0
2022,2022-03-01,Williams,0.0
2022,2022-04-01,Williams,1.0
2022,2022-05-01,Williams,2.0
2022,2022-06-01,Williams,0.0
2022,2022-07-01,Williams,0.0
2022,2022-08-01,Williams,1.0
2022,2022-09-01,Williams,2.0
2022,2022-10-01,Williams,2.0
2022,2022-11-01,Williams,0.0
2023,2023-03-01,Williams,1.0
2023,2023-04-01,Williams,0.0
2023,2023-05-01,Williams,0.0
2023,2023-06-01,Williams,6.0
2023,2023-07-01,Williams,4.0
2023,2023-08-01,Williams,4.0
2023,2023-09-01,Williams,6.0
2023,2023-10-01,Williams,7.0
2023,2023-11-01,Williams,0.0
2024,2024-03-01,Williams,0.0
2024,2024-04-01,Williams,0.0
2024,2024-05-01,Williams,2.0
2024,2024-06-01,Williams,0.0
2024,2024-07-01,Williams,2.0
2024,2024-08-01,Williams,0.0
2024,2024-09-01,Williams,12.0
2024,2024-10-01,Williams,1.0
2024,2024-11-01,Williams,0.0
2024,2024-12-01,Williams,0.0
2025,2025-03-01,Williams,17.0
2025,2025-04-01,Williams,8.0
2025,2025-05-01,Williams,29.0
2025,2025-06-01,Williams,1.0
2025,2025-07-01,Williams,12.0
2025,2025-08-01,Williams,10.0
1977,1977-07-01,Renault,0.0
1977,1977-08-01,Renault,0.0
1977,1977-09-01,Renault,0.0
1977,1977-10-01,Renault,0.0
1978,1978-03-01,Renault,0.0
1978,1978-04-01,Renault,0.0
1978,1978-05-01,Renault,0.0
1978,1978-06-01,Renault,0.0
1978,1978-07-01,Renault,0.0
1978,1978-08-01,Renault,0.0
1978,1978-09-01,Renault,0.0
1978,1978-10-01,Renault,3.0
1979,1979-01-01,Renault,0.0
1979,1979-02-01,Renault,0.0
1979,1979-03-01,Renault,0.0
1979,1979-04-01,Renault,0.0
1979,1979-05-01,Renault,0.0
1979,1979-07-01,Renault,19.0
1979,1979-08-01,Renault,1.0
1979,1979-09-01,Renault,0.0
1979,1979-10-01,Renault,6.0
1980,1980-01-01,Renault,9.0
1980,1980-03-01,Renault,9.0
1980,1980-05-01,Renault,3.0
1980,1980-06-01,Renault,2.0
1980,1980-07-01,Renault,0.0
1980,1980-08-01,Renault,15.0
1980,1980-09-01,Renault,0.0
1980,1980-10-01,Renault,0.0
1981,1981-03-01,Renault,0.0
1981,1981-04-01,Renault,6.0
1981,1981-05-01,Renault,0.0
1981,1981-06-01,Renault,0.0
1981,1981-07-01,Renault,12.0
1981,1981-08-01,Renault,21.0
1981,1981-09-01,Renault,9.0
1981,1981-10-01,Renault,6.0
1982,1982-01-01,Renault,13.0
1982,1982-03-01,Renault,9.0
1982,1982-04-01,Renault,0.0
1982,1982-05-01,Renault,0.0
1982,1982-06-01,Renault,0.0
1982,1982-07-01,Renault,16.0
1982,1982-08-01,Renault,12.0
1982,1982-09-01,Renault,12.0
1983,1983-03-01,Renault,0.0
1983,1983-04-01,Renault,13.0
1983,1983-05-01,Renault,23.0
1983,1983-06-01,Renault,8.0
1983,1983-07-01,Renault,9.0
1983,1983-08-01,Renault,15.0
1983,1983-09-01,Renault,10.0
1983,1983-10-01,Renault,1.0
1984,1984-03-01,Renault,2.0
1984,1984-04-01,Renault,10.0
1984,1984-05-01,Renault,9.0
1984,1984-06-01,Renault,0.0
1984,1984-07-01,Renault,6.0
1984,1984-08-01,Renault,7.0
1984,1984-09-01,Renault,0.0
1984,1984-10-01,Renault,0.0
1985,1985-04-01,Renault,6.0
1985,1985-05-01,Renault,6.0
1985,1985-06-01,Renault,0.0
1985,1985-07-01,Renault,3.0
1985,1985-08-01,Renault,0.0
1985,1985-09-01,Renault,1.0
1985,1985-10-01,Renault,0.0
1985,1985-11-01,Renault,0.0
2002,2002-03-01,Renault,6.0
2002,2002-04-01,Renault,2.0
2002,2002-05-01,Renault,3.0
2002,2002-06-01,Renault,3.0
2002,2002-07-01,Renault,1.0
2002,2002-08-01,Renault,0.0
2002,2002-09-01,Renault,7.0
2002,2002-10-01,Renault,1.0
2003,2003-03-01,Renault,16.0
2003,2003-04-01,Renault,10.0
2003,2003-05-01,Renault,9.0
2003,2003-06-01,Renault,17.0
2003,2003-07-01,Renault,3.0
2003,2003-08-01,Renault,23.0
2003,2003-09-01,Renault,6.0
2003,2003-10-01,Renault,4.0
2004,2004-03-01,Renault,14.0
2004,2004-04-01,Renault,17.0
2004,2004-05-01,Renault,30.0
2004,2004-06-01,Renault,5.0
2004,2004-07-01,Renault,19.0
2004,2004-08-01,Renault,6.0
2004,2004-09-01,Renault,5.0
2004,2004-10-01,Renault,9.0
2005,2005-03-01,Renault,26.0
2005,2005-04-01,Renault,20.0
2005,2005-05-01,Renault,30.0
2005,2005-06-01,Renault,0.0
2005,2005-07-01,Renault,41.0
2005,2005-08-01,Renault,13.0
2005,2005-09-01,Renault,32.0
2005,2005-10-01,Renault,29.0
2006,2006-03-01,Renault,28.0
2006,2006-04-01,Renault,23.0
2006,2006-05-01,Renault,40.0
2006,2006-06-01,Renault,30.0
2006,2006-07-01,Renault,28.0
2006,2006-08-01,Renault,11.0
2006,2006-09-01,Renault,5.0
2006,2006-10-01,Renault,41.0
2007,2007-03-01,Renault,4.0
2007,2007-04-01,Renault,5.0
2007,2007-05-01,Renault,7.0
2007,2007-06-01,Renault,9.0
2007,2007-07-01,Renault,7.0
2007,2007-08-01,Renault,4.0
2007,2007-09-01,Renault,15.0
2007,2007-10-01,Renault,0.0
2008,2008-03-01,Renault,6.0
2008,2008-04-01,Renault,0.0
2008,2008-05-01,Renault,3.0
2008,2008-06-01,Renault,3.0
2008,2008-07-01,Renault,11.0
2008,2008-08-01,Renault,8.0
2008,2008-09-01,Renault,20.0
2008,2008-10-01,Renault,21.0
2008,2008-11-01,Renault,8.0
2009,2009-03-01,Renault,4.0
2009,2009-04-01,Renault,1.0
2009,2009-05-01,Renault,6.0
2009,2009-06-01,Renault,0.0
2009,2009-07-01,Renault,2.0
2009,2009-08-01,Renault,3.0
2009,2009-09-01,Renault,10.0
2009,2009-10-01,Renault,0.0
2009,2009-11-01,Renault,0.0
2010,2010-03-01,Renault,18.0
2010,2010-04-01,Renault,28.0
2010,2010-05-01,Renault,27.0
2010,2010-06-01,Renault,16.0
2010,2010-07-01,Renault,7.0
2010,2010-08-01,Renault,27.0
2010,2010-09-01,Renault,10.0
2010,2010-10-01,Renault,10.0
2010,2010-11-01,Renault,20.0
2011,2011-03-01,Renault,15.0
2011,2011-04-01,Renault,17.0
2011,2011-05-01,Renault,18.0
2011,2011-06-01,Renault,11.0
2011,2011-07-01,Renault,5.0
2011,2011-08-01,Renault,2.0
2011,2011-09-01,Renault,2.0
2011,2011-10-01,Renault,2.0
2011,2011-11-01,Renault,1.0
2016,2016-03-01,Renault,0.0
2016,2016-04-01,Renault,0.0
2016,2016-05-01,Renault,6.0
2016,2016-06-01,Renault,0.0
2016,2016-07-01,Renault,0.0
2016,2016-08-01,Renault,0.0
2016,2016-09-01,Renault,1.0
2016,2016-10-01,Renault,1.0
2016,2016-11-01,Renault,0.0
2017,2017-03-01,Renault,0.0
2017,2017-04-01,Renault,6.0
2017,2017-05-01,Renault,8.0
2017,2017-06-01,Renault,4.0
2017,2017-07-01,Renault,8.0
2017,2017-08-01,Renault,8.0
2017,2017-09-01,Renault,8.0
2017,2017-10-01,Renault,6.0
2017,2017-11-01,Renault,9.0
2018,2018-03-01,Renault,7.0
2018,2018-04-01,Renault,28.0
2018,2018-05-01,Renault,11.0
2018,2018-06-01,Renault,16.0
2018,2018-07-01,Renault,20.0
2018,2018-08-01,Renault,0.0
2018,2018-09-01,Renault,9.0
2018,2018-10-01,Renault,23.0
2018,2018-11-01,Renault,8.0
2019,2019-03-01,Renault,6.0
2019,2019-04-01,Renault,6.0
2019,2019-05-01,Renault,2.0
2019,2019-06-01,Renault,18.0
2019,2019-07-01,Renault,7.0
2019,2019-08-01,Renault,0.0
2019,2019-09-01,Renault,29.0
2019,2019-10-01,Renault,5.0
2019,2019-11-01,Renault,18.0
2019,2019-12-01,Renault,0.0
2020,2020-07-01,Renault,12.0
2020,2020-08-01,Renault,47.0
2020,2020-09-01,Renault,40.0
2020,2020-10-01,Renault,21.0
2020,2020-11-01,Renault,24.0
2020,2020-12-01,Renault,37.0
2006,2006-03-01,Toro Rosso,0.0
2006,2006-04-01,Toro Rosso,0.0
2006,2006-05-01,Toro Rosso,0.0
2006,2006-06-01,Toro Rosso,0.0
2006,2006-07-01,Toro Rosso,1.0
2006,2006-08-01,Toro Rosso,0.0
2006,2006-09-01,Toro Rosso,0.0
2006,2006-10-01,Toro Rosso,0.0
2007,2007-03-01,Toro Rosso,0.0
2007,2007-04-01,Toro Rosso,0.0
2007,2007-05-01,Toro Rosso,0.0
2007,2007-06-01,Toro Rosso,0.0
2007,2007-07-01,Toro Rosso,0.0
2007,2007-08-01,Toro Rosso,0.0
2007,2007-09-01,Toro Rosso,0.0
2007,2007-10-01,Toro Rosso,8.0
2008,2008-03-01,Toro Rosso,2.0
2008,2008-04-01,Toro Rosso,0.0
2008,2008-05-01,Toro Rosso,4.0
2008,2008-06-01,Toro Rosso,1.0
2008,2008-07-01,Toro Rosso,1.0
2008,2008-08-01,Toro Rosso,3.0
2008,2008-09-01,Toro Rosso,20.0
2008,2008-10-01,Toro Rosso,3.0
2008,2008-11-01,Toro Rosso,5.0
2009,2009-03-01,Toro Rosso,3.0
2009,2009-04-01,Toro Rosso,1.0
2009,2009-05-01,Toro Rosso,1.0
2009,2009-06-01,Toro Rosso,0.0
2009,2009-07-01,Toro Rosso,0.0
2009,2009-08-01,Toro Rosso,0.0
2009,2009-09-01,Toro Rosso,0.0
2009,2009-10-01,Toro Rosso,2.0
2009,2009-11-01,Toro Rosso,1.0
2010,2010-03-01,Toro Rosso,0.0
2010,2010-04-01,Toro Rosso,2.0
2010,2010-05-01,Toro Rosso,2.0
2010,2010-06-01,Toro Rosso,6.0
2010,2010-07-01,Toro Rosso,0.0
2010,2010-08-01,Toro Rosso,0.0
2010,2010-09-01,Toro Rosso,0.0
2010,2010-10-01,Toro Rosso,1.0
2010,2010-11-01,Toro Rosso,2.0
2011,2011-03-01,Toro Rosso,4.0
2011,2011-04-01,Toro Rosso,0.0
2011,2011-05-01,Toro Rosso,3.0
2011,2011-06-01,Toro Rosso,9.0
2011,2011-07-01,Toro Rosso,6.0
2011,2011-08-01,Toro Rosso,0.0
2011,2011-09-01,Toro Rosso,7.0
2011,2011-10-01,Toro Rosso,12.0
2011,2011-11-01,Toro Rosso,0.0
2012,2012-03-01,Toro Rosso,6.0
2012,2012-04-01,Toro Rosso,0.0
2012,2012-05-01,Toro Rosso,0.0
2012,2012-06-01,Toro Rosso,0.0
2012,2012-07-01,Toro Rosso,0.0
2012,2012-09-01,Toro Rosso,8.0
2012,2012-10-01,Toro Rosso,7.0
2012,2012-11-01,Toro Rosso,5.0
2013,2013-03-01,Toro Rosso,1.0
2013,2013-04-01,Toro Rosso,6.0
2013,2013-05-01,Toro Rosso,5.0
2013,2013-06-01,Toro Rosso,12.0
2013,2013-07-01,Toro Rosso,0.0
2013,2013-08-01,Toro Rosso,1.0
2013,2013-09-01,Toro Rosso,6.0
2013,2013-10-01,Toro Rosso,1.0
2013,2013-11-01,Toro Rosso,1.0
2014,2014-03-01,Toro Rosso,7.0
2014,2014-04-01,Toro Rosso,1.0
2014,2014-05-01,Toro Rosso,0.0
2014,2014-06-01,Toro Rosso,4.0
2014,2014-07-01,Toro Rosso,5.0
2014,2014-08-01,Toro Rosso,2.0
2014,2014-09-01,Toro Rosso,8.0
2014,2014-10-01,Toro Rosso,2.0
2014,2014-11-01,Toro Rosso,1.0
2015,2015-03-01,Toro Rosso,12.0
2015,2015-04-01,Toro Rosso,0.0
2015,2015-05-01,Toro Rosso,3.0
2015,2015-06-01,Toro Rosso,4.0
2015,2015-07-01,Toro Rosso,12.0
2015,2015-08-01,Toro Rosso,4.0
2015,2015-09-01,Toro Rosso,9.0
2015,2015-10-01,Toro Rosso,19.0
2015,2015-11-01,Toro Rosso,4.0
2016,2016-03-01,Toro Rosso,3.0
2016,2016-04-01,Toro Rosso,14.0
2016,2016-05-01,Toro Rosso,13.0
2016,2016-06-01,Toro Rosso,2.0
2016,2016-07-01,Toro Rosso,13.0
2016,2016-08-01,Toro Rosso,0.0
2016,2016-09-01,Toro Rosso,2.0
2016,2016-10-01,Toro Rosso,8.0
2016,2016-11-01,Toro Rosso,8.0
2017,2017-03-01,Toro Rosso,6.0
2017,2017-04-01,Toro Rosso,7.0
2017,2017-05-01,Toro Rosso,16.0
2017,2017-06-01,Toro Rosso,4.0
2017,2017-07-01,Toro Rosso,6.0
2017,2017-08-01,Toro Rosso,1.0
2017,2017-09-01,Toro Rosso,12.0
2017,2017-10-01,Toro Rosso,1.0
2017,2017-11-01,Toro Rosso,0.0
2018,2018-03-01,Toro Rosso,0.0
2018,2018-04-01,Toro Rosso,13.0
2018,2018-05-01,Toro Rosso,6.0
2018,2018-06-01,Toro Rosso,0.0
2018,2018-07-01,Toro Rosso,9.0
2018,2018-08-01,Toro Rosso,2.0
2018,2018-09-01,Toro Rosso,0.0
2018,2018-10-01,Toro Rosso,3.0
2018,2018-11-01,Toro Rosso,0.0
2019,2019-03-01,Toro Rosso,3.0
2019,2019-04-01,Toro Rosso,1.0
2019,2019-05-01,Toro Rosso,12.0
2019,2019-06-01,Toro Rosso,1.0
2019,2019-07-01,Toro Rosso,25.0
2019,2019-08-01,Toro Rosso,1.0
2019,2019-09-01,Toro Rosso,12.0
2019,2019-10-01,Toro Rosso,9.0
2019,2019-11-01,Toro Rosso,19.0
2019,2019-12-01,Toro Rosso,2.0
1958,1958-01-01,Ferrari,6.0
1958,1958-05-01,Ferrari,8.0
1958,1958-06-01,Ferrari,6.0
1958,1958-07-01,Ferrari,16.0
1958,1958-08-01,Ferrari,9.0
1958,1958-09-01,Ferrari,6.0
1958,1958-10-01,Ferrari,10.0
1959,1959-05-01,Ferrari,8.0
1959,1959-07-01,Ferrari,8.0
1959,1959-08-01,Ferrari,12.0
1959,1959-09-01,Ferrari,6.0
1959,1959-12-01,Ferrari,4.0
1960,1960-02-01,Ferrari,8.0
1960,1960-05-01,Ferrari,4.0
1960,1960-06-01,Ferrari,5.0
1960,1960-07-01,Ferrari,1.0
1960,1960-08-01,Ferrari,3.0
1960,1960-09-01,Ferrari,8.0
1961,1961-05-01,Ferrari,15.0
1961,1961-06-01,Ferrari,9.0
1961,1961-07-01,Ferrari,28.0
1961,1961-08-01,Ferrari,6.0
1961,1961-09-01,Ferrari,9.0
1962,1962-05-01,Ferrari,4.0
1962,1962-06-01,Ferrari,10.0
1962,1962-07-01,Ferrari,0.0
1962,1962-08-01,Ferrari,1.0
1962,1962-09-01,Ferrari,3.0
1963,1963-05-01,Ferrari,3.0
1963,1963-06-01,Ferrari,4.0
1963,1963-07-01,Ferrari,6.0
1963,1963-08-01,Ferrari,9.0
1963,1963-09-01,Ferrari,0.0
1963,1963-10-01,Ferrari,2.0
1963,1963-12-01,Ferrari,2.0
1964,1964-05-01,Ferrari,6.0
1964,1964-06-01,Ferrari,0.0
1964,1964-07-01,Ferrari,4.0
1964,1964-08-01,Ferrari,18.0
1964,1964-09-01,Ferrari,9.0
1964,1964-10-01,Ferrari,12.0
1965,1965-01-01,Ferrari,6.0
1965,1965-05-01,Ferrari,6.0
1965,1965-06-01,Ferrari,4.0
1965,1965-07-01,Ferrari,4.0
1965,1965-08-01,Ferrari,1.0
1965,1965-09-01,Ferrari,3.0
1965,1965-10-01,Ferrari,3.0
1966,1966-05-01,Ferrari,6.0
1966,1966-06-01,Ferrari,9.0
1966,1966-07-01,Ferrari,7.0
1966,1966-08-01,Ferrari,1.0
1966,1966-09-01,Ferrari,9.0
1966,1966-10-01,Ferrari,0.0
1967,1967-05-01,Ferrari,4.0
1967,1967-06-01,Ferrari,7.0
1967,1967-07-01,Ferrari,4.0
1967,1967-08-01,Ferrari,5.0
1967,1967-09-01,Ferrari,0.0
1967,1967-10-01,Ferrari,0.0
1968,1968-01-01,Ferrari,3.0
1968,1968-05-01,Ferrari,0.0
1968,1968-06-01,Ferrari,7.0
1968,1968-07-01,Ferrari,15.0
1968,1968-08-01,Ferrari,3.0
1968,1968-09-01,Ferrari,4.0
1968,1968-10-01,Ferrari,0.0
1968,1968-11-01,Ferrari,0.0
1969,1969-03-01,Ferrari,0.0
1969,1969-05-01,Ferrari,0.0
1969,1969-06-01,Ferrari,4.0
1969,1969-07-01,Ferrari,0.0
1969,1969-09-01,Ferrari,1.0
1969,1969-10-01,Ferrari,2.0
1970,1970-03-01,Ferrari,0.0
1970,1970-04-01,Ferrari,0.0
1970,1970-05-01,Ferrari,0.0
1970,1970-06-01,Ferrari,7.0
1970,1970-07-01,Ferrari,3.0
1970,1970-08-01,Ferrari,21.0
1970,1970-09-01,Ferrari,18.0
1970,1970-10-01,Ferrari,12.0
1971,1971-03-01,Ferrari,9.0
1971,1971-04-01,Ferrari,6.0
1971,1971-05-01,Ferrari,4.0
1971,1971-06-01,Ferrari,9.0
1971,1971-07-01,Ferrari,0.0
1971,1971-08-01,Ferrari,4.0
1971,1971-09-01,Ferrari,0.0
1971,1971-10-01,Ferrari,1.0
1972,1972-01-01,Ferrari,4.0
1972,1972-03-01,Ferrari,3.0
1972,1972-05-01,Ferrari,12.0
1972,1972-06-01,Ferrari,0.0
1972,1972-07-01,Ferrari,10.0
1972,1972-08-01,Ferrari,0.0
1972,1972-09-01,Ferrari,2.0
1972,1972-10-01,Ferrari,2.0
1973,1973-01-01,Ferrari,3.0
1973,1973-02-01,Ferrari,3.0
1973,1973-03-01,Ferrari,3.0
1973,1973-04-01,Ferrari,0.0
1973,1973-05-01,Ferrari,0.0
1973,1973-06-01,Ferrari,1.0
1973,1973-07-01,Ferrari,2.0
1973,1973-08-01,Ferrari,0.0
1973,1973-09-01,Ferrari,0.0
1973,1973-10-01,Ferrari,0.0
1974,1974-01-01,Ferrari,12.0
1974,1974-03-01,Ferrari,0.0
1974,1974-04-01,Ferrari,9.0
1974,1974-05-01,Ferrari,9.0
1974,1974-06-01,Ferrari,9.0
1974,1974-07-01,Ferrari,9.0
1974,1974-08-01,Ferrari,11.0
1974,1974-09-01,Ferrari,6.0
1974,1974-10-01,Ferrari,0.0
1975,1975-01-01,Ferrari,6.0
1975,1975-03-01,Ferrari,2.0
1975,1975-04-01,Ferrari,0.0
1975,1975-05-01,Ferrari,18.0
1975,1975-06-01,Ferrari,15.0
1975,1975-07-01,Ferrari,9.0
1975,1975-08-01,Ferrari,4.5
1975,1975-09-01,Ferrari,9.0
1975,1975-10-01,Ferrari,9.0
1976,1976-01-01,Ferrari,9.0
1976,1976-03-01,Ferrari,18.0
1976,1976-05-01,Ferrari,24.0
1976,1976-06-01,Ferrari,4.0
1976,1976-07-01,Ferrari,9.0
1976,1976-08-01,Ferrari,6.0
1976,1976-09-01,Ferrari,6.0
1976,1976-10-01,Ferrari,7.0
1977,1977-01-01,Ferrari,13.0
1977,1977-03-01,Ferrari,9.0
1977,1977-04-01,Ferrari,6.0
1977,1977-05-01,Ferrari,12.0
1977,1977-06-01,Ferrari,10.0
1977,1977-07-01,Ferrari,17.0
1977,1977-08-01,Ferrari,15.0
1977,1977-09-01,Ferrari,6.0
1977,1977-10-01,Ferrari,9.0
1978,1978-01-01,Ferrari,9.0
1978,1978-03-01,Ferrari,0.0
1978,1978-04-01,Ferrari,9.0
1978,1978-05-01,Ferrari,4.0
1978,1978-06-01,Ferrari,0.0
1978,1978-07-01,Ferrari,9.0
1978,1978-08-01,Ferrari,5.0
1978,1978-09-01,Ferrari,4.0
1978,1978-10-01,Ferrari,18.0
1979,1979-01-01,Ferrari,0.0
1979,1979-02-01,Ferrari,3.0
1979,1979-03-01,Ferrari,15.0
1979,1979-04-01,Ferrari,18.0
1979,1979-05-01,Ferrari,18.0
1979,1979-07-01,Ferrari,11.0
1979,1979-08-01,Ferrari,15.0
1979,1979-09-01,Ferrari,24.0
1979,1979-10-01,Ferrari,9.0
1980,1980-01-01,Ferrari,0.0
1980,1980-03-01,Ferrari,2.0
1980,1980-05-01,Ferrari,3.0
1980,1980-06-01,Ferrari,0.0
1980,1980-07-01,Ferrari,0.0
1980,1980-08-01,Ferrari,1.0
1980,1980-09-01,Ferrari,2.0
1980,1980-10-01,Ferrari,0.0
1981,1981-03-01,Ferrari,0.0
1981,1981-04-01,Ferrari,0.0
1981,1981-05-01,Ferrari,17.0
1981,1981-06-01,Ferrari,9.0
1981,1981-07-01,Ferrari,2.0
1981,1981-08-01,Ferrari,0.0
1981,1981-09-01,Ferrari,6.0
1981,1981-10-01,Ferrari,0.0
1982,1982-01-01,Ferrari,0.0
1982,1982-03-01,Ferrari,1.0
1982,1982-04-01,Ferrari,15.0
1982,1982-05-01,Ferrari,6.0
1982,1982-06-01,Ferrari,4.0
1982,1982-07-01,Ferrari,26.0
1982,1982-08-01,Ferrari,12.0
1982,1982-09-01,Ferrari,10.0
1983,1983-03-01,Ferrari,6.0
1983,1983-04-01,Ferrari,3.0
1983,1983-05-01,Ferrari,22.0
1983,1983-06-01,Ferrari,13.0
1983,1983-07-01,Ferrari,6.0
1983,1983-08-01,Ferrari,30.0
1983,1983-09-01,Ferrari,9.0
1983,1983-10-01,Ferrari,0.0
1984,1984-03-01,Ferrari,0.0
1984,1984-04-01,Ferrari,13.0
1984,1984-05-01,Ferrari,9.0
1984,1984-06-01,Ferrari,4.5
1984,1984-07-01,Ferrari,9.0
1984,1984-08-01,Ferrari,5.0
1984,1984-09-01,Ferrari,6.0
1984,1984-10-01,Ferrari,11.0
1985,1985-04-01,Ferrari,15.0
1985,1985-05-01,Ferrari,7.0
1985,1985-06-01,Ferrari,25.0
1985,1985-07-01,Ferrari,9.0
1985,1985-08-01,Ferrari,19.0
1985,1985-09-01,Ferrari,2.0
1985,1985-10-01,Ferrari,3.0
1985,1985-11-01,Ferrari,2.0
1986,1986-03-01,Ferrari,0.0
1986,1986-04-01,Ferrari,3.0
1986,1986-05-01,Ferrari,7.0
1986,1986-06-01,Ferrari,3.0
1986,1986-07-01,Ferrari,0.0
1986,1986-08-01,Ferrari,13.0
1986,1986-09-01,Ferrari,7.0
1986,1986-10-01,Ferrari,4.0
1987,1987-04-01,Ferrari,3.0
1987,1987-05-01,Ferrari,11.0
1987,1987-06-01,Ferrari,3.0
1987,1987-07-01,Ferrari,0.0
1987,1987-08-01,Ferrari,0.0
1987,1987-09-01,Ferrari,9.0
1987,1987-10-01,Ferrari,0.0
1987,1987-11-01,Ferrari,27.0
1988,1988-04-01,Ferrari,8.0
1988,1988-05-01,Ferrari,19.0
1988,1988-06-01,Ferrari,0.0
1988,1988-07-01,Ferrari,14.0
1988,1988-08-01,Ferrari,3.0
1988,1988-09-01,Ferrari,17.0
1988,1988-10-01,Ferrari,4.0
1988,1988-11-01,Ferrari,0.0
1989,1989-03-01,Ferrari,9.0
1989,1989-04-01,Ferrari,0.0
1989,1989-05-01,Ferrari,0.0
1989,1989-06-01,Ferrari,0.0
1989,1989-07-01,Ferrari,16.0
1989,1989-08-01,Ferrari,13.0
1989,1989-09-01,Ferrari,15.0
1989,1989-10-01,Ferrari,6.0
1989,1989-11-01,Ferrari,0.0
1990,1990-03-01,Ferrari,12.0
1990,1990-05-01,Ferrari,3.0
1990,1990-06-01,Ferrari,21.0
1990,1990-07-01,Ferrari,21.0
1990,1990-08-01,Ferrari,6.0
1990,1990-09-01,Ferrari,37.0
1990,1990-10-01,Ferrari,0.0
1990,1990-11-01,Ferrari,10.0
1991,1991-03-01,Ferrari,10.0
1991,1991-04-01,Ferrari,0.0
1991,1991-05-01,Ferrari,6.0
1991,1991-06-01,Ferrari,0.0
1991,1991-07-01,Ferrari,17.0
1991,1991-08-01,Ferrari,2.0
1991,1991-09-01,Ferrari,17.0
1991,1991-10-01,Ferrari,3.0
1991,1991-11-01,Ferrari,0.5
1992,1992-03-01,Ferrari,0.0
1992,1992-04-01,Ferrari,5.0
1992,1992-05-01,Ferrari,4.0
1992,1992-06-01,Ferrari,4.0
1992,1992-07-01,Ferrari,2.0
1992,1992-08-01,Ferrari,1.0
1992,1992-09-01,Ferrari,0.0
1992,1992-10-01,Ferrari,2.0
1992,1992-11-01,Ferrari,3.0
1993,1993-03-01,Ferrari,1.0
1993,1993-04-01,Ferrari,0.0
1993,1993-05-01,Ferrari,5.0
1993,1993-06-01,Ferrari,3.0
1993,1993-07-01,Ferrari,1.0
1993,1993-08-01,Ferrari,4.0
1993,1993-09-01,Ferrari,9.0
1993,1993-10-01,Ferrari,0.0
1993,1993-11-01,Ferrari,5.0
1994,1994-03-01,Ferrari,4.0
1994,1994-04-01,Ferrari,6.0
1994,1994-05-01,Ferrari,15.0
1994,1994-06-01,Ferrari,7.0
1994,1994-07-01,Ferrari,20.0
1994,1994-08-01,Ferrari,0.0
1994,1994-09-01,Ferrari,6.0
1994,1994-10-01,Ferrari,2.0
1994,1994-11-01,Ferrari,11.0
1995,1995-03-01,Ferrari,6.0
1995,1995-04-01,Ferrari,17.0
1995,1995-05-01,Ferrari,8.0
1995,1995-06-01,Ferrari,10.0
1995,1995-07-01,Ferrari,12.0
1995,1995-08-01,Ferrari,4.0
1995,1995-09-01,Ferrari,5.0
1995,1995-10-01,Ferrari,11.0
1995,1995-11-01,Ferrari,0.0
1996,1996-03-01,Ferrari,8.0
1996,1996-04-01,Ferrari,8.0
1996,1996-05-01,Ferrari,9.0
1996,1996-06-01,Ferrari,10.0
1996,1996-07-01,Ferrari,3.0
1996,1996-08-01,Ferrari,10.0
1996,1996-09-01,Ferrari,16.0
1996,1996-10-01,Ferrari,6.0
1997,1997-03-01,Ferrari,8.0
1997,1997-04-01,Ferrari,16.0
1997,1997-05-01,Ferrari,17.0
1997,1997-06-01,Ferrari,24.0
1997,1997-07-01,Ferrari,6.0
1997,1997-08-01,Ferrari,13.0
1997,1997-09-01,Ferrari,2.0
1997,1997-10-01,Ferrari,16.0
1998,1998-03-01,Ferrari,7.0
1998,1998-04-01,Ferrari,24.0
1998,1998-05-01,Ferrari,8.0
1998,1998-06-01,Ferrari,30.0
1998,1998-07-01,Ferrari,21.0
1998,1998-08-01,Ferrari,12.0
1998,1998-09-01,Ferrari,25.0
1998,1998-11-01,Ferrari,6.0
1999,1999-03-01,Ferrari,10.0
1999,1999-04-01,Ferrari,8.0
1999,1999-05-01,Ferrari,33.0
1999,1999-06-01,Ferrari,7.0
1999,1999-07-01,Ferrari,16.0
1999,1999-08-01,Ferrari,23.0
1999,1999-09-01,Ferrari,5.0
1999,1999-10-01,Ferrari,26.0
2000,2000-03-01,Ferrari,26.0
2000,2000-04-01,Ferrari,17.0
2000,2000-05-01,Ferrari,19.0
2000,2000-06-01,Ferrari,22.0
2000,2000-07-01,Ferrari,18.0
2000,2000-08-01,Ferrari,15.0
2000,2000-09-01,Ferrari,26.0
2000,2000-10-01,Ferrari,27.0
2001,2001-03-01,Ferrari,30.0
2001,2001-04-01,Ferrari,20.0
2001,2001-05-01,Ferrari,26.0
2001,2001-06-01,Ferrari,18.0
2001,2001-07-01,Ferrari,30.0
2001,2001-08-01,Ferrari,16.0
2001,2001-09-01,Ferrari,27.0
2001,2001-10-01,Ferrari,12.0
2002,2002-03-01,Ferrari,24.0
2002,2002-04-01,Ferrari,26.0
2002,2002-05-01,Ferrari,22.0
2002,2002-06-01,Ferrari,30.0
2002,2002-07-01,Ferrari,39.0
2002,2002-08-01,Ferrari,16.0
2002,2002-09-01,Ferrari,48.0
2002,2002-10-01,Ferrari,16.0
2003,2003-03-01,Ferrari,16.0
2003,2003-04-01,Ferrari,16.0
2003,2003-05-01,Ferrari,32.0
2003,2003-06-01,Ferrari,31.0
2003,2003-07-01,Ferrari,23.0
2003,2003-08-01,Ferrari,3.0
2003,2003-09-01,Ferrari,26.0
2003,2003-10-01,Ferrari,11.0
2004,2004-03-01,Ferrari,33.0
2004,2004-04-01,Ferrari,31.0
2004,2004-05-01,Ferrari,42.0
2004,2004-06-01,Ferrari,36.0
2004,2004-07-01,Ferrari,42.0
2004,2004-08-01,Ferrari,32.0
2004,2004-09-01,Ferrari,28.0
2004,2004-10-01,Ferrari,18.0
2005,2005-03-01,Ferrari,10.0
2005,2005-04-01,Ferrari,8.0
2005,2005-05-01,Ferrari,13.0
2005,2005-06-01,Ferrari,32.0
2005,2005-07-01,Ferrari,23.0
2005,2005-08-01,Ferrari,0.0
2005,2005-09-01,Ferrari,12.0
2005,2005-10-01,Ferrari,2.0
2006,2006-03-01,Ferrari,15.0
2006,2006-04-01,Ferrari,15.0
2006,2006-05-01,Ferrari,33.0
2006,2006-06-01,Ferrari,24.0
2006,2006-07-01,Ferrari,52.0
2006,2006-08-01,Ferrari,19.0
2006,2006-09-01,Ferrari,10.0
2006,2006-10-01,Ferrari,33.0
2007,2007-03-01,Ferrari,13.0
2007,2007-04-01,Ferrari,26.0
2007,2007-05-01,Ferrari,17.0
2007,2007-06-01,Ferrari,15.0
2007,2007-07-01,Ferrari,40.0
2007,2007-08-01,Ferrari,26.0
2007,2007-09-01,Ferrari,33.0
2007,2007-10-01,Ferrari,34.0
2008,2008-03-01,Ferrari,11.0
2008,2008-04-01,Ferrari,36.0
2008,2008-05-01,Ferrari,22.0
2008,2008-06-01,Ferrari,22.0
2008,2008-07-01,Ferrari,14.0
2008,2008-08-01,Ferrari,16.0
2008,2008-09-01,Ferrari,13.0
2008,2008-10-01,Ferrari,22.0
2008,2008-11-01,Ferrari,16.0
2009,2009-03-01,Ferrari,0.0
2009,2009-04-01,Ferrari,3.0
2009,2009-05-01,Ferrari,14.0
2009,2009-06-01,Ferrari,9.0
2009,2009-07-01,Ferrari,14.0
2009,2009-08-01,Ferrari,16.0
2009,2009-09-01,Ferrari,6.0
2009,2009-10-01,Ferrari,8.0
2009,2009-11-01,Ferrari,0.0
2010,2010-03-01,Ferrari,70.0
2010,2010-04-01,Ferrari,20.0
2010,2010-05-01,Ferrari,56.0
2010,2010-06-01,Ferrari,19.0
2010,2010-07-01,Ferrari,43.0
2010,2010-08-01,Ferrari,42.0
2010,2010-09-01,Ferrari,69.0
2010,2010-10-01,Ferrari,55.0
2010,2010-11-01,Ferrari,22.0
2011,2011-03-01,Ferrari,18.0
2011,2011-04-01,Ferrari,32.0
2011,2011-05-01,Ferrari,43.0
2011,2011-06-01,Ferrari,36.0
2011,2011-07-01,Ferrari,86.0
2011,2011-08-01,Ferrari,16.0
2011,2011-09-01,Ferrari,37.0
2011,2011-10-01,Ferrari,57.0
2011,2011-11-01,Ferrari,50.0
2012,2012-03-01,Ferrari,35.0
2012,2012-04-01,Ferrari,10.0
2012,2012-05-01,Ferrari,41.0
2012,2012-06-01,Ferrari,36.0
2012,2012-07-01,Ferrari,67.0
2012,2012-09-01,Ferrari,56.0
2012,2012-10-01,Ferrari,71.0
2012,2012-11-01,Ferrari,84.0
2013,2013-03-01,Ferrari,40.0
2013,2013-04-01,Ferrari,37.0
2013,2013-05-01,Ferrari,46.0
2013,2013-06-01,Ferrari,45.0
2013,2013-07-01,Ferrari,26.0
2013,2013-08-01,Ferrari,24.0
2013,2013-09-01,Ferrari,56.0
2013,2013-10-01,Ferrari,35.0
2013,2013-11-01,Ferrari,45.0
2014,2014-03-01,Ferrari,30.0
2014,2014-04-01,Ferrari,22.0
2014,2014-05-01,Ferrari,26.0
2014,2014-06-01,Ferrari,20.0
2014,2014-07-01,Ferrari,44.0
2014,2014-08-01,Ferrari,18.0
2014,2014-09-01,Ferrari,18.0
2014,2014-10-01,Ferrari,10.0
2014,2014-11-01,Ferrari,28.0
2015,2015-03-01,Ferrari,52.0
2015,2015-04-01,Ferrari,55.0
2015,2015-05-01,Ferrari,51.0
2015,2015-06-01,Ferrari,34.0
2015,2015-07-01,Ferrari,44.0
2015,2015-08-01,Ferrari,6.0
2015,2015-09-01,Ferrari,95.0
2015,2015-10-01,Ferrari,37.0
2015,2015-11-01,Ferrari,54.0
2016,2016-03-01,Ferrari,15.0
2016,2016-04-01,Ferrari,46.0
2016,2016-05-01,Ferrari,60.0
2016,2016-06-01,Ferrari,56.0
2016,2016-07-01,Ferrari,65.0
2016,2016-08-01,Ferrari,10.0
2016,2016-09-01,Ferrari,49.0
2016,2016-10-01,Ferrari,64.0
2016,2016-11-01,Ferrari,33.0
2017,2017-03-01,Ferrari,37.0
2017,2017-04-01,Ferrari,98.0
2017,2017-05-01,Ferrari,61.0
2017,2017-06-01,Ferrari,30.0
2017,2017-07-01,Ferrari,92.0
2017,2017-08-01,Ferrari,30.0
2017,2017-09-01,Ferrari,25.0
2017,2017-10-01,Ferrari,82.0
2017,2017-11-01,Ferrari,67.0
2018,2018-03-01,Ferrari,40.0
2018,2018-04-01,Ferrari,74.0
2018,2018-05-01,Ferrari,42.0
2018,2018-06-01,Ferrari,58.0
2018,2018-07-01,Ferrari,121.0
2018,2018-08-01,Ferrari,25.0
2018,2018-09-01,Ferrari,82.0
2018,2018-10-01,Ferrari,88.0
2018,2018-11-01,Ferrari,41.0
2019,2019-03-01,Ferrari,48.0
2019,2019-04-01,Ferrari,51.0
2019,2019-05-01,Ferrari,40.0
2019,2019-06-01,Ferrari,89.0
2019,2019-07-01,Ferrari,33.0
2019,2019-08-01,Ferrari,27.0
2019,2019-09-01,Ferrari,121.0
2019,2019-10-01,Ferrari,57.0
2019,2019-11-01,Ferrari,13.0
2019,2019-12-01,Ferrari,25.0
2020,2020-07-01,Ferrari,27.0
2020,2020-08-01,Ferrari,34.0
2020,2020-09-01,Ferrari,13.0
2020,2020-10-01,Ferrari,19.0
2020,2020-11-01,Ferrari,38.0
2020,2020-12-01,Ferrari,0.0
2021,2021-03-01,Ferrari,12.0
2021,2021-04-01,Ferrari,22.0
2021,2021-05-01,Ferrari,44.0
2021,2021-06-01,Ferrari,30.0
2021,2021-07-01,Ferrari,40.0
2021,2021-08-01,Ferrari,17.5
2021,2021-09-01,Ferrari,51.0
2021,2021-10-01,Ferrari,34.0
2021,2021-11-01,Ferrari,47.0
2021,2021-12-01,Ferrari,26.0
2022,2022-03-01,Ferrari,78.0
2022,2022-04-01,Ferrari,46.0
2022,2022-05-01,Ferrari,75.0
2022,2022-06-01,Ferrari,29.0
2022,2022-07-01,Ferrari,106.0
2022,2022-08-01,Ferrari,23.0
2022,2022-09-01,Ferrari,49.0
2022,2022-10-01,Ferrari,81.0
2022,2022-11-01,Ferrari,67.0
2023,2023-03-01,Ferrari,26.0
2023,2023-04-01,Ferrari,36.0
2023,2023-05-01,Ferrari,28.0
2023,2023-06-01,Ferrari,32.0
2023,2023-07-01,Ferrari,69.0
2023,2023-08-01,Ferrari,10.0
2023,2023-09-01,Ferrari,84.0
2023,2023-10-01,Ferrari,64.0
2023,2023-11-01,Ferrari,57.0
2024,2024-03-01,Ferrari,93.0
2024,2024-04-01,Ferrari,58.0
2024,2024-05-01,Ferrari,101.0
2024,2024-06-01,Ferrari,39.0
2024,2024-07-01,Ferrari,54.0
2024,2024-08-01,Ferrari,25.0
2024,2024-09-01,Ferrari,71.0
2024,2024-10-01,Ferrari,96.0
2024,2024-11-01,Ferrari,47.0
2024,2024-12-01,Ferrari,68.0
2025,2025-03-01,Ferrari,5.0
2025,2025-04-01,Ferrari,61.0
2025,2025-05-01,Ferrari,58.0
2025,2025-06-01,Ferrari,68.0
2025,2025-07-01,Ferrari,33.0
2025,2025-08-01,Ferrari,12.0
2002,2002-03-01,Toyota,2.0
2002,2002-04-01,Toyota,0.0
2002,2002-05-01,Toyota,0.0
2002,2002-06-01,Toyota,0.0
2002,2002-07-01,Toyota,0.0
2002,2002-08-01,Toyota,0.0
2002,2002-09-01,Toyota,0.0
2002,2002-10-01,Toyota,0.0
2003,2003-03-01,Toyota,0.0
2003,2003-04-01,Toyota,0.0
2003,2003-05-01,Toyota,3.0
2003,2003-06-01,Toyota,1.0
2003,2003-07-01,Toyota,3.0
2003,2003-08-01,Toyota,7.0
2003,2003-09-01,Toyota,0.0
2003,2003-10-01,Toyota,2.0
2004,2004-03-01,Toyota,0.0
2004,2004-04-01,Toyota,0.0
2004,2004-05-01,Toyota,4.0
2004,2004-06-01,Toyota,4.0
2004,2004-07-01,Toyota,0.0
2004,2004-08-01,Toyota,1.0
2004,2004-09-01,Toyota,0.0
2004,2004-10-01,Toyota,0.0
2005,2005-03-01,Toyota,12.0
2005,2005-04-01,Toyota,17.0
2005,2005-05-01,Toyota,15.0
2005,2005-06-01,Toyota,3.0
2005,2005-07-01,Toyota,21.0
2005,2005-08-01,Toyota,3.0
2005,2005-09-01,Toyota,10.0
2005,2005-10-01,Toyota,7.0
2006,2006-03-01,Toyota,1.0
2006,2006-04-01,Toyota,6.0
2006,2006-05-01,Toyota,1.0
2006,2006-06-01,Toyota,3.0
2006,2006-07-01,Toyota,12.0
2006,2006-08-01,Toyota,5.0
2006,2006-09-01,Toyota,2.0
2006,2006-10-01,Toyota,5.0
2007,2007-03-01,Toyota,1.0
2007,2007-04-01,Toyota,4.0
2007,2007-05-01,Toyota,0.0
2007,2007-06-01,Toyota,4.0
2007,2007-07-01,Toyota,0.0
2007,2007-08-01,Toyota,3.0
2007,2007-09-01,Toyota,0.0
2007,2007-10-01,Toyota,1.0
2008,2008-03-01,Toyota,5.0
2008,2008-04-01,Toyota,4.0
2008,2008-05-01,Toyota,0.0
2008,2008-06-01,Toyota,14.0
2008,2008-07-01,Toyota,2.0
2008,2008-08-01,Toyota,16.0
2008,2008-09-01,Toyota,5.0
2008,2008-10-01,Toyota,6.0
2008,2008-11-01,Toyota,4.0
2009,2009-03-01,Toyota,11.0
2009,2009-04-01,Toyota,15.5
2009,2009-05-01,Toyota,0.0
2009,2009-06-01,Toyota,8.0
2009,2009-07-01,Toyota,4.0
2009,2009-08-01,Toyota,0.0
2009,2009-09-01,Toyota,8.0
2009,2009-10-01,Toyota,8.0
2009,2009-11-01,Toyota,5.0
2006,2006-03-01,Super Aguri,0.0
2006,2006-04-01,Super Aguri,0.0
2006,2006-05-01,Super Aguri,0.0
2006,2006-06-01,Super Aguri,0.0
2006,2006-07-01,Super Aguri,0.0
2006,2006-08-01,Super Aguri,0.0
2006,2006-09-01,Super Aguri,0.0
2006,2006-10-01,Super Aguri,0.0
2007,2007-03-01,Super Aguri,0.0
2007,2007-04-01,Super Aguri,0.0
2007,2007-05-01,Super Aguri,1.0
2007,2007-06-01,Super Aguri,3.0
2007,2007-07-01,Super Aguri,0.0
2007,2007-08-01,Super Aguri,0.0
2007,2007-09-01,Super Aguri,0.0
2007,2007-10-01,Super Aguri,0.0
2008,2008-03-01,Super Aguri,0.0
2008,2008-04-01,Super Aguri,0.0
2005,2005-03-01,Red Bull,11.0
2005,2005-04-01,Red Bull,2.0
2005,2005-05-01,Red Bull,6.0
2005,2005-06-01,Red Bull,3.0
2005,2005-07-01,Red Bull,2.0
2005,2005-08-01,Red Bull,3.0
2005,2005-09-01,Red Bull,0.0
2005,2005-10-01,Red Bull,7.0
2006,2006-03-01,Red Bull,1.0
2006,2006-04-01,Red Bull,1.0
2006,2006-05-01,Red Bull,6.0
2006,2006-06-01,Red Bull,1.0
2006,2006-07-01,Red Bull,3.0
2006,2006-08-01,Red Bull,4.0
2006,2006-09-01,Red Bull,0.0
2006,2006-10-01,Red Bull,0.0
2007,2007-03-01,Red Bull,0.0
2007,2007-04-01,Red Bull,0.0
2007,2007-05-01,Red Bull,4.0
2007,2007-06-01,Red Bull,2.0
2007,2007-07-01,Red Bull,10.0
2007,2007-08-01,Red Bull,0.0
2007,2007-09-01,Red Bull,7.0
2007,2007-10-01,Red Bull,1.0
2008,2008-03-01,Red Bull,2.0
2008,2008-04-01,Red Bull,6.0
2008,2008-05-01,Red Bull,7.0
2008,2008-06-01,Red Bull,9.0
2008,2008-07-01,Red Bull,0.0
2008,2008-08-01,Red Bull,0.0
2008,2008-09-01,Red Bull,4.0
2008,2008-10-01,Red Bull,1.0
2008,2008-11-01,Red Bull,0.0
2009,2009-03-01,Red Bull,0.0
2009,2009-04-01,Red Bull,27.5
2009,2009-05-01,Red Bull,15.0
2009,2009-06-01,Red Bull,32.0
2009,2009-07-01,Red Bull,24.0
2009,2009-08-01,Red Bull,6.0
2009,2009-09-01,Red Bull,6.0
2009,2009-10-01,Red Bull,25.0
2009,2009-11-01,Red Bull,18.0
2010,2010-03-01,Red Bull,18.0
2010,2010-04-01,Red Bull,55.0
2010,2010-05-01,Red Bull,98.0
2010,2010-06-01,Red Bull,47.0
2010,2010-07-01,Red Bull,54.0
2010,2010-08-01,Red Bull,58.0
2010,2010-09-01,Red Bull,53.0
2010,2010-10-01,Red Bull,43.0
2010,2010-11-01,Red Bull,72.0
2011,2011-03-01,Red Bull,35.0
2011,2011-04-01,Red Bull,70.0
2011,2011-05-01,Red Bull,117.0
2011,2011-06-01,Red Bull,73.0
2011,2011-07-01,Red Bull,88.0
2011,2011-08-01,Red Bull,43.0
2011,2011-09-01,Red Bull,65.0
2011,2011-10-01,Red Bull,104.0
2011,2011-11-01,Red Bull,55.0
2012,2012-03-01,Red Bull,42.0
2012,2012-04-01,Red Bull,59.0
2012,2012-05-01,Red Bull,45.0
2012,2012-06-01,Red Bull,30.0
2012,2012-07-01,Red Bull,70.0
2012,2012-09-01,Red Bull,51.0
2012,2012-10-01,Red Bull,110.0
2012,2012-11-01,Red Bull,53.0
2013,2013-03-01,Red Bull,66.0
2013,2013-04-01,Red Bull,43.0
2013,2013-05-01,Red Bull,55.0
2013,2013-06-01,Red Bull,55.0
2013,2013-07-01,Red Bull,58.0
2013,2013-08-01,Red Bull,35.0
2013,2013-09-01,Red Bull,65.0
2013,2013-10-01,Red Bull,93.0
2013,2013-11-01,Red Bull,126.0
2014,2014-03-01,Red Bull,15.0
2014,2014-04-01,Red Bull,42.0
2014,2014-05-01,Red Bull,42.0
2014,2014-06-01,Red Bull,44.0
2014,2014-07-01,Red Bull,76.0
2014,2014-08-01,Red Bull,35.0
2014,2014-09-01,Red Bull,51.0
2014,2014-10-01,Red Bull,37.0
2014,2014-11-01,Red Bull,63.0
2015,2015-03-01,Red Bull,11.0
2015,2015-04-01,Red Bull,12.0
2015,2015-05-01,Red Bull,29.0
2015,2015-06-01,Red Bull,3.0
2015,2015-07-01,Red Bull,41.0
2015,2015-08-01,Red Bull,12.0
2015,2015-09-01,Red Bull,31.0
2015,2015-10-01,Red Bull,11.0
2015,2015-11-01,Red Bull,37.0
2016,2016-03-01,Red Bull,12.0
2016,2016-04-01,Red Bull,45.0
2016,2016-05-01,Red Bull,55.0
2016,2016-06-01,Red Bull,28.0
2016,2016-07-01,Red Bull,116.0
2016,2016-08-01,Red Bull,18.0
2016,2016-09-01,Red Bull,42.0
2016,2016-10-01,Red Bull,111.0
2016,2016-11-01,Red Bull,41.0
2017,2017-03-01,Red Bull,10.0
2017,2017-04-01,Red Bull,47.0
2017,2017-05-01,Red Bull,40.0
2017,2017-06-01,Red Bull,40.0
2017,2017-07-01,Red Bull,47.0
2017,2017-08-01,Red Bull,15.0
2017,2017-09-01,Red Bull,31.0
2017,2017-10-01,Red Bull,110.0
2017,2017-11-01,Red Bull,28.0
2018,2018-03-01,Red Bull,20.0
2018,2018-04-01,Red Bull,35.0
2018,2018-05-01,Red Bull,52.0
2018,2018-06-01,Red Bull,57.0
2018,2018-07-01,Red Bull,59.0
2018,2018-08-01,Red Bull,15.0
2018,2018-09-01,Red Bull,54.0
2018,2018-10-01,Red Bull,70.0
2018,2018-11-01,Red Bull,57.0
2019,2019-03-01,Red Bull,31.0
2019,2019-04-01,Red Bull,33.0
2019,2019-05-01,Red Bull,46.0
2019,2019-06-01,Red Bull,59.0
2019,2019-07-01,Red Bull,48.0
2019,2019-08-01,Red Bull,27.0
2019,2019-09-01,Red Bull,67.0
2019,2019-10-01,Red Bull,30.0
2019,2019-11-01,Red Bull,50.0
2019,2019-12-01,Red Bull,26.0
2020,2020-07-01,Red Bull,55.0
2020,2020-08-01,Red Bull,103.0
2020,2020-09-01,Red Bull,34.0
2020,2020-10-01,Red Bull,34.0
2020,2020-11-01,Red Bull,48.0
2020,2020-12-01,Red Bull,45.0
2021,2021-03-01,Red Bull,28.0
2021,2021-04-01,Red Bull,25.0
2021,2021-05-01,Red Bull,96.0
2021,2021-06-01,Red Bull,103.0
2021,2021-07-01,Red Bull,37.0
2021,2021-08-01,Red Bull,14.5
2021,2021-09-01,Red Bull,61.0
2021,2021-10-01,Red Bull,73.0
2021,2021-11-01,Red Bull,104.0
2021,2021-12-01,Red Bull,44.0
2022,2022-03-01,Red Bull,37.0
2022,2022-04-01,Red Bull,76.0
2022,2022-05-01,Red Bull,122.0
2022,2022-06-01,Red Bull,69.0
2022,2022-07-01,Red Bull,127.0
2022,2022-08-01,Red Bull,44.0
2022,2022-09-01,Red Bull,70.0
2022,2022-10-01,Red Bull,151.0
2022,2022-11-01,Red Bull,63.0
2023,2023-03-01,Red Bull,87.0
2023,2023-04-01,Red Bull,93.0
2023,2023-05-01,Red Bull,69.0
2023,2023-06-01,Red Bull,72.0
2023,2023-07-01,Red Bull,182.0
2023,2023-08-01,Red Bull,37.0
2023,2023-09-01,Red Bull,83.0
2023,2023-10-01,Red Bull,108.0
2023,2023-11-01,Red Bull,129.0
2024,2024-03-01,Red Bull,97.0
2024,2024-04-01,Red Bull,98.0
2024,2024-05-01,Red Bull,81.0
2024,2024-06-01,Red Bull,79.0
2024,2024-07-01,Red Bull,53.0
2024,2024-08-01,Red Bull,26.0
2024,2024-09-01,Red Bull,41.0
2024,2024-10-01,Red Bull,37.0
2024,2024-11-01,Red Bull,43.0
2024,2024-12-01,Red Bull,34.0
2025,2025-03-01,Red Bull,30.0
2025,2025-04-01,Red Bull,53.0
2025,2025-05-01,Red Bull,51.0
2025,2025-06-01,Red Bull,19.0
2025,2025-07-01,Red Bull,22.0
2025,2025-08-01,Red Bull,22.0
2008,2008-03-01,Force India,0.0
2008,2008-04-01,Force India,0.0
2008,2008-05-01,Force India,0.0
2008,2008-06-01,Force India,0.0
2008,2008-07-01,Force India,0.0
2008,2008-08-01,Force India,0.0
2008,2008-09-01,Force India,0.0
2008,2008-10-01,Force India,0.0
2008,2008-11-01,Force India,0.0
2009,2009-03-01,Force India,0.0
2009,2009-04-01,Force India,0.0
2009,2009-05-01,Force India,0.0
2009,2009-06-01,Force India,0.0
2009,2009-07-01,Force India,0.0
2009,2009-08-01,Force India,8.0
2009,2009-09-01,Force India,5.0
2009,2009-10-01,Force India,0.0
2009,2009-11-01,Force India,0.0
2010,2010-03-01,Force India,8.0
2010,2010-04-01,Force India,10.0
2010,2010-05-01,Force India,14.0
2010,2010-06-01,Force India,11.0
2010,2010-07-01,Force India,4.0
2010,2010-08-01,Force India,11.0
2010,2010-09-01,Force India,2.0
2010,2010-10-01,Force India,8.0
2010,2010-11-01,Force India,0.0
2011,2011-03-01,Force India,3.0
2011,2011-04-01,Force India,1.0
2011,2011-05-01,Force India,6.0
2011,2011-06-01,Force India,2.0
2011,2011-07-01,Force India,14.0
2011,2011-08-01,Force India,6.0
2011,2011-09-01,Force India,16.0
2011,2011-10-01,Force India,3.0
2011,2011-11-01,Force India,18.0
2012,2012-03-01,Force India,9.0
2012,2012-04-01,Force India,8.0
2012,2012-05-01,Force India,11.0
2012,2012-06-01,Force India,16.0
2012,2012-07-01,Force India,2.0
2012,2012-09-01,Force India,29.0
2012,2012-10-01,Force India,18.0
2012,2012-11-01,Force India,16.0
2013,2013-03-01,Force India,10.0
2013,2013-04-01,Force India,16.0
2013,2013-05-01,Force India,18.0
2013,2013-06-01,Force India,15.0
2013,2013-07-01,Force India,0.0
2013,2013-08-01,Force India,2.0
2013,2013-09-01,Force India,1.0
2013,2013-10-01,Force India,6.0
2013,2013-11-01,Force India,9.0
2014,2014-03-01,Force India,19.0
2014,2014-04-01,Force India,35.0
2014,2014-05-01,Force India,13.0
2014,2014-06-01,Force India,20.0
2014,2014-07-01,Force India,11.0
2014,2014-08-01,Force India,5.0
2014,2014-09-01,Force India,14.0
2014,2014-10-01,Force India,6.0
2014,2014-11-01,Force India,32.0
2015,2015-03-01,Force India,7.0
2015,2015-04-01,Force India,4.0
2015,2015-05-01,Force India,6.0
2015,2015-06-01,Force India,14.0
2015,2015-07-01,Force India,8.0
2015,2015-08-01,Force India,10.0
2015,2015-09-01,Force India,28.0
2015,2015-10-01,Force India,25.0
2015,2015-11-01,Force India,34.0
2016,2016-03-01,Force India,6.0
2016,2016-04-01,Force India,0.0
2016,2016-05-01,Force India,31.0
2016,2016-06-01,Force India,22.0
2016,2016-07-01,Force India,22.0
2016,2016-08-01,Force India,22.0
2016,2016-09-01,Force India,9.0
2016,2016-10-01,Force India,33.0
2016,2016-11-01,Force India,28.0
2017,2017-03-01,Force India,7.0
2017,2017-04-01,Force India,24.0
2017,2017-05-01,Force India,22.0
2017,2017-06-01,Force India,26.0
2017,2017-07-01,Force India,22.0
2017,2017-08-01,Force India,2.0
2017,2017-09-01,Force India,21.0
2017,2017-10-01,Force India,51.0
2017,2017-11-01,Force India,12.0
2018,2018-03-01,Force India,0.0
2018,2018-04-01,Force India,16.0
2018,2018-05-01,Force India,10.0
2018,2018-06-01,Force India,2.0
2018,2018-07-01,Force India,31.0
2018,2018-08-01,Force India,18.0
2018,2018-09-01,Force India,17.0
2018,2018-10-01,Force India,12.0
2018,2018-11-01,Force India,5.0
1964,1964-08-01,Honda,0.0
1964,1964-09-01,Honda,0.0
1964,1964-10-01,Honda,0.0
1965,1965-05-01,Honda,0.0
1965,1965-06-01,Honda,1.0
1965,1965-07-01,Honda,1.0
1965,1965-09-01,Honda,0.0
1965,1965-10-01,Honda,9.0
1966,1966-09-01,Honda,0.0
1966,1966-10-01,Honda,3.0
1967,1967-01-01,Honda,4.0
1967,1967-05-01,Honda,0.0
1967,1967-06-01,Honda,0.0
1967,1967-07-01,Honda,1.0
1967,1967-08-01,Honda,3.0
1967,1967-09-01,Honda,9.0
1967,1967-10-01,Honda,3.0
1968,1968-01-01,Honda,0.0
1968,1968-05-01,Honda,0.0
1968,1968-06-01,Honda,0.0
1968,1968-07-01,Honda,8.0
1968,1968-08-01,Honda,0.0
1968,1968-09-01,Honda,0.0
1968,1968-10-01,Honda,4.0
1968,1968-11-01,Honda,2.0
2006,2006-03-01,Honda,11.0
2006,2006-04-01,Honda,4.0
2006,2006-05-01,Honda,14.0
2006,2006-06-01,Honda,0.0
2006,2006-07-01,Honda,8.0
2006,2006-08-01,Honda,21.0
2006,2006-09-01,Honda,7.0
2006,2006-10-01,Honda,21.0
2007,2007-03-01,Honda,0.0
2007,2007-04-01,Honda,0.0
2007,2007-05-01,Honda,0.0
2007,2007-06-01,Honda,0.0
2007,2007-07-01,Honda,1.0
2007,2007-08-01,Honda,0.0
2007,2007-09-01,Honda,1.0
2007,2007-10-01,Honda,4.0
2008,2008-03-01,Honda,0.0
2008,2008-04-01,Honda,3.0
2008,2008-05-01,Honda,3.0
2008,2008-06-01,Honda,2.0
2008,2008-07-01,Honda,6.0
2008,2008-08-01,Honda,0.0
2008,2008-09-01,Honda,0.0
2008,2008-10-01,Honda,0.0
2008,2008-11-01,Honda,0.0
2007,2007-03-01,Spyker,0.0
2007,2007-04-01,Spyker,0.0
2007,2007-05-01,Spyker,0.0
2007,2007-06-01,Spyker,0.0
2007,2007-07-01,Spyker,0.0
2007,2007-08-01,Spyker,0.0
2007,2007-09-01,Spyker,1.0
2007,2007-10-01,Spyker,0.0
2006,2006-03-01,MF1,0.0
2006,2006-04-01,MF1,0.0
2006,2006-05-01,MF1,0.0
2006,2006-06-01,MF1,0.0
2006,2006-07-01,MF1,0.0
2006,2006-08-01,MF1,0.0
2006,2006-09-01,Spyker MF1,0.0
2006,2006-10-01,Spyker MF1,0.0
1993,1993-03-01,Sauber,2.0
1993,1993-04-01,Sauber,3.0
1993,1993-05-01,Sauber,0.0
1993,1993-06-01,Sauber,1.0
1993,1993-07-01,Sauber,0.0
1993,1993-08-01,Sauber,1.0
1993,1993-09-01,Sauber,5.0
1993,1993-10-01,Sauber,0.0
1993,1993-11-01,Sauber,0.0
1994,1994-03-01,Sauber,1.0
1994,1994-04-01,Sauber,2.0
1994,1994-05-01,Sauber,3.0
1994,1994-06-01,Sauber,0.0
1994,1994-07-01,Sauber,4.0
1994,1994-08-01,Sauber,0.0
1994,1994-09-01,Sauber,0.0
1994,1994-10-01,Sauber,1.0
1994,1994-11-01,Sauber,1.0
1995,1995-03-01,Sauber,0.0
1995,1995-04-01,Sauber,3.0
1995,1995-05-01,Sauber,1.0
1995,1995-06-01,Sauber,0.0
1995,1995-07-01,Sauber,3.0
1995,1995-08-01,Sauber,5.0
1995,1995-09-01,Sauber,6.0
1995,1995-10-01,Sauber,0.0
1995,1995-11-01,Sauber,0.0
1996,1996-03-01,Sauber,0.0
1996,1996-04-01,Sauber,0.0
1996,1996-05-01,Sauber,7.0
1996,1996-06-01,Sauber,3.0
1996,1996-07-01,Sauber,0.0
1996,1996-08-01,Sauber,0.0
1996,1996-09-01,Sauber,0.0
1996,1996-10-01,Sauber,1.0
1997,1997-03-01,Sauber,1.0
1997,1997-04-01,Sauber,3.0
1997,1997-05-01,Sauber,2.0
1997,1997-06-01,Sauber,2.0
1997,1997-07-01,Sauber,0.0
1997,1997-08-01,Sauber,7.0
1997,1997-09-01,Sauber,0.0
1997,1997-10-01,Sauber,1.0
1998,1998-03-01,Sauber,1.0
1998,1998-04-01,Sauber,3.0
1998,1998-05-01,Sauber,0.0
1998,1998-06-01,Sauber,0.0
1998,1998-07-01,Sauber,0.0
1998,1998-08-01,Sauber,4.0
1998,1998-09-01,Sauber,2.0
1998,1998-11-01,Sauber,0.0
1999,1999-03-01,Sauber,0.0
1999,1999-04-01,Sauber,0.0
1999,1999-05-01,Sauber,1.0
1999,1999-06-01,Sauber,1.0
1999,1999-07-01,Sauber,2.0
1999,1999-08-01,Sauber,0.0
1999,1999-09-01,Sauber,0.0
1999,1999-10-01,Sauber,1.0
2000,2000-03-01,Sauber,0.0
2000,2000-04-01,Sauber,1.0
2000,2000-05-01,Sauber,0.0
2000,2000-06-01,Sauber,2.0
2000,2000-07-01,Sauber,3.0
2000,2000-08-01,Sauber,0.0
2000,2000-09-01,Sauber,0.0
2000,2000-10-01,Sauber,0.0
2001,2001-03-01,Sauber,4.0
2001,2001-04-01,Sauber,5.0
2001,2001-05-01,Sauber,3.0
2001,2001-06-01,Sauber,3.0
2001,2001-07-01,Sauber,4.0
2001,2001-08-01,Sauber,1.0
2001,2001-09-01,Sauber,1.0
2001,2001-10-01,Sauber,0.0
2002,2002-03-01,Sauber,3.0
2002,2002-04-01,Sauber,5.0
2002,2002-05-01,Sauber,0.0
2002,2002-06-01,Sauber,1.0
2002,2002-07-01,Sauber,2.0
2002,2002-08-01,Sauber,0.0
2002,2002-09-01,Sauber,0.0
2002,2002-10-01,Sauber,0.0
2003,2003-03-01,Sauber,4.0
2003,2003-04-01,Sauber,4.0
2003,2003-05-01,Sauber,0.0
2003,2003-06-01,Sauber,1.0
2003,2003-07-01,Sauber,0.0
2003,2003-08-01,Sauber,0.0
2003,2003-09-01,Sauber,10.0
2003,2003-10-01,Sauber,0.0
2004,2004-03-01,Sauber,1.0
2004,2004-04-01,Sauber,0.0
2004,2004-05-01,Sauber,9.0
2004,2004-06-01,Sauber,5.0
2004,2004-07-01,Sauber,3.0
2004,2004-08-01,Sauber,10.0
2004,2004-09-01,Sauber,4.0
2004,2004-10-01,Sauber,2.0
2005,2005-03-01,Sauber,0.0
2005,2005-04-01,Sauber,7.0
2005,2005-05-01,Sauber,0.0
2005,2005-06-01,Sauber,5.0
2005,2005-07-01,Sauber,2.0
2005,2005-08-01,Sauber,0.0
2005,2005-09-01,Sauber,3.0
2005,2005-10-01,Sauber,3.0
2010,2010-03-01,Sauber,0.0
2010,2010-04-01,Sauber,0.0
2010,2010-05-01,Sauber,1.0
2010,2010-06-01,Sauber,6.0
2010,2010-07-01,Sauber,8.0
2010,2010-08-01,Sauber,12.0
2010,2010-09-01,Sauber,0.0
2010,2010-10-01,Sauber,16.0
2010,2010-11-01,Sauber,1.0
2011,2011-03-01,Sauber,0.0
2011,2011-04-01,Sauber,7.0
2011,2011-05-01,Sauber,14.0
2011,2011-06-01,Sauber,6.0
2011,2011-07-01,Sauber,8.0
2011,2011-08-01,Sauber,0.0
2011,2011-09-01,Sauber,1.0
2011,2011-10-01,Sauber,5.0
2011,2011-11-01,Sauber,3.0
2012,2012-03-01,Sauber,30.0
2012,2012-04-01,Sauber,1.0
2012,2012-05-01,Sauber,10.0
2012,2012-06-01,Sauber,19.0
2012,2012-07-01,Sauber,20.0
2012,2012-09-01,Sauber,21.0
2012,2012-10-01,Sauber,15.0
2012,2012-11-01,Sauber,10.0
2013,2013-03-01,Sauber,4.0
2013,2013-04-01,Sauber,1.0
2013,2013-05-01,Sauber,0.0
2013,2013-06-01,Sauber,1.0
2013,2013-07-01,Sauber,1.0
2013,2013-08-01,Sauber,0.0
2013,2013-09-01,Sauber,12.0
2013,2013-10-01,Sauber,26.0
2013,2013-11-01,Sauber,12.0
2014,2014-03-01,Sauber,0.0
2014,2014-04-01,Sauber,0.0
2014,2014-05-01,Sauber,0.0
2014,2014-06-01,Sauber,0.0
2014,2014-07-01,Sauber,0.0
2014,2014-08-01,Sauber,0.0
2014,2014-09-01,Sauber,0.0
2014,2014-10-01,Sauber,0.0
2014,2014-11-01,Sauber,0.0
2015,2015-03-01,Sauber,14.0
2015,2015-04-01,Sauber,5.0
2015,2015-05-01,Sauber,2.0
2015,2015-06-01,Sauber,0.0
2015,2015-07-01,Sauber,1.0
2015,2015-08-01,Sauber,1.0
2015,2015-09-01,Sauber,3.0
2015,2015-10-01,Sauber,10.0
2015,2015-11-01,Sauber,0.0
2016,2016-03-01,Sauber,0.0
2016,2016-04-01,Sauber,0.0
2016,2016-05-01,Sauber,0.0
2016,2016-06-01,Sauber,0.0
2016,2016-07-01,Sauber,0.0
2016,2016-08-01,Sauber,0.0
2016,2016-09-01,Sauber,0.0
2016,2016-10-01,Sauber,0.0
2016,2016-11-01,Sauber,2.0
2017,2017-03-01,Sauber,0.0
2017,2017-04-01,Sauber,0.0
2017,2017-05-01,Sauber,4.0
2017,2017-06-01,Sauber,1.0
2017,2017-07-01,Sauber,0.0
2017,2017-08-01,Sauber,0.0
2017,2017-09-01,Sauber,0.0
2017,2017-10-01,Sauber,0.0
2017,2017-11-01,Sauber,0.0
2018,2018-03-01,Sauber,0.0
2018,2018-04-01,Sauber,10.0
2018,2018-05-01,Sauber,1.0
2018,2018-06-01,Sauber,2.0
2018,2018-07-01,Sauber,5.0
2018,2018-08-01,Sauber,1.0
2018,2018-09-01,Sauber,8.0
2018,2018-10-01,Sauber,9.0
2018,2018-11-01,Sauber,12.0
2024,2024-03-01,Sauber,0.0
2024,2024-04-01,Sauber,0.0
2024,2024-05-01,Sauber,0.0
2024,2024-06-01,Sauber,0.0
2024,2024-07-01,Sauber,0.0
2024,2024-08-01,Sauber,0.0
2024,2024-09-01,Sauber,0.0
2024,2024-10-01,Sauber,0.0
2024,2024-11-01,Sauber,0.0
2024,2024-12-01,Sauber,4.0
2025,2025-03-01,Sauber,6.0
2025,2025-04-01,Sauber,0.0
2025,2025-05-01,Sauber,0.0
2025,2025-06-01,Sauber,20.0
2025,2025-07-01,Sauber,17.0
2025,2025-08-01,Sauber,8.0
1999,1999-03-01,BAR,0.0
1999,1999-04-01,BAR,0.0
1999,1999-05-01,BAR,0.0
1999,1999-06-01,BAR,0.0
1999,1999-07-01,BAR,0.0
1999,1999-08-01,BAR,0.0
1999,1999-09-01,BAR,0.0
1999,1999-10-01,BAR,0.0
2000,2000-03-01,BAR,4.0
2000,2000-04-01,BAR,2.0
2000,2000-05-01,BAR,0.0
2000,2000-06-01,BAR,0.0
2000,2000-07-01,BAR,6.0
2000,2000-08-01,BAR,0.0
2000,2000-09-01,BAR,5.0
2000,2000-10-01,BAR,3.0
2001,2001-03-01,BAR,0.0
2001,2001-04-01,BAR,7.0
2001,2001-05-01,BAR,5.0
2001,2001-06-01,BAR,0.0
2001,2001-07-01,BAR,4.0
2001,2001-08-01,BAR,0.0
2001,2001-09-01,BAR,1.0
2001,2001-10-01,BAR,0.0
2002,2002-03-01,BAR,0.0
2002,2002-04-01,BAR,0.0
2002,2002-05-01,BAR,0.0
2002,2002-06-01,BAR,0.0
2002,2002-07-01,BAR,5.0
2002,2002-08-01,BAR,0.0
2002,2002-09-01,BAR,2.0
2002,2002-10-01,BAR,0.0
2003,2003-03-01,BAR,2.0
2003,2003-04-01,BAR,4.0
2003,2003-05-01,BAR,5.0
2003,2003-06-01,BAR,2.0
2003,2003-07-01,BAR,1.0
2003,2003-08-01,BAR,1.0
2003,2003-09-01,BAR,3.0
2003,2003-10-01,BAR,8.0
2004,2004-03-01,BAR,9.0
2004,2004-04-01,BAR,18.0
2004,2004-05-01,BAR,19.0
2004,2004-06-01,BAR,12.0
2004,2004-07-01,BAR,18.0
2004,2004-08-01,BAR,7.0
2004,2004-09-01,BAR,22.0
2004,2004-10-01,BAR,14.0
2005,2005-03-01,BAR,0.0
2005,2005-04-01,BAR,0.0
2005,2005-05-01,BAR,0.0
2005,2005-06-01,BAR,0.0
2005,2005-07-01,BAR,20.0
2005,2005-08-01,BAR,4.0
2005,2005-09-01,BAR,9.0
2005,2005-10-01,BAR,5.0
1991,1991-03-01,Jordan,0.0
1991,1991-04-01,Jordan,0.0
1991,1991-05-01,Jordan,0.0
1991,1991-06-01,Jordan,8.0
1991,1991-07-01,Jordan,5.0
1991,1991-08-01,Jordan,0.0
1991,1991-09-01,Jordan,0.0
1991,1991-10-01,Jordan,0.0
1991,1991-11-01,Jordan,0.0
1992,1992-03-01,Jordan,0.0
1992,1992-04-01,Jordan,0.0
1992,1992-05-01,Jordan,0.0
1992,1992-06-01,Jordan,0.0
1992,1992-07-01,Jordan,0.0
1992,1992-08-01,Jordan,0.0
1992,1992-09-01,Jordan,0.0
1992,1992-10-01,Jordan,0.0
1992,1992-11-01,Jordan,1.0
1993,1993-03-01,Jordan,0.0
1993,1993-04-01,Jordan,0.0
1993,1993-05-01,Jordan,0.0
1993,1993-06-01,Jordan,0.0
1993,1993-07-01,Jordan,0.0
1993,1993-08-01,Jordan,0.0
1993,1993-09-01,Jordan,0.0
1993,1993-10-01,Jordan,3.0
1993,1993-11-01,Jordan,0.0
1994,1994-03-01,Jordan,3.0
1994,1994-04-01,Jordan,4.0
1994,1994-05-01,Jordan,4.0
1994,1994-06-01,Jordan,0.0
1994,1994-07-01,Jordan,3.0
1994,1994-08-01,Jordan,0.0
1994,1994-09-01,Jordan,6.0
1994,1994-10-01,Jordan,3.0
1994,1994-11-01,Jordan,5.0
1995,1995-03-01,Jordan,0.0
1995,1995-04-01,Jordan,0.0
1995,1995-05-01,Jordan,2.0
1995,1995-06-01,Jordan,10.0
1995,1995-07-01,Jordan,1.0
1995,1995-08-01,Jordan,1.0
1995,1995-09-01,Jordan,0.0
1995,1995-10-01,Jordan,7.0
1995,1995-11-01,Jordan,0.0
1996,1996-03-01,Jordan,0.0
1996,1996-04-01,Jordan,6.0
1996,1996-05-01,Jordan,2.0
1996,1996-06-01,Jordan,1.0
1996,1996-07-01,Jordan,5.0
1996,1996-08-01,Jordan,1.0
1996,1996-09-01,Jordan,5.0
1996,1996-10-01,Jordan,2.0
1997,1997-03-01,Jordan,0.0
1997,1997-04-01,Jordan,7.0
1997,1997-05-01,Jordan,1.0
1997,1997-06-01,Jordan,5.0
1997,1997-07-01,Jordan,4.0
1997,1997-08-01,Jordan,8.0
1997,1997-09-01,Jordan,8.0
1997,1997-10-01,Jordan,0.0
1998,1998-03-01,Jordan,0.0
1998,1998-04-01,Jordan,0.0
1998,1998-05-01,Jordan,0.0
1998,1998-06-01,Jordan,0.0
1998,1998-07-01,Jordan,3.0
1998,1998-08-01,Jordan,23.0
1998,1998-09-01,Jordan,5.0
1998,1998-11-01,Jordan,3.0
1999,1999-03-01,Jordan,6.0
1999,1999-04-01,Jordan,4.0
1999,1999-05-01,Jordan,6.0
1999,1999-06-01,Jordan,10.0
1999,1999-07-01,Jordan,8.0
1999,1999-08-01,Jordan,13.0
1999,1999-09-01,Jordan,10.0
1999,1999-10-01,Jordan,4.0
2000,2000-03-01,Jordan,7.0
2000,2000-04-01,Jordan,1.0
2000,2000-05-01,Jordan,1.0
2000,2000-06-01,Jordan,1.0
2000,2000-07-01,Jordan,1.0
2000,2000-08-01,Jordan,2.0
2000,2000-09-01,Jordan,4.0
2000,2000-10-01,Jordan,0.0
2001,2001-03-01,Jordan,5.0
2001,2001-04-01,Jordan,8.0
2001,2001-05-01,Jordan,0.0
2001,2001-06-01,Jordan,0.0
2001,2001-07-01,Jordan,2.0
2001,2001-08-01,Jordan,0.0
2001,2001-09-01,Jordan,4.0
2001,2001-10-01,Jordan,0.0
2002,2002-03-01,Jordan,0.0
2002,2002-04-01,Jordan,0.0
2002,2002-05-01,Jordan,4.0
2002,2002-06-01,Jordan,2.0
2002,2002-07-01,Jordan,0.0
2002,2002-08-01,Jordan,1.0
2002,2002-09-01,Jordan,0.0
2002,2002-10-01,Jordan,2.0
2003,2003-03-01,Jordan,0.0
2003,2003-04-01,Jordan,10.0
2003,2003-05-01,Jordan,1.0
2003,2003-06-01,Jordan,0.0
2003,2003-07-01,Jordan,0.0
2003,2003-08-01,Jordan,0.0
2003,2003-09-01,Jordan,2.0
2003,2003-10-01,Jordan,0.0
2004,2004-03-01,Jordan,0.0
2004,2004-04-01,Jordan,0.0
2004,2004-05-01,Jordan,2.0
2004,2004-06-01,Jordan,3.0
2004,2004-07-01,Jordan,0.0
2004,2004-08-01,Jordan,0.0
2004,2004-09-01,Jordan,0.0
2004,2004-10-01,Jordan,0.0
2005,2005-03-01,Jordan,0.0
2005,2005-04-01,Jordan,0.0
2005,2005-05-01,Jordan,0.0
2005,2005-06-01,Jordan,11.0
2005,2005-07-01,Jordan,0.0
2005,2005-08-01,Jordan,0.0
2005,2005-09-01,Jordan,1.0
2005,2005-10-01,Jordan,0.0
1985,1985-04-01,Minardi,0.0
1985,1985-05-01,Minardi,0.0
1985,1985-06-01,Minardi,0.0
1985,1985-07-01,Minardi,0.0
1985,1985-08-01,Minardi,0.0
1985,1985-09-01,Minardi,0.0
1985,1985-10-01,Minardi,0.0
1985,1985-11-01,Minardi,0.0
1986,1986-03-01,Minardi,0.0
1986,1986-04-01,Minardi,0.0
1986,1986-05-01,Minardi,0.0
1986,1986-06-01,Minardi,0.0
1986,1986-07-01,Minardi,0.0
1986,1986-08-01,Minardi,0.0
1986,1986-09-01,Minardi,0.0
1986,1986-10-01,Minardi,0.0
1987,1987-04-01,Minardi,0.0
1987,1987-05-01,Minardi,0.0
1987,1987-06-01,Minardi,0.0
1987,1987-07-01,Minardi,0.0
1987,1987-08-01,Minardi,0.0
1987,1987-09-01,Minardi,0.0
1987,1987-10-01,Minardi,0.0
1987,1987-11-01,Minardi,0.0
1988,1988-04-01,Minardi,0.0
1988,1988-05-01,Minardi,0.0
1988,1988-06-01,Minardi,1.0
1988,1988-07-01,Minardi,0.0
1988,1988-08-01,Minardi,0.0
1988,1988-09-01,Minardi,0.0
1988,1988-10-01,Minardi,0.0
1988,1988-11-01,Minardi,0.0
1989,1989-03-01,Minardi,0.0
1989,1989-04-01,Minardi,0.0
1989,1989-05-01,Minardi,0.0
1989,1989-06-01,Minardi,0.0
1989,1989-07-01,Minardi,3.0
1989,1989-08-01,Minardi,0.0
1989,1989-09-01,Minardi,2.0
1989,1989-10-01,Minardi,0.0
1989,1989-11-01,Minardi,1.0
1990,1990-03-01,Minardi,0.0
1990,1990-05-01,Minardi,0.0
1990,1990-06-01,Minardi,0.0
1990,1990-07-01,Minardi,0.0
1990,1990-08-01,Minardi,0.0
1990,1990-09-01,Minardi,0.0
1990,1990-10-01,Minardi,0.0
1990,1990-11-01,Minardi,0.0
1991,1991-03-01,Minardi,0.0
1991,1991-04-01,Minardi,3.0
1991,1991-05-01,Minardi,0.0
1991,1991-06-01,Minardi,0.0
1991,1991-07-01,Minardi,0.0
1991,1991-08-01,Minardi,0.0
1991,1991-09-01,Minardi,3.0
1991,1991-10-01,Minardi,0.0
1991,1991-11-01,Minardi,0.0
1992,1992-03-01,Minardi,0.0
1992,1992-04-01,Minardi,0.0
1992,1992-05-01,Minardi,0.0
1992,1992-06-01,Minardi,0.0
1992,1992-07-01,Minardi,0.0
1992,1992-08-01,Minardi,0.0
1992,1992-09-01,Minardi,0.0
1992,1992-10-01,Minardi,1.0
1992,1992-11-01,Minardi,0.0
1993,1993-03-01,Minardi,3.0
1993,1993-04-01,Minardi,2.0
1993,1993-05-01,Minardi,2.0
1993,1993-06-01,Minardi,0.0
1993,1993-07-01,Minardi,0.0
1993,1993-08-01,Minardi,0.0
1993,1993-09-01,Minardi,0.0
1993,1993-10-01,Minardi,0.0
1993,1993-11-01,Minardi,0.0
1994,1994-03-01,Minardi,0.0
1994,1994-04-01,Minardi,0.0
1994,1994-05-01,Minardi,3.0
1994,1994-06-01,Minardi,0.0
1994,1994-07-01,Minardi,2.0
1994,1994-08-01,Minardi,0.0
1994,1994-09-01,Minardi,0.0
1994,1994-10-01,Minardi,0.0
1994,1994-11-01,Minardi,0.0
1995,1995-03-01,Minardi,0.0
1995,1995-04-01,Minardi,0.0
1995,1995-05-01,Minardi,0.0
1995,1995-06-01,Minardi,0.0
1995,1995-07-01,Minardi,0.0
1995,1995-08-01,Minardi,0.0
1995,1995-09-01,Minardi,0.0
1995,1995-10-01,Minardi,0.0
1995,1995-11-01,Minardi,1.0
1996,1996-03-01,Minardi,0.0
1996,1996-04-01,Minardi,0.0
1996,1996-05-01,Minardi,0.0
1996,1996-06-01,Minardi,0.0
1996,1996-07-01,Minardi,0.0
1996,1996-08-01,Minardi,0.0
1996,1996-09-01,Minardi,0.0
1996,1996-10-01,Minardi,0.0
1997,1997-03-01,Minardi,0.0
1997,1997-04-01,Minardi,0.0
1997,1997-05-01,Minardi,0.0
1997,1997-06-01,Minardi,0.0
1997,1997-07-01,Minardi,0.0
1997,1997-08-01,Minardi,0.0
1997,1997-09-01,Minardi,0.0
1997,1997-10-01,Minardi,0.0
1998,1998-03-01,Minardi,0.0
1998,1998-04-01,Minardi,0.0
1998,1998-05-01,Minardi,0.0
1998,1998-06-01,Minardi,0.0
1998,1998-07-01,Minardi,0.0
1998,1998-08-01,Minardi,0.0
1998,1998-09-01,Minardi,0.0
1998,1998-11-01,Minardi,0.0
1999,1999-03-01,Minardi,0.0
1999,1999-04-01,Minardi,0.0
1999,1999-05-01,Minardi,0.0
1999,1999-06-01,Minardi,0.0
1999,1999-07-01,Minardi,0.0
1999,1999-08-01,Minardi,0.0
1999,1999-09-01,Minardi,1.0
1999,1999-10-01,Minardi,0.0
2000,2000-03-01,Minardi,0.0
2000,2000-04-01,Minardi,0.0
2000,2000-05-01,Minardi,0.0
2000,2000-06-01,Minardi,0.0
2000,2000-07-01,Minardi,0.0
2000,2000-08-01,Minardi,0.0
2000,2000-09-01,Minardi,0.0
2000,2000-10-01,Minardi,0.0
2001,2001-03-01,Minardi,0.0
2001,2001-04-01,Minardi,0.0
2001,2001-05-01,Minardi,0.0
2001,2001-06-01,Minardi,0.0
2001,2001-07-01,Minardi,0.0
2001,2001-08-01,Minardi,0.0
2001,2001-09-01,Minardi,0.0
2001,2001-10-01,Minardi,0.0
2002,2002-03-01,Minardi,2.0
2002,2002-04-01,Minardi,0.0
2002,2002-05-01,Minardi,0.0
2002,2002-06-01,Minardi,0.0
2002,2002-07-01,Minardi,0.0
2002,2002-08-01,Minardi,0.0
2002,2002-09-01,Minardi,0.0
2002,2002-10-01,Minardi,0.0
2003,2003-03-01,Minardi,0.0
2003,2003-04-01,Minardi,0.0
2003,2003-05-01,Minardi,0.0
2003,2003-06-01,Minardi,0.0
2003,2003-07-01,Minardi,0.0
2003,2003-08-01,Minardi,0.0
2003,2003-09-01,Minardi,0.0
2003,2003-10-01,Minardi,0.0
2004,2004-03-01,Minardi,0.0
2004,2004-04-01,Minardi,0.0
2004,2004-05-01,Minardi,0.0
2004,2004-06-01,Minardi,1.0
2004,2004-07-01,Minardi,0.0
2004,2004-08-01,Minardi,0.0
2004,2004-09-01,Minardi,0.0
2004,2004-10-01,Minardi,0.0
2005,2005-03-01,Minardi,0.0
2005,2005-04-01,Minardi,0.0
2005,2005-05-01,Minardi,0.0
2005,2005-06-01,Minardi,7.0
2005,2005-07-01,Minardi,0.0
2005,2005-08-01,Minardi,0.0
2005,2005-09-01,Minardi,0.0
2005,2005-10-01,Minardi,0.0
2000,2000-03-01,Jaguar,0.0
2000,2000-04-01,Jaguar,0.0
2000,2000-05-01,Jaguar,0.0
2000,2000-06-01,Jaguar,3.0
2000,2000-07-01,Jaguar,0.0
2000,2000-08-01,Jaguar,0.0
2000,2000-09-01,Jaguar,0.0
2000,2000-10-01,Jaguar,1.0
2001,2001-03-01,Jaguar,0.0
2001,2001-04-01,Jaguar,0.0
2001,2001-05-01,Jaguar,4.0
2001,2001-06-01,Jaguar,1.0
2001,2001-07-01,Jaguar,0.0
2001,2001-08-01,Jaguar,0.0
2001,2001-09-01,Jaguar,4.0
2001,2001-10-01,Jaguar,0.0
2002,2002-03-01,Jaguar,3.0
2002,2002-04-01,Jaguar,0.0
2002,2002-05-01,Jaguar,0.0
2002,2002-06-01,Jaguar,0.0
2002,2002-07-01,Jaguar,0.0
2002,2002-08-01,Jaguar,0.0
2002,2002-09-01,Jaguar,5.0
2002,2002-10-01,Jaguar,0.0
2003,2003-03-01,Jaguar,0.0
2003,2003-04-01,Jaguar,0.0
2003,2003-05-01,Jaguar,4.0
2003,2003-06-01,Jaguar,5.0
2003,2003-07-01,Jaguar,3.0
2003,2003-08-01,Jaguar,3.0
2003,2003-09-01,Jaguar,3.0
2003,2003-10-01,Jaguar,0.0
2004,2004-03-01,Jaguar,0.0
2004,2004-04-01,Jaguar,1.0
2004,2004-05-01,Jaguar,2.0
2004,2004-06-01,Jaguar,0.0
2004,2004-07-01,Jaguar,4.0
2004,2004-08-01,Jaguar,3.0
2004,2004-09-01,Jaguar,0.0
2004,2004-10-01,Jaguar,0.0
1997,1997-03-01,Prost,6.0
1997,1997-04-01,Prost,0.0
1997,1997-05-01,Prost,9.0
1997,1997-06-01,Prost,1.0
1997,1997-07-01,Prost,3.0
1997,1997-08-01,Prost,1.0
1997,1997-09-01,Prost,1.0
1997,1997-10-01,Prost,0.0
1998,1998-03-01,Prost,0.0
1998,1998-04-01,Prost,0.0
1998,1998-05-01,Prost,0.0
1998,1998-06-01,Prost,0.0
1998,1998-07-01,Prost,0.0
1998,1998-08-01,Prost,1.0
1998,1998-09-01,Prost,0.0
1998,1998-11-01,Prost,0.0
1999,1999-03-01,Prost,0.0
1999,1999-04-01,Prost,1.0
1999,1999-05-01,Prost,1.0
1999,1999-06-01,Prost,0.0
1999,1999-07-01,Prost,0.0
1999,1999-08-01,Prost,1.0
1999,1999-09-01,Prost,6.0
1999,1999-10-01,Prost,0.0
2000,2000-03-01,Prost,0.0
2000,2000-04-01,Prost,0.0
2000,2000-05-01,Prost,0.0
2000,2000-06-01,Prost,0.0
2000,2000-07-01,Prost,0.0
2000,2000-08-01,Prost,0.0
2000,2000-09-01,Prost,0.0
2000,2000-10-01,Prost,0.0
2001,2001-03-01,Prost,0.0
2001,2001-04-01,Prost,0.0
2001,2001-05-01,Prost,1.0
2001,2001-06-01,Prost,2.0
2001,2001-07-01,Prost,1.0
2001,2001-08-01,Prost,0.0
2001,2001-09-01,Prost,0.0
2001,2001-10-01,Prost,0.0
1978,1978-01-01,Arrows,0.0
1978,1978-03-01,Arrows,0.0
1978,1978-04-01,Arrows,1.0
1978,1978-05-01,Arrows,1.0
1978,1978-06-01,Arrows,6.0
1978,1978-07-01,Arrows,0.0
1978,1978-08-01,Arrows,0.0
1978,1978-09-01,Arrows,0.0
1978,1978-10-01,Arrows,3.0
1979,1979-01-01,Arrows,0.0
1979,1979-02-01,Arrows,0.0
1979,1979-03-01,Arrows,0.0
1979,1979-04-01,Arrows,0.0
1979,1979-05-01,Arrows,3.0
1979,1979-07-01,Arrows,1.0
1979,1979-08-01,Arrows,1.0
1979,1979-09-01,Arrows,0.0
1979,1979-10-01,Arrows,0.0
1980,1980-01-01,Arrows,1.0
1980,1980-03-01,Arrows,7.0
1980,1980-05-01,Arrows,3.0
1980,1980-06-01,Arrows,0.0
1980,1980-07-01,Arrows,0.0
1980,1980-08-01,Arrows,0.0
1980,1980-09-01,Arrows,0.0
1980,1980-10-01,Arrows,0.0
1981,1981-03-01,Arrows,4.0
1981,1981-04-01,Arrows,0.0
1981,1981-05-01,Arrows,6.0
1981,1981-06-01,Arrows,0.0
1981,1981-07-01,Arrows,0.0
1981,1981-08-01,Arrows,0.0
1981,1981-09-01,Arrows,0.0
1981,1981-10-01,Arrows,0.0
1982,1982-01-01,Arrows,0.0
1982,1982-03-01,Arrows,0.0
1982,1982-04-01,Arrows,0.0
1982,1982-05-01,Arrows,0.0
1982,1982-06-01,Arrows,2.0
1982,1982-07-01,Arrows,1.0
1982,1982-08-01,Arrows,2.0
1982,1982-09-01,Arrows,0.0
1983,1983-03-01,Arrows,3.0
1983,1983-04-01,Arrows,0.0
1983,1983-05-01,Arrows,1.0
1983,1983-06-01,Arrows,0.0
1983,1983-07-01,Arrows,0.0
1983,1983-08-01,Arrows,0.0
1983,1983-09-01,Arrows,0.0
1983,1983-10-01,Arrows,0.0
1984,1984-03-01,Arrows,1.0
1984,1984-04-01,Arrows,0.0
1984,1984-05-01,Arrows,2.0
1984,1984-06-01,Arrows,0.0
1984,1984-07-01,Arrows,0.0
1984,1984-08-01,Arrows,3.0
1984,1984-09-01,Arrows,0.0
1984,1984-10-01,Arrows,0.0
1985,1985-04-01,Arrows,0.0
1985,1985-05-01,Arrows,6.0
1985,1985-06-01,Arrows,0.0
1985,1985-07-01,Arrows,0.0
1985,1985-08-01,Arrows,3.0
1985,1985-09-01,Arrows,0.0
1985,1985-10-01,Arrows,4.0
1985,1985-11-01,Arrows,1.0
1986,1986-03-01,Arrows,0.0
1986,1986-04-01,Arrows,0.0
1986,1986-05-01,Arrows,0.0
1986,1986-06-01,Arrows,0.0
1986,1986-07-01,Arrows,0.0
1986,1986-08-01,Arrows,1.0
1986,1986-09-01,Arrows,0.0
1986,1986-10-01,Arrows,0.0
1987,1987-04-01,Arrows,0.0
1987,1987-05-01,Arrows,3.0
1987,1987-06-01,Arrows,1.0
1987,1987-07-01,Arrows,2.0
1987,1987-08-01,Arrows,1.0
1987,1987-09-01,Arrows,1.0
1987,1987-10-01,Arrows,3.0
1987,1987-11-01,Arrows,0.0
1988,1988-04-01,Arrows,3.0
1988,1988-05-01,Arrows,6.0
1988,1988-06-01,Arrows,0.0
1988,1988-07-01,Arrows,1.0
1988,1988-08-01,Arrows,3.0
1988,1988-09-01,Arrows,10.0
1988,1988-10-01,Arrows,0.0
1988,1988-11-01,Arrows,0.0
1989,1989-03-01,Arrows,2.0
1989,1989-04-01,Arrows,2.0
1989,1989-05-01,Arrows,0.0
1989,1989-06-01,Arrows,4.0
1989,1989-07-01,Arrows,1.0
1989,1989-08-01,Arrows,3.0
1989,1989-09-01,Arrows,0.0
1989,1989-10-01,Arrows,1.0
1989,1989-11-01,Arrows,0.0
1990,1990-03-01,Arrows,0.0
1990,1990-05-01,Arrows,2.0
1990,1990-06-01,Arrows,0.0
1990,1990-07-01,Arrows,0.0
1990,1990-08-01,Arrows,0.0
1990,1990-09-01,Arrows,0.0
1990,1990-10-01,Arrows,0.0
1990,1990-11-01,Arrows,0.0
1997,1997-03-01,Arrows,0.0
1997,1997-04-01,Arrows,0.0
1997,1997-05-01,Arrows,0.0
1997,1997-06-01,Arrows,0.0
1997,1997-07-01,Arrows,1.0
1997,1997-08-01,Arrows,6.0
1997,1997-09-01,Arrows,2.0
1997,1997-10-01,Arrows,0.0
1998,1998-03-01,Arrows,0.0
1998,1998-04-01,Arrows,0.0
1998,1998-05-01,Arrows,4.0
1998,1998-06-01,Arrows,0.0
1998,1998-07-01,Arrows,0.0
1998,1998-08-01,Arrows,2.0
1998,1998-09-01,Arrows,0.0
1998,1998-11-01,Arrows,0.0
1999,1999-03-01,Arrows,1.0
1999,1999-04-01,Arrows,0.0
1999,1999-05-01,Arrows,0.0
1999,1999-06-01,Arrows,0.0
1999,1999-07-01,Arrows,0.0
1999,1999-08-01,Arrows,0.0
1999,1999-09-01,Arrows,0.0
1999,1999-10-01,Arrows,0.0
2000,2000-03-01,Arrows,0.0
2000,2000-04-01,Arrows,0.0
2000,2000-05-01,Arrows,1.0
2000,2000-06-01,Arrows,2.0
2000,2000-07-01,Arrows,1.0
2000,2000-08-01,Arrows,0.0
2000,2000-09-01,Arrows,3.0
2000,2000-10-01,Arrows,0.0
2001,2001-03-01,Arrows,0.0
2001,2001-04-01,Arrows,0.0
2001,2001-05-01,Arrows,1.0
2001,2001-06-01,Arrows,0.0
2001,2001-07-01,Arrows,0.0
2001,2001-08-01,Arrows,0.0
2001,2001-09-01,Arrows,0.0
2001,2001-10-01,Arrows,0.0
2002,2002-03-01,Arrows,0.0
2002,2002-04-01,Arrows,1.0
2002,2002-05-01,Arrows,1.0
2002,2002-06-01,Arrows,0.0
2002,2002-07-01,Arrows,0.0
1986,1986-03-01,Benetton,1.0
1986,1986-04-01,Benetton,7.0
1986,1986-05-01,Benetton,0.0
1986,1986-06-01,Benetton,0.0
1986,1986-07-01,Benetton,0.0
1986,1986-08-01,Benetton,0.0
1986,1986-09-01,Benetton,2.0
1986,1986-10-01,Benetton,9.0
1987,1987-04-01,Benetton,2.0
1987,1987-05-01,Benetton,0.0
1987,1987-06-01,Benetton,0.0
1987,1987-07-01,Benetton,3.0
1987,1987-08-01,Benetton,10.0
1987,1987-09-01,Benetton,5.0
1987,1987-10-01,Benetton,2.0
1987,1987-11-01,Benetton,6.0
1988,1988-04-01,Benetton,0.0
1988,1988-05-01,Benetton,4.0
1988,1988-06-01,Benetton,8.0
1988,1988-07-01,Benetton,6.0
1988,1988-08-01,Benetton,4.0
1988,1988-09-01,Benetton,5.0
1988,1988-10-01,Benetton,10.0
1988,1988-11-01,Benetton,2.0
1989,1989-03-01,Benetton,4.0
1989,1989-04-01,Benetton,4.0
1989,1989-05-01,Benetton,3.0
1989,1989-06-01,Benetton,2.0
1989,1989-07-01,Benetton,4.0
1989,1989-08-01,Benetton,2.0
1989,1989-09-01,Benetton,3.0
1989,1989-10-01,Benetton,9.0
1989,1989-11-01,Benetton,8.0
1990,1990-03-01,Benetton,4.0
1990,1990-05-01,Benetton,6.0
1990,1990-06-01,Benetton,10.0
1990,1990-07-01,Benetton,11.0
1990,1990-08-01,Benetton,9.0
1990,1990-09-01,Benetton,7.0
1990,1990-10-01,Benetton,15.0
1990,1990-11-01,Benetton,9.0
1991,1991-03-01,Benetton,6.0
1991,1991-04-01,Benetton,0.0
1991,1991-05-01,Benetton,3.0
1991,1991-06-01,Benetton,12.0
1991,1991-07-01,Benetton,2.0
1991,1991-08-01,Benetton,7.0
1991,1991-09-01,Benetton,7.0
1991,1991-10-01,Benetton,0.0
1991,1991-11-01,Benetton,1.5
1992,1992-03-01,Benetton,7.0
1992,1992-04-01,Benetton,4.0
1992,1992-05-01,Benetton,14.0
1992,1992-06-01,Benetton,6.0
1992,1992-07-01,Benetton,18.0
1992,1992-08-01,Benetton,15.0
1992,1992-09-01,Benetton,13.0
1992,1992-10-01,Benetton,4.0
1992,1992-11-01,Benetton,10.0
1993,1993-03-01,Benetton,4.0
1993,1993-04-01,Benetton,8.0
1993,1993-05-01,Benetton,7.0
1993,1993-06-01,Benetton,6.0
1993,1993-07-01,Benetton,22.0
1993,1993-08-01,Benetton,13.0
1993,1993-09-01,Benetton,12.0
1993,1993-10-01,Benetton,0.0
1993,1993-11-01,Benetton,0.0
1994,1994-03-01,Benetton,10.0
1994,1994-04-01,Benetton,10.0
1994,1994-05-01,Benetton,26.0
1994,1994-06-01,Benetton,11.0
1994,1994-07-01,Benetton,10.0
1994,1994-08-01,Benetton,18.0
1994,1994-09-01,Benetton,2.0
1994,1994-10-01,Benetton,10.0
1994,1994-11-01,Benetton,6.0
1995,1995-03-01,Benetton,10.0
1995,1995-04-01,Benetton,7.0
1995,1995-05-01,Benetton,29.0
1995,1995-06-01,Benetton,2.0
1995,1995-07-01,Benetton,33.0
1995,1995-08-01,Benetton,13.0
1995,1995-09-01,Benetton,16.0
1995,1995-10-01,Benetton,37.0
1995,1995-11-01,Benetton,0.0
1996,1996-03-01,Benetton,9.0
1996,1996-04-01,Benetton,4.0
1996,1996-05-01,Benetton,5.0
1996,1996-06-01,Benetton,17.0
1996,1996-07-01,Benetton,12.0
1996,1996-08-01,Benetton,8.0
1996,1996-09-01,Benetton,10.0
1996,1996-10-01,Benetton,3.0
1997,1997-03-01,Benetton,10.0
1997,1997-04-01,Benetton,3.0
1997,1997-05-01,Benetton,4.0
1997,1997-06-01,Benetton,8.0
1997,1997-07-01,Benetton,21.0
1997,1997-08-01,Benetton,1.0
1997,1997-09-01,Benetton,15.0
1997,1997-10-01,Benetton,5.0
1998,1998-03-01,Benetton,4.0
1998,1998-04-01,Benetton,3.0
1998,1998-05-01,Benetton,9.0
1998,1998-06-01,Benetton,11.0
1998,1998-07-01,Benetton,5.0
1998,1998-08-01,Benetton,0.0
1998,1998-09-01,Benetton,1.0
1998,1998-11-01,Benetton,0.0
1999,1999-03-01,Benetton,3.0
1999,1999-04-01,Benetton,0.0
1999,1999-05-01,Benetton,5.0
1999,1999-06-01,Benetton,6.0
1999,1999-07-01,Benetton,2.0
1999,1999-08-01,Benetton,0.0
1999,1999-09-01,Benetton,0.0
1999,1999-10-01,Benetton,0.0
2000,2000-03-01,Benetton,8.0
2000,2000-04-01,Benetton,0.0
2000,2000-05-01,Benetton,2.0
2000,2000-06-01,Benetton,8.0
2000,2000-07-01,Benetton,0.0
2000,2000-08-01,Benetton,0.0
2000,2000-09-01,Benetton,2.0
2000,2000-10-01,Benetton,0.0
2001,2001-03-01,Benetton,0.0
2001,2001-04-01,Benetton,1.0
2001,2001-05-01,Benetton,0.0
2001,2001-06-01,Benetton,0.0
2001,2001-07-01,Benetton,5.0
2001,2001-08-01,Benetton,0.0
2001,2001-09-01,Benetton,4.0
2001,2001-10-01,Benetton,0.0
2009,2009-03-01,Brawn,18.0
2009,2009-04-01,Brawn,32.0
2009,2009-05-01,Brawn,36.0
2009,2009-06-01,Brawn,19.0
2009,2009-07-01,Brawn,9.0
2009,2009-08-01,Brawn,14.0
2009,2009-09-01,Brawn,25.0
2009,2009-10-01,Brawn,8.0
2009,2009-11-01,Brawn,11.0
1997,1997-03-01,Stewart,0.0
1997,1997-04-01,Stewart,0.0
1997,1997-05-01,Stewart,6.0
1997,1997-06-01,Stewart,0.0
1997,1997-07-01,Stewart,0.0
1997,1997-08-01,Stewart,0.0
1997,1997-09-01,Stewart,0.0
1997,1997-10-01,Stewart,0.0
1998,1998-03-01,Stewart,0.0
1998,1998-04-01,Stewart,0.0
1998,1998-05-01,Stewart,2.0
1998,1998-06-01,Stewart,3.0
1998,1998-07-01,Stewart,0.0
1998,1998-08-01,Stewart,0.0
1998,1998-09-01,Stewart,0.0
1998,1998-11-01,Stewart,0.0
1999,1999-03-01,Stewart,2.0
1999,1999-04-01,Stewart,0.0
1999,1999-05-01,Stewart,4.0
1999,1999-06-01,Stewart,6.0
1999,1999-07-01,Stewart,0.0
1999,1999-08-01,Stewart,2.0
1999,1999-09-01,Stewart,17.0
1999,1999-10-01,Stewart,5.0
1970,1970-09-01,Tyrrell,0.0
1970,1970-10-01,Tyrrell,0.0
1971,1971-03-01,Tyrrell,6.0
1971,1971-04-01,Tyrrell,9.0
1971,1971-05-01,Tyrrell,9.0
1971,1971-06-01,Tyrrell,0.0
1971,1971-07-01,Tyrrell,18.0
1971,1971-08-01,Tyrrell,9.0
1971,1971-09-01,Tyrrell,13.0
1971,1971-10-01,Tyrrell,9.0
1972,1972-01-01,Tyrrell,9.0
1972,1972-03-01,Tyrrell,0.0
1972,1972-05-01,Tyrrell,3.0
1972,1972-06-01,Tyrrell,6.0
1972,1972-07-01,Tyrrell,15.0
1972,1972-08-01,Tyrrell,0.0
1972,1972-09-01,Tyrrell,9.0
1972,1972-10-01,Tyrrell,9.0
1973,1973-01-01,Tyrrell,6.0
1973,1973-02-01,Tyrrell,6.0
1973,1973-03-01,Tyrrell,9.0
1973,1973-04-01,Tyrrell,6.0
1973,1973-05-01,Tyrrell,9.0
1973,1973-06-01,Tyrrell,13.0
1973,1973-07-01,Tyrrell,17.0
1973,1973-08-01,Tyrrell,15.0
1973,1973-09-01,Tyrrell,5.0
1973,1973-10-01,Tyrrell,0.0
1974,1974-01-01,Tyrrell,1.0
1974,1974-03-01,Tyrrell,3.0
1974,1974-04-01,Tyrrell,2.0
1974,1974-05-01,Tyrrell,10.0
1974,1974-06-01,Tyrrell,11.0
1974,1974-07-01,Tyrrell,12.0
1974,1974-08-01,Tyrrell,6.0
1974,1974-09-01,Tyrrell,6.0
1974,1974-10-01,Tyrrell,1.0
1975,1975-01-01,Tyrrell,2.0
1975,1975-03-01,Tyrrell,9.0
1975,1975-04-01,Tyrrell,0.0
1975,1975-05-01,Tyrrell,8.0
1975,1975-06-01,Tyrrell,0.0
1975,1975-07-01,Tyrrell,5.0
1975,1975-08-01,Tyrrell,0.0
1975,1975-09-01,Tyrrell,0.0
1975,1975-10-01,Tyrrell,1.0
1976,1976-01-01,Tyrrell,6.0
1976,1976-03-01,Tyrrell,7.0
1976,1976-05-01,Tyrrell,9.0
1976,1976-06-01,Tyrrell,9.0
1976,1976-07-01,Tyrrell,12.0
1976,1976-08-01,Tyrrell,8.0
1976,1976-09-01,Tyrrell,2.0
1976,1976-10-01,Tyrrell,18.0
1977,1977-01-01,Tyrrell,0.0
1977,1977-03-01,Tyrrell,4.0
1977,1977-04-01,Tyrrell,3.0
1977,1977-05-01,Tyrrell,0.0
1977,1977-06-01,Tyrrell,7.0
1977,1977-07-01,Tyrrell,0.0
1977,1977-08-01,Tyrrell,2.0
1977,1977-09-01,Tyrrell,1.0
1977,1977-10-01,Tyrrell,10.0
1978,1978-01-01,Tyrrell,5.0
1978,1978-03-01,Tyrrell,6.0
1978,1978-04-01,Tyrrell,4.0
1978,1978-05-01,Tyrrell,10.0
1978,1978-06-01,Tyrrell,0.0
1978,1978-07-01,Tyrrell,5.0
1978,1978-08-01,Tyrrell,6.0
1978,1978-09-01,Tyrrell,0.0
1978,1978-10-01,Tyrrell,2.0
1979,1979-01-01,Tyrrell,0.0
1979,1979-02-01,Tyrrell,3.0
1979,1979-03-01,Tyrrell,4.0
1979,1979-04-01,Tyrrell,4.0
1979,1979-05-01,Tyrrell,4.0
1979,1979-07-01,Tyrrell,6.0
1979,1979-08-01,Tyrrell,0.0
1979,1979-09-01,Tyrrell,3.0
1979,1979-10-01,Tyrrell,4.0
1980,1980-01-01,Tyrrell,3.0
1980,1980-03-01,Tyrrell,0.0
1980,1980-05-01,Tyrrell,2.0
1980,1980-06-01,Tyrrell,0.0
1980,1980-07-01,Tyrrell,5.0
1980,1980-08-01,Tyrrell,2.0
1980,1980-09-01,Tyrrell,0.0
1980,1980-10-01,Tyrrell,0.0
1981,1981-03-01,Tyrrell,2.0
1981,1981-04-01,Tyrrell,0.0
1981,1981-05-01,Tyrrell,3.0
1981,1981-06-01,Tyrrell,0.0
1981,1981-07-01,Tyrrell,3.0
1981,1981-08-01,Tyrrell,2.0
1981,1981-09-01,Tyrrell,0.0
1981,1981-10-01,Tyrrell,0.0
1982,1982-01-01,Tyrrell,0.0
1982,1982-03-01,Tyrrell,3.0
1982,1982-04-01,Tyrrell,7.0
1982,1982-05-01,Tyrrell,0.0
1982,1982-06-01,Tyrrell,0.0
1982,1982-07-01,Tyrrell,1.0
1982,1982-08-01,Tyrrell,3.0
1982,1982-09-01,Tyrrell,11.0
1983,1983-03-01,Tyrrell,0.0
1983,1983-04-01,Tyrrell,0.0
1983,1983-05-01,Tyrrell,2.0
1983,1983-06-01,Tyrrell,9.0
1983,1983-07-01,Tyrrell,0.0
1983,1983-08-01,Tyrrell,1.0
1983,1983-09-01,Tyrrell,0.0
1983,1983-10-01,Tyrrell,0.0
1984,1984-03-01,Tyrrell,0.0
1984,1984-04-01,Tyrrell,0.0
1984,1984-05-01,Tyrrell,0.0
1984,1984-06-01,Tyrrell,0.0
1984,1984-07-01,Tyrrell,0.0
1984,1984-08-01,Tyrrell,0.0
1985,1985-04-01,Tyrrell,1.0
1985,1985-05-01,Tyrrell,0.0
1985,1985-06-01,Tyrrell,3.0
1985,1985-07-01,Tyrrell,0.0
1985,1985-08-01,Tyrrell,0.0
1985,1985-09-01,Tyrrell,0.0
1985,1985-10-01,Tyrrell,0.0
1985,1985-11-01,Tyrrell,3.0
1986,1986-03-01,Tyrrell,2.0
1986,1986-04-01,Tyrrell,0.0
1986,1986-05-01,Tyrrell,0.0
1986,1986-06-01,Tyrrell,0.0
1986,1986-07-01,Tyrrell,3.0
1986,1986-08-01,Tyrrell,1.0
1986,1986-09-01,Tyrrell,0.0
1986,1986-10-01,Tyrrell,5.0
1987,1987-04-01,Tyrrell,0.0
1987,1987-05-01,Tyrrell,2.0
1987,1987-06-01,Tyrrell,0.0
1987,1987-07-01,Tyrrell,6.0
1987,1987-08-01,Tyrrell,0.0
1987,1987-09-01,Tyrrell,0.0
1987,1987-10-01,Tyrrell,0.0
1987,1987-11-01,Tyrrell,3.0
1988,1988-04-01,Tyrrell,0.0
1988,1988-05-01,Tyrrell,2.0
1988,1988-06-01,Tyrrell,3.0
1988,1988-07-01,Tyrrell,0.0
1988,1988-08-01,Tyrrell,0.0
1988,1988-09-01,Tyrrell,0.0
1988,1988-10-01,Tyrrell,0.0
1988,1988-11-01,Tyrrell,0.0
1989,1989-03-01,Tyrrell,0.0
1989,1989-04-01,Tyrrell,1.0
1989,1989-05-01,Tyrrell,6.0
1989,1989-06-01,Tyrrell,0.0
1989,1989-07-01,Tyrrell,3.0
1989,1989-08-01,Tyrrell,0.0
1989,1989-09-01,Tyrrell,3.0
1989,1989-10-01,Tyrrell,3.0
1989,1989-11-01,Tyrrell,0.0
1990,1990-03-01,Tyrrell,7.0
1990,1990-05-01,Tyrrell,7.0
1990,1990-06-01,Tyrrell,0.0
1990,1990-07-01,Tyrrell,0.0
1990,1990-08-01,Tyrrell,0.0
1990,1990-09-01,Tyrrell,1.0
1990,1990-10-01,Tyrrell,1.0
1990,1990-11-01,Tyrrell,0.0
1991,1991-03-01,Tyrrell,5.0
1991,1991-04-01,Tyrrell,0.0
1991,1991-05-01,Tyrrell,0.0
1991,1991-06-01,Tyrrell,6.0
1991,1991-07-01,Tyrrell,0.0
1991,1991-08-01,Tyrrell,0.0
1991,1991-09-01,Tyrrell,0.0
1991,1991-10-01,Tyrrell,1.0
1991,1991-11-01,Tyrrell,0.0
1992,1992-03-01,Tyrrell,2.0
1992,1992-04-01,Tyrrell,0.0
1992,1992-05-01,Tyrrell,0.0
1992,1992-06-01,Tyrrell,2.0
1992,1992-07-01,Tyrrell,0.0
1992,1992-08-01,Tyrrell,0.0
1992,1992-09-01,Tyrrell,1.0
1992,1992-10-01,Tyrrell,3.0
1992,1992-11-01,Tyrrell,0.0
1993,1993-03-01,Tyrrell,0.0
1993,1993-04-01,Tyrrell,0.0
1993,1993-05-01,Tyrrell,0.0
1993,1993-06-01,Tyrrell,0.0
1993,1993-07-01,Tyrrell,0.0
1993,1993-08-01,Tyrrell,0.0
1993,1993-09-01,Tyrrell,0.0
1993,1993-10-01,Tyrrell,0.0
1993,1993-11-01,Tyrrell,0.0
1994,1994-03-01,Tyrrell,2.0
1994,1994-04-01,Tyrrell,0.0
1994,1994-05-01,Tyrrell,6.0
1994,1994-06-01,Tyrrell,0.0
1994,1994-07-01,Tyrrell,1.0
1994,1994-08-01,Tyrrell,4.0
1994,1994-09-01,Tyrrell,0.0
1994,1994-10-01,Tyrrell,0.0
1994,1994-11-01,Tyrrell,0.0
1995,1995-03-01,Tyrrell,0.0
1995,1995-04-01,Tyrrell,0.0
1995,1995-05-01,Tyrrell,0.0
1995,1995-06-01,Tyrrell,0.0
1995,1995-07-01,Tyrrell,0.0
1995,1995-08-01,Tyrrell,0.0
1995,1995-09-01,Tyrrell,2.0
1995,1995-10-01,Tyrrell,1.0
1995,1995-11-01,Tyrrell,2.0
1996,1996-03-01,Tyrrell,3.0
1996,1996-04-01,Tyrrell,0.0
1996,1996-05-01,Tyrrell,2.0
1996,1996-06-01,Tyrrell,0.0
1996,1996-07-01,Tyrrell,0.0
1996,1996-08-01,Tyrrell,0.0
1996,1996-09-01,Tyrrell,0.0
1996,1996-10-01,Tyrrell,0.0
1997,1997-03-01,Tyrrell,0.0
1997,1997-04-01,Tyrrell,0.0
1997,1997-05-01,Tyrrell,2.0
1997,1997-06-01,Tyrrell,0.0
1997,1997-07-01,Tyrrell,0.0
1997,1997-08-01,Tyrrell,0.0
1997,1997-09-01,Tyrrell,0.0
1997,1997-10-01,Tyrrell,0.0
1998,1998-03-01,Tyrrell,0.0
1998,1998-04-01,Tyrrell,0.0
1998,1998-05-01,Tyrrell,0.0
1998,1998-06-01,Tyrrell,0.0
1998,1998-07-01,Tyrrell,0.0
1998,1998-08-01,Tyrrell,0.0
1998,1998-09-01,Tyrrell,0.0
1998,1998-11-01,Tyrrell,0.0
1962,1962-05-01,Lola,0.0
1962,1962-06-01,Lola,5.0
1962,1962-07-01,Lola,8.0
1962,1962-08-01,Lola,6.0
1962,1962-09-01,Lola,0.0
1962,1962-10-01,Lola,0.0
1962,1962-12-01,Lola,0.0
1963,1963-05-01,Lola,0.0
1963,1963-06-01,Lola,0.0
1963,1963-07-01,Lola,0.0
1963,1963-08-01,Lola,0.0
1963,1963-09-01,Lola,0.0
1963,1963-10-01,Lola,0.0
1963,1963-12-01,Lola,0.0
1967,1967-08-01,Lola,0.0
1968,1968-08-01,Lola,0.0
1974,1974-01-01,Lola,0.0
1974,1974-03-01,Lola,0.0
1974,1974-04-01,Lola,0.0
1974,1974-05-01,Lola,0.0
1974,1974-06-01,Lola,1.0
1974,1974-07-01,Lola,0.0
1974,1974-08-01,Lola,0.0
1974,1974-09-01,Lola,0.0
1974,1974-10-01,Lola,0.0
1975,1975-01-01,Lola,0.0
1975,1975-03-01,Lola,0.0
1975,1975-04-01,Lola,0.0
1985,1985-09-01,Lola,0.0
1985,1985-10-01,Lola,0.0
1985,1985-11-01,Lola,0.0
1986,1986-03-01,Lola,0.0
1986,1986-04-01,Lola,0.0
1986,1986-05-01,Lola,0.0
1986,1986-06-01,Lola,0.0
1986,1986-07-01,Lola,0.0
1986,1986-08-01,Lola,5.0
1986,1986-09-01,Lola,1.0
1986,1986-10-01,Lola,0.0
1991,1991-04-01,Lola,0.0
1991,1991-05-01,Lola,0.0
1991,1991-06-01,Lola,1.0
1991,1991-07-01,Lola,0.0
1991,1991-08-01,Lola,0.0
1991,1991-09-01,Lola,0.0
1991,1991-10-01,Lola,0.0
1993,1993-03-01,Lola,0.0
1993,1993-04-01,Lola,0.0
1993,1993-05-01,Lola,0.0
1993,1993-06-01,Lola,0.0
1993,1993-07-01,Lola,0.0
1993,1993-08-01,Lola,0.0
1993,1993-09-01,Lola,0.0
1997,1997-03-01,Lola,0.0
1976,1976-01-01,Ligier,0.0
1976,1976-03-01,Ligier,3.0
1976,1976-05-01,Ligier,4.0
1976,1976-06-01,Ligier,3.0
1976,1976-07-01,Ligier,0.0
1976,1976-08-01,Ligier,6.0
1976,1976-09-01,Ligier,4.0
1976,1976-10-01,Ligier,0.0
1977,1977-01-01,Ligier,0.0
1977,1977-03-01,Ligier,0.0
1977,1977-04-01,Ligier,0.0
1977,1977-05-01,Ligier,0.0
1977,1977-06-01,Ligier,9.0
1977,1977-07-01,Ligier,1.0
1977,1977-08-01,Ligier,6.0
1977,1977-09-01,Ligier,0.0
1977,1977-10-01,Ligier,2.0
1978,1978-01-01,Ligier,0.0
1978,1978-03-01,Ligier,2.0
1978,1978-04-01,Ligier,2.0
1978,1978-05-01,Ligier,2.0
1978,1978-06-01,Ligier,4.0
1978,1978-07-01,Ligier,4.0
1978,1978-08-01,Ligier,2.0
1978,1978-09-01,Ligier,3.0
1978,1978-10-01,Ligier,0.0
1979,1979-01-01,Ligier,12.0
1979,1979-02-01,Ligier,15.0
1979,1979-03-01,Ligier,0.0
1979,1979-04-01,Ligier,11.0
1979,1979-05-01,Ligier,8.0
1979,1979-07-01,Ligier,5.0
1979,1979-08-01,Ligier,10.0
1979,1979-09-01,Ligier,0.0
1979,1979-10-01,Ligier,0.0
1980,1980-01-01,Ligier,3.0
1980,1980-03-01,Ligier,11.0
1980,1980-05-01,Ligier,15.0
1980,1980-06-01,Ligier,10.0
1980,1980-07-01,Ligier,0.0
1980,1980-08-01,Ligier,16.0
1980,1980-09-01,Ligier,5.0
1980,1980-10-01,Ligier,6.0
1981,1981-03-01,Ligier,1.0
1981,1981-04-01,Ligier,0.0
1981,1981-05-01,Ligier,10.0
1981,1981-06-01,Ligier,6.0
1981,1981-07-01,Ligier,4.0
1981,1981-08-01,Ligier,13.0
1981,1981-09-01,Ligier,9.0
1981,1981-10-01,Ligier,1.0
1982,1982-01-01,Ligier,0.0
1982,1982-03-01,Ligier,0.0
1982,1982-04-01,Ligier,0.0
1982,1982-05-01,Ligier,4.0
1982,1982-06-01,Ligier,7.0
1982,1982-07-01,Ligier,0.0
1982,1982-08-01,Ligier,4.0
1982,1982-09-01,Ligier,5.0
1983,1983-03-01,Ligier,0.0
1983,1983-04-01,Ligier,0.0
1983,1983-05-01,Ligier,0.0
1983,1983-06-01,Ligier,0.0
1983,1983-07-01,Ligier,0.0
1983,1983-08-01,Ligier,0.0
1983,1983-09-01,Ligier,0.0
1983,1983-10-01,Ligier,0.0
1984,1984-03-01,Ligier,0.0
1984,1984-04-01,Ligier,2.0
1984,1984-05-01,Ligier,1.0
1984,1984-06-01,Ligier,0.0
1984,1984-07-01,Ligier,0.0
1984,1984-08-01,Ligier,0.0
1984,1984-09-01,Ligier,0.0
1984,1984-10-01,Ligier,0.0
1985,1985-04-01,Ligier,1.0
1985,1985-05-01,Ligier,4.0
1985,1985-06-01,Ligier,0.0
1985,1985-07-01,Ligier,4.0
1985,1985-08-01,Ligier,4.0
1985,1985-09-01,Ligier,0.0
1985,1985-10-01,Ligier,0.0
1985,1985-11-01,Ligier,10.0
1986,1986-03-01,Ligier,7.0
1986,1986-04-01,Ligier,0.0
1986,1986-05-01,Ligier,5.0
1986,1986-06-01,Ligier,7.0
1986,1986-07-01,Ligier,9.0
1986,1986-08-01,Ligier,0.0
1986,1986-09-01,Ligier,0.0
1986,1986-10-01,Ligier,1.0
1987,1987-05-01,Ligier,1.0
1987,1987-06-01,Ligier,0.0
1987,1987-07-01,Ligier,0.0
1987,1987-08-01,Ligier,0.0
1987,1987-09-01,Ligier,0.0
1987,1987-10-01,Ligier,0.0
1987,1987-11-01,Ligier,0.0
1988,1988-04-01,Ligier,0.0
1988,1988-05-01,Ligier,0.0
1988,1988-06-01,Ligier,0.0
1988,1988-07-01,Ligier,0.0
1988,1988-08-01,Ligier,0.0
1988,1988-09-01,Ligier,0.0
1988,1988-10-01,Ligier,0.0
1988,1988-11-01,Ligier,0.0
1989,1989-03-01,Ligier,0.0
1989,1989-04-01,Ligier,0.0
1989,1989-05-01,Ligier,0.0
1989,1989-06-01,Ligier,2.0
1989,1989-07-01,Ligier,1.0
1989,1989-08-01,Ligier,0.0
1989,1989-09-01,Ligier,0.0
1989,1989-10-01,Ligier,0.0
1989,1989-11-01,Ligier,0.0
1990,1990-03-01,Ligier,0.0
1990,1990-05-01,Ligier,0.0
1990,1990-06-01,Ligier,0.0
1990,1990-07-01,Ligier,0.0
1990,1990-08-01,Ligier,0.0
1990,1990-09-01,Ligier,0.0
1990,1990-10-01,Ligier,0.0
1990,1990-11-01,Ligier,0.0
1991,1991-03-01,Ligier,0.0
1991,1991-04-01,Ligier,0.0
1991,1991-05-01,Ligier,0.0
1991,1991-06-01,Ligier,0.0
1991,1991-07-01,Ligier,0.0
1991,1991-08-01,Ligier,0.0
1991,1991-09-01,Ligier,0.0
1991,1991-10-01,Ligier,0.0
1991,1991-11-01,Ligier,0.0
1992,1992-03-01,Ligier,0.0
1992,1992-04-01,Ligier,0.0
1992,1992-05-01,Ligier,0.0
1992,1992-06-01,Ligier,1.0
1992,1992-07-01,Ligier,3.0
1992,1992-08-01,Ligier,0.0
1992,1992-09-01,Ligier,0.0
1992,1992-10-01,Ligier,0.0
1992,1992-11-01,Ligier,2.0
1993,1993-03-01,Ligier,6.0
1993,1993-04-01,Ligier,4.0
1993,1993-05-01,Ligier,1.0
1993,1993-06-01,Ligier,2.0
1993,1993-07-01,Ligier,6.0
1993,1993-08-01,Ligier,2.0
1993,1993-09-01,Ligier,1.0
1993,1993-10-01,Ligier,0.0
1993,1993-11-01,Ligier,1.0
1994,1994-03-01,Ligier,0.0
1994,1994-04-01,Ligier,0.0
1994,1994-05-01,Ligier,0.0
1994,1994-06-01,Ligier,0.0
1994,1994-07-01,Ligier,10.0
1994,1994-08-01,Ligier,1.0
1994,1994-09-01,Ligier,0.0
1994,1994-10-01,Ligier,0.0
1994,1994-11-01,Ligier,2.0
1995,1995-03-01,Ligier,0.0
1995,1995-04-01,Ligier,0.0
1995,1995-05-01,Ligier,1.0
1995,1995-06-01,Ligier,3.0
1995,1995-07-01,Ligier,7.0
1995,1995-08-01,Ligier,5.0
1995,1995-09-01,Ligier,0.0
1995,1995-10-01,Ligier,2.0
1995,1995-11-01,Ligier,6.0
1996,1996-03-01,Ligier,1.0
1996,1996-04-01,Ligier,0.0
1996,1996-05-01,Ligier,10.0
1996,1996-06-01,Ligier,1.0
1996,1996-07-01,Ligier,0.0
1996,1996-08-01,Ligier,2.0
1996,1996-09-01,Ligier,1.0
1996,1996-10-01,Ligier,0.0
1995,1995-03-01,Forti,0.0
1995,1995-04-01,Forti,0.0
1995,1995-05-01,Forti,0.0
1995,1995-06-01,Forti,0.0
1995,1995-07-01,Forti,0.0
1995,1995-08-01,Forti,0.0
1995,1995-09-01,Forti,0.0
1995,1995-10-01,Forti,0.0
1995,1995-11-01,Forti,0.0
1996,1996-03-01,Forti,0.0
1996,1996-04-01,Forti,0.0
1996,1996-05-01,Forti,0.0
1996,1996-06-01,Forti,0.0
1996,1996-07-01,Forti,0.0
1991,1991-03-01,Footwork,0.0
1991,1991-04-01,Footwork,0.0
1991,1991-05-01,Footwork,0.0
1991,1991-06-01,Footwork,0.0
1991,1991-07-01,Footwork,0.0
1991,1991-08-01,Footwork,0.0
1991,1991-09-01,Footwork,0.0
1991,1991-10-01,Footwork,0.0
1991,1991-11-01,Footwork,0.0
1992,1992-03-01,Footwork,0.0
1992,1992-04-01,Footwork,1.0
1992,1992-05-01,Footwork,4.0
1992,1992-06-01,Footwork,0.0
1992,1992-07-01,Footwork,0.0
1992,1992-08-01,Footwork,0.0
1992,1992-09-01,Footwork,1.0
1992,1992-10-01,Footwork,0.0
1992,1992-11-01,Footwork,0.0
1993,1993-03-01,Footwork,0.0
1993,1993-04-01,Footwork,0.0
1993,1993-05-01,Footwork,0.0
1993,1993-06-01,Footwork,0.0
1993,1993-07-01,Footwork,1.0
1993,1993-08-01,Footwork,3.0
1993,1993-09-01,Footwork,0.0
1993,1993-10-01,Footwork,0.0
1993,1993-11-01,Footwork,0.0
1994,1994-03-01,Footwork,0.0
1994,1994-04-01,Footwork,3.0
1994,1994-05-01,Footwork,0.0
1994,1994-06-01,Footwork,0.0
1994,1994-07-01,Footwork,5.0
1994,1994-08-01,Footwork,1.0
1994,1994-09-01,Footwork,0.0
1994,1994-10-01,Footwork,0.0
1994,1994-11-01,Footwork,0.0
1995,1995-03-01,Footwork,0.0
1995,1995-04-01,Footwork,0.0
1995,1995-05-01,Footwork,0.0
1995,1995-06-01,Footwork,1.0
1995,1995-07-01,Footwork,0.0
1995,1995-08-01,Footwork,0.0
1995,1995-09-01,Footwork,0.0
1995,1995-10-01,Footwork,0.0
1995,1995-11-01,Footwork,4.0
1996,1996-03-01,Footwork,0.0
1996,1996-04-01,Footwork,1.0
1996,1996-05-01,Footwork,0.0
1996,1996-06-01,Footwork,0.0
1996,1996-07-01,Footwork,0.0
1996,1996-08-01,Footwork,0.0
1996,1996-09-01,Footwork,0.0
1996,1996-10-01,Footwork,0.0
1994,1994-03-01,Pacific,0.0
1994,1994-04-01,Pacific,0.0
1994,1994-05-01,Pacific,0.0
1994,1994-06-01,Pacific,0.0
1994,1994-07-01,Pacific,0.0
1994,1994-08-01,Pacific,0.0
1994,1994-09-01,Pacific,0.0
1994,1994-10-01,Pacific,0.0
1994,1994-11-01,Pacific,0.0
1995,1995-03-01,Pacific,0.0
1995,1995-04-01,Pacific,0.0
1995,1995-05-01,Pacific,0.0
1995,1995-06-01,Pacific,0.0
1995,1995-07-01,Pacific,0.0
1995,1995-08-01,Pacific,0.0
1995,1995-09-01,Pacific,0.0
1995,1995-10-01,Pacific,0.0
1995,1995-11-01,Pacific,0.0
1994,1994-03-01,Simtek,0.0
1994,1994-04-01,Simtek,0.0
1994,1994-05-01,Simtek,0.0
1994,1994-06-01,Simtek,0.0
1994,1994-07-01,Simtek,0.0
1994,1994-08-01,Simtek,0.0
1994,1994-09-01,Simtek,0.0
1994,1994-10-01,Simtek,0.0
1994,1994-11-01,Simtek,0.0
1995,1995-03-01,Simtek,0.0
1995,1995-04-01,Simtek,0.0
1995,1995-05-01,Simtek,0.0
1958,1958-05-01,Team Lotus,0.0
1958,1958-06-01,Team Lotus,3.0
1958,1958-07-01,Team Lotus,0.0
1958,1958-08-01,Team Lotus,0.0
1958,1958-09-01,Team Lotus,0.0
1958,1958-10-01,Team Lotus,0.0
1959,1959-05-01,Team Lotus,3.0
1959,1959-07-01,Team Lotus,0.0
1959,1959-08-01,Team Lotus,0.0
1959,1959-09-01,Team Lotus,0.0
1959,1959-12-01,Team Lotus,2.0
1960,1960-02-01,Team Lotus,1.0
1960,1960-05-01,Team Lotus,8.0
1960,1960-06-01,Team Lotus,8.0
1960,1960-07-01,Team Lotus,8.0
1960,1960-08-01,Team Lotus,4.0
1960,1960-11-01,Team Lotus,8.0
1962,1962-07-01,Team Lotus,0.0
1963,1963-10-01,Team Lotus,0.0
1970,1970-03-01,Team Lotus,2.0
1970,1970-04-01,Team Lotus,3.0
1970,1970-05-01,Team Lotus,9.0
1970,1970-06-01,Team Lotus,9.0
1970,1970-07-01,Team Lotus,18.0
1970,1970-08-01,Team Lotus,12.0
1970,1970-09-01,Team Lotus,0.0
1970,1970-10-01,Team Lotus,9.0
1972,1972-01-01,Team Lotus,0.0
1972,1972-03-01,Team Lotus,6.0
1972,1972-05-01,Team Lotus,13.0
1972,1972-06-01,Team Lotus,9.0
1972,1972-07-01,Team Lotus,15.0
1972,1972-08-01,Team Lotus,9.0
1972,1972-09-01,Team Lotus,9.0
1972,1972-10-01,Team Lotus,0.0
1973,1973-01-01,Team Lotus,9.0
1973,1973-02-01,Team Lotus,9.0
1973,1973-03-01,Team Lotus,4.0
1973,1973-04-01,Team Lotus,9.0
1973,1973-05-01,Team Lotus,4.0
1973,1973-06-01,Team Lotus,12.0
1973,1973-07-01,Team Lotus,15.0
1973,1973-08-01,Team Lotus,10.0
1973,1973-09-01,Team Lotus,15.0
1973,1973-10-01,Team Lotus,9.0
1974,1974-01-01,Team Lotus,4.0
1974,1974-03-01,Team Lotus,0.0
1974,1974-04-01,Team Lotus,0.0
1974,1974-05-01,Team Lotus,9.0
1974,1974-06-01,Team Lotus,0.0
1974,1974-07-01,Team Lotus,13.0
1974,1974-08-01,Team Lotus,3.0
1974,1974-09-01,Team Lotus,13.0
1974,1974-10-01,Team Lotus,0.0
1975,1975-01-01,Team Lotus,0.0
1975,1975-03-01,Team Lotus,0.0
1975,1975-04-01,Team Lotus,3.0
1975,1975-05-01,Team Lotus,3.0
1975,1975-06-01,Team Lotus,0.0
1975,1975-07-01,Team Lotus,0.0
1975,1975-08-01,Team Lotus,1.0
1975,1975-09-01,Team Lotus,0.0
1975,1975-10-01,Team Lotus,2.0
1976,1976-01-01,Team Lotus,0.0
1976,1976-03-01,Team Lotus,0.0
1976,1976-05-01,Team Lotus,4.0
1976,1976-06-01,Team Lotus,0.0
1976,1976-07-01,Team Lotus,2.0
1976,1976-08-01,Team Lotus,10.0
1976,1976-09-01,Team Lotus,0.0
1976,1976-10-01,Team Lotus,13.0
1977,1977-01-01,Team Lotus,4.0
1977,1977-03-01,Team Lotus,0.0
1977,1977-04-01,Team Lotus,9.0
1977,1977-05-01,Team Lotus,11.0
1977,1977-06-01,Team Lotus,10.0
1977,1977-07-01,Team Lotus,13.0
1977,1977-08-01,Team Lotus,0.0
1977,1977-09-01,Team Lotus,9.0
1977,1977-10-01,Team Lotus,6.0
1978,1978-01-01,Team Lotus,12.0
1978,1978-03-01,Team Lotus,9.0
1978,1978-04-01,Team Lotus,6.0
1978,1978-05-01,Team Lotus,9.0
1978,1978-06-01,Team Lotus,13.0
1978,1978-07-01,Team Lotus,18.0
1978,1978-08-01,Team Lotus,18.0
1978,1978-09-01,Team Lotus,1.0
1978,1978-10-01,Team Lotus,0.0
1979,1979-01-01,Team Lotus,8.0
1979,1979-02-01,Team Lotus,4.0
1979,1979-03-01,Team Lotus,5.0
1979,1979-04-01,Team Lotus,13.0
1979,1979-05-01,Team Lotus,7.0
1979,1979-07-01,Team Lotus,0.0
1979,1979-08-01,Team Lotus,0.0
1979,1979-09-01,Team Lotus,2.0
1979,1979-10-01,Team Lotus,0.0
1980,1980-01-01,Team Lotus,6.0
1980,1980-03-01,Team Lotus,0.0
1980,1980-05-01,Team Lotus,0.0
1980,1980-06-01,Team Lotus,0.0
1980,1980-07-01,Team Lotus,0.0
1980,1980-08-01,Team Lotus,1.0
1980,1980-09-01,Team Lotus,3.0
1980,1980-10-01,Team Lotus,4.0
1981,1981-03-01,Team Lotus,2.0
1981,1981-04-01,Team Lotus,1.0
1981,1981-05-01,Team Lotus,6.0
1981,1981-06-01,Team Lotus,3.0
1981,1981-07-01,Team Lotus,1.0
1981,1981-08-01,Team Lotus,2.0
1981,1981-09-01,Team Lotus,4.0
1981,1981-10-01,Team Lotus,3.0
1982,1982-01-01,Team Lotus,0.0
1982,1982-03-01,Team Lotus,4.0
1982,1982-04-01,Team Lotus,2.0
1982,1982-05-01,Team Lotus,8.0
1982,1982-06-01,Team Lotus,3.0
1982,1982-07-01,Team Lotus,3.0
1982,1982-08-01,Team Lotus,10.0
1982,1982-09-01,Team Lotus,0.0
1983,1983-03-01,Team Lotus,0.0
1983,1983-04-01,Team Lotus,0.0
1983,1983-05-01,Team Lotus,0.0
1983,1983-06-01,Team Lotus,1.0
1983,1983-07-01,Team Lotus,3.0
1983,1983-08-01,Team Lotus,2.0
1983,1983-09-01,Team Lotus,6.0
1983,1983-10-01,Team Lotus,0.0
1984,1984-03-01,Team Lotus,4.0
1984,1984-04-01,Team Lotus,2.0
1984,1984-05-01,Team Lotus,10.0
1984,1984-06-01,Team Lotus,11.0
1984,1984-07-01,Team Lotus,8.0
1984,1984-08-01,Team Lotus,10.0
1984,1984-09-01,Team Lotus,0.0
1984,1984-10-01,Team Lotus,2.0
1985,1985-04-01,Team Lotus,16.0
1985,1985-05-01,Team Lotus,13.0
1985,1985-06-01,Team Lotus,4.0
1985,1985-07-01,Team Lotus,2.0
1985,1985-08-01,Team Lotus,14.0
1985,1985-09-01,Team Lotus,14.0
1985,1985-10-01,Team Lotus,8.0
1985,1985-11-01,Team Lotus,0.0
1986,1986-03-01,Team Lotus,6.0
1986,1986-04-01,Team Lotus,9.0
1986,1986-05-01,Team Lotus,10.0
1986,1986-06-01,Team Lotus,11.0
1986,1986-07-01,Team Lotus,6.0
1986,1986-08-01,Team Lotus,8.0
1986,1986-09-01,Team Lotus,3.0
1986,1986-10-01,Team Lotus,5.0
1987,1987-04-01,Team Lotus,0.0
1987,1987-05-01,Team Lotus,18.0
1987,1987-06-01,Team Lotus,9.0
1987,1987-07-01,Team Lotus,14.0
1987,1987-08-01,Team Lotus,8.0
1987,1987-09-01,Team Lotus,8.0
1987,1987-10-01,Team Lotus,0.0
1987,1987-11-01,Team Lotus,7.0
1988,1988-04-01,Team Lotus,5.0
1988,1988-05-01,Team Lotus,4.0
1988,1988-06-01,Team Lotus,3.0
1988,1988-07-01,Team Lotus,4.0
1988,1988-08-01,Team Lotus,3.0
1988,1988-09-01,Team Lotus,0.0
1988,1988-10-01,Team Lotus,0.0
1988,1988-11-01,Team Lotus,4.0
1989,1989-03-01,Team Lotus,0.0
1989,1989-04-01,Team Lotus,0.0
1989,1989-05-01,Team Lotus,0.0
1989,1989-06-01,Team Lotus,3.0
1989,1989-07-01,Team Lotus,5.0
1989,1989-08-01,Team Lotus,1.0
1989,1989-09-01,Team Lotus,0.0
1989,1989-10-01,Team Lotus,3.0
1989,1989-11-01,Team Lotus,3.0
1990,1990-03-01,Team Lotus,0.0
1990,1990-05-01,Team Lotus,0.0
1990,1990-06-01,Team Lotus,1.0
1990,1990-07-01,Team Lotus,0.0
1990,1990-08-01,Team Lotus,2.0
1990,1990-09-01,Team Lotus,0.0
1990,1990-10-01,Team Lotus,0.0
1990,1990-11-01,Team Lotus,0.0
1991,1991-03-01,Team Lotus,0.0
1991,1991-04-01,Team Lotus,3.0
1991,1991-05-01,Team Lotus,0.0
1991,1991-06-01,Team Lotus,0.0
1991,1991-07-01,Team Lotus,0.0
1991,1991-08-01,Team Lotus,0.0
1991,1991-09-01,Team Lotus,0.0
1991,1991-10-01,Team Lotus,0.0
1991,1991-11-01,Team Lotus,0.0
1992,1992-03-01,Team Lotus,2.0
1992,1992-04-01,Team Lotus,0.0
1992,1992-05-01,Team Lotus,0.0
1992,1992-06-01,Team Lotus,0.0
1992,1992-07-01,Team Lotus,5.0
1992,1992-08-01,Team Lotus,4.0
1992,1992-09-01,Team Lotus,2.0
1992,1992-10-01,Team Lotus,0.0
1992,1992-11-01,Team Lotus,0.0
1993,1993-03-01,Team Lotus,4.0
1993,1993-04-01,Team Lotus,3.0
1993,1993-05-01,Team Lotus,0.0
1993,1993-06-01,Team Lotus,0.0
1993,1993-07-01,Team Lotus,3.0
1993,1993-08-01,Team Lotus,2.0
1993,1993-09-01,Team Lotus,0.0
1993,1993-10-01,Team Lotus,0.0
1993,1993-11-01,Team Lotus,0.0
1994,1994-03-01,Team Lotus,0.0
1994,1994-04-01,Team Lotus,0.0
1994,1994-05-01,Team Lotus,0.0
1994,1994-06-01,Team Lotus,0.0
1994,1994-07-01,Team Lotus,0.0
1994,1994-08-01,Team Lotus,0.0
1994,1994-09-01,Team Lotus,0.0
1994,1994-10-01,Team Lotus,0.0
1994,1994-11-01,Team Lotus,0.0
1987,1987-05-01,Larrousse,0.0
1987,1987-06-01,Larrousse,0.0
1987,1987-07-01,Larrousse,1.0
1987,1987-08-01,Larrousse,0.0
1987,1987-09-01,Larrousse,1.0
1987,1987-10-01,Larrousse,1.0
1987,1987-11-01,Larrousse,0.0
1988,1988-04-01,Larrousse,0.0
1988,1988-05-01,Larrousse,0.0
1988,1988-06-01,Larrousse,0.0
1988,1988-07-01,Larrousse,0.0
1988,1988-08-01,Larrousse,0.0
1988,1988-09-01,Larrousse,0.0
1988,1988-10-01,Larrousse,0.0
1988,1988-11-01,Larrousse,0.0
1989,1989-03-01,Larrousse,0.0
1989,1989-04-01,Larrousse,0.0
1989,1989-05-01,Larrousse,0.0
1989,1989-06-01,Larrousse,0.0
1989,1989-07-01,Larrousse,0.0
1989,1989-08-01,Larrousse,0.0
1989,1989-09-01,Larrousse,0.0
1989,1989-10-01,Larrousse,1.0
1989,1989-11-01,Larrousse,0.0
1990,1990-03-01,Larrousse,0.0
1990,1990-05-01,Larrousse,1.0
1990,1990-06-01,Larrousse,0.0
1990,1990-07-01,Larrousse,4.0
1990,1990-08-01,Larrousse,1.0
1990,1990-09-01,Larrousse,1.0
1990,1990-10-01,Larrousse,4.0
1990,1990-11-01,Larrousse,0.0
1991,1991-03-01,Larrousse,1.0
1991,1991-11-01,Larrousse,0.0
1992,1992-03-01,Larrousse,0.0
1992,1992-04-01,Larrousse,0.0
1992,1992-05-01,Larrousse,1.0
1992,1992-06-01,Larrousse,0.0
1992,1992-07-01,Larrousse,0.0
1992,1992-08-01,Larrousse,0.0
1992,1992-09-01,Larrousse,0.0
1992,1992-10-01,Larrousse,0.0
1992,1992-11-01,Larrousse,0.0
1993,1993-03-01,Larrousse,0.0
1993,1993-04-01,Larrousse,2.0
1993,1993-05-01,Larrousse,0.0
1993,1993-06-01,Larrousse,0.0
1993,1993-07-01,Larrousse,0.0
1993,1993-08-01,Larrousse,0.0
1993,1993-09-01,Larrousse,1.0
1993,1993-10-01,Larrousse,0.0
1993,1993-11-01,Larrousse,0.0
1994,1994-03-01,Larrousse,0.0
1994,1994-04-01,Larrousse,1.0
1994,1994-05-01,Larrousse,0.0
1994,1994-06-01,Larrousse,0.0
1994,1994-07-01,Larrousse,1.0
1994,1994-08-01,Larrousse,0.0
1994,1994-09-01,Larrousse,0.0
1994,1994-10-01,Larrousse,0.0
1994,1994-11-01,Larrousse,0.0
1962,1962-08-01,Brabham,0.0
1962,1962-10-01,Brabham,3.0
1962,1962-12-01,Brabham,3.0
1963,1963-05-01,Brabham,0.0
1963,1963-06-01,Brabham,13.0
1963,1963-07-01,Brabham,0.0
1963,1963-08-01,Brabham,0.0
1963,1963-09-01,Brabham,2.0
1963,1963-10-01,Brabham,9.0
1963,1963-12-01,Brabham,6.0
1970,1970-03-01,Brabham,9.0
1970,1970-04-01,Brabham,0.0
1970,1970-05-01,Brabham,6.0
1970,1970-06-01,Brabham,2.0
1970,1970-07-01,Brabham,10.0
1970,1970-08-01,Brabham,6.0
1970,1970-09-01,Brabham,2.0
1970,1970-10-01,Brabham,0.0
1971,1971-03-01,Brabham,0.0
1971,1971-04-01,Brabham,0.0
1971,1971-05-01,Brabham,0.0
1971,1971-06-01,Brabham,0.0
1971,1971-07-01,Brabham,0.0
1971,1971-08-01,Brabham,5.0
1971,1971-09-01,Brabham,0.0
1971,1971-10-01,Brabham,0.0
1972,1972-01-01,Brabham,0.0
1972,1972-03-01,Brabham,1.0
1972,1972-05-01,Brabham,0.0
1972,1972-06-01,Brabham,0.0
1972,1972-07-01,Brabham,1.0
1972,1972-08-01,Brabham,0.0
1972,1972-09-01,Brabham,5.0
1972,1972-10-01,Brabham,0.0
1973,1973-01-01,Brabham,1.0
1973,1973-02-01,Brabham,0.0
1973,1973-03-01,Brabham,0.0
1973,1973-04-01,Brabham,0.0
1973,1973-05-01,Brabham,3.0
1973,1973-06-01,Brabham,3.0
1973,1973-07-01,Brabham,5.0
1973,1973-08-01,Brabham,5.0
1973,1973-09-01,Brabham,1.0
1973,1973-10-01,Brabham,4.0
1974,1974-01-01,Brabham,0.0
1974,1974-03-01,Brabham,9.0
1974,1974-04-01,Brabham,0.0
1974,1974-05-01,Brabham,1.0
1974,1974-06-01,Brabham,0.0
1974,1974-07-01,Brabham,1.0
1974,1974-08-01,Brabham,13.0
1974,1974-09-01,Brabham,2.0
1974,1974-10-01,Brabham,9.0
1975,1975-01-01,Brabham,13.0
1975,1975-03-01,Brabham,6.0
1975,1975-04-01,Brabham,2.0
1975,1975-05-01,Brabham,8.0
1975,1975-06-01,Brabham,9.0
1975,1975-07-01,Brabham,6.0
1975,1975-08-01,Brabham,9.0
1975,1975-09-01,Brabham,3.0
1975,1975-10-01,Brabham,0.0
1977,1977-01-01,Brabham,6.0
1977,1977-03-01,Brabham,1.0
1977,1977-04-01,Brabham,0.0
1977,1977-05-01,Brabham,1.0
1977,1977-06-01,Brabham,3.0
1977,1977-07-01,Brabham,12.0
1977,1977-08-01,Brabham,4.0
1977,1977-09-01,Brabham,0.0
1977,1977-10-01,Brabham,0.0
1978,1978-01-01,Brabham,10.0
1978,1978-03-01,Brabham,4.0
1978,1978-04-01,Brabham,0.0
1978,1978-05-01,Brabham,6.0
1978,1978-06-01,Brabham,11.0
1978,1978-07-01,Brabham,9.0
1978,1978-08-01,Brabham,4.0
1978,1978-09-01,Brabham,9.0
1978,1978-10-01,Brabham,0.0
1979,1979-03-01,Brabham,1.0
1979,1979-08-01,Brabham,0.0
1980,1980-01-01,Brabham,6.0
1980,1980-03-01,Brabham,12.0
1980,1980-05-01,Brabham,4.0
1980,1980-06-01,Brabham,3.0
1980,1980-07-01,Brabham,6.0
1980,1980-08-01,Brabham,14.0
1980,1980-09-01,Brabham,10.0
1980,1980-10-01,Brabham,0.0
1981,1981-03-01,Brabham,4.0
1981,1981-04-01,Brabham,9.0
1981,1981-05-01,Brabham,12.0
1981,1981-06-01,Brabham,0.0
1981,1981-07-01,Brabham,6.0
1981,1981-08-01,Brabham,25.0
1981,1981-09-01,Brabham,3.0
1981,1981-10-01,Brabham,2.0
1982,1982-01-01,Brabham,0.0
1982,1982-03-01,Brabham,0.0
1982,1982-04-01,Brabham,4.0
1982,1982-05-01,Brabham,11.0
1982,1982-06-01,Brabham,15.0
1982,1982-07-01,Brabham,6.0
1982,1982-08-01,Brabham,5.0
1982,1982-09-01,Brabham,0.0
1983,1983-03-01,Brabham,9.0
1983,1983-04-01,Brabham,6.0
1983,1983-05-01,Brabham,9.0
1983,1983-06-01,Brabham,3.0
1983,1983-07-01,Brabham,6.0
1983,1983-08-01,Brabham,8.0
1983,1983-09-01,Brabham,18.0
1983,1983-10-01,Brabham,13.0
1984,1984-03-01,Brabham,0.0
1984,1984-04-01,Brabham,0.0
1984,1984-05-01,Brabham,0.0
1984,1984-06-01,Brabham,22.0
1984,1984-07-01,Brabham,0.0
1984,1984-08-01,Brabham,11.0
1984,1984-09-01,Brabham,0.0
1984,1984-10-01,Brabham,5.0
1985,1985-04-01,Brabham,0.0
1985,1985-05-01,Brabham,0.0
1985,1985-06-01,Brabham,1.0
1985,1985-07-01,Brabham,13.0
1985,1985-08-01,Brabham,1.0
1985,1985-09-01,Brabham,11.0
1985,1985-10-01,Brabham,0.0
1985,1985-11-01,Brabham,0.0
1986,1986-03-01,Brabham,0.0
1986,1986-04-01,Brabham,1.0
1986,1986-05-01,Brabham,0.0
1986,1986-06-01,Brabham,1.0
1986,1986-07-01,Brabham,0.0
1986,1986-08-01,Brabham,0.0
1986,1986-09-01,Brabham,0.0
1986,1986-10-01,Brabham,0.0
1987,1987-04-01,Brabham,0.0
1987,1987-05-01,Brabham,4.0
1987,1987-06-01,Brabham,0.0
1987,1987-07-01,Brabham,0.0
1987,1987-08-01,Brabham,2.0
1987,1987-09-01,Brabham,0.0
1987,1987-10-01,Brabham,4.0
1987,1987-11-01,Brabham,0.0
1989,1989-03-01,Brabham,0.0
1989,1989-04-01,Brabham,0.0
1989,1989-05-01,Brabham,5.0
1989,1989-06-01,Brabham,0.0
1989,1989-07-01,Brabham,0.0
1989,1989-08-01,Brabham,0.0
1989,1989-09-01,Brabham,1.0
1989,1989-10-01,Brabham,2.0
1989,1989-11-01,Brabham,0.0
1990,1990-03-01,Brabham,2.0
1990,1990-05-01,Brabham,0.0
1990,1990-06-01,Brabham,0.0
1990,1990-07-01,Brabham,0.0
1990,1990-08-01,Brabham,0.0
1990,1990-09-01,Brabham,0.0
1990,1990-10-01,Brabham,0.0
1990,1990-11-01,Brabham,0.0
1991,1991-03-01,Brabham,0.0
1991,1991-04-01,Brabham,0.0
1991,1991-05-01,Brabham,0.0
1991,1991-06-01,Brabham,0.0
1991,1991-07-01,Brabham,0.0
1991,1991-08-01,Brabham,1.0
1991,1991-09-01,Brabham,0.0
1991,1991-10-01,Brabham,2.0
1991,1991-11-01,Brabham,0.0
1992,1992-03-01,Brabham,0.0
1992,1992-04-01,Brabham,0.0
1992,1992-05-01,Brabham,0.0
1992,1992-06-01,Brabham,0.0
1992,1992-07-01,Brabham,0.0
1992,1992-08-01,Brabham,0.0
1988,1988-04-01,Dallara,0.0
1988,1988-05-01,Dallara,0.0
1988,1988-06-01,Dallara,0.0
1988,1988-07-01,Dallara,0.0
1988,1988-08-01,Dallara,0.0
1988,1988-09-01,Dallara,0.0
1988,1988-10-01,Dallara,0.0
1988,1988-11-01,Dallara,0.0
1989,1989-03-01,Dallara,0.0
1989,1989-04-01,Dallara,0.0
1989,1989-05-01,Dallara,3.0
1989,1989-06-01,Dallara,5.0
1989,1989-07-01,Dallara,0.0
1989,1989-08-01,Dallara,0.0
1989,1989-09-01,Dallara,0.0
1989,1989-10-01,Dallara,0.0
1989,1989-11-01,Dallara,0.0
1990,1990-03-01,Dallara,0.0
1990,1990-05-01,Dallara,0.0
1990,1990-06-01,Dallara,0.0
1990,1990-07-01,Dallara,0.0
1990,1990-08-01,Dallara,0.0
1990,1990-09-01,Dallara,0.0
1990,1990-10-01,Dallara,0.0
1990,1990-11-01,Dallara,0.0
1991,1991-03-01,Dallara,0.0
1991,1991-04-01,Dallara,4.0
1991,1991-05-01,Dallara,1.0
1991,1991-06-01,Dallara,0.0
1991,1991-07-01,Dallara,0.0
1991,1991-08-01,Dallara,0.0
1991,1991-09-01,Dallara,0.0
1991,1991-10-01,Dallara,0.0
1991,1991-11-01,Dallara,0.0
1992,1992-03-01,Dallara,0.0
1992,1992-04-01,Dallara,0.0
1992,1992-05-01,Dallara,2.0
1992,1992-06-01,Dallara,0.0
1992,1992-07-01,Dallara,0.0
1992,1992-08-01,Dallara,0.0
1992,1992-09-01,Dallara,0.0
1992,1992-10-01,Dallara,0.0
1992,1992-11-01,Dallara,0.0
1991,1991-03-01,Fondmetal,0.0
1991,1991-04-01,Fondmetal,0.0
1991,1991-05-01,Fondmetal,0.0
1991,1991-06-01,Fondmetal,0.0
1991,1991-07-01,Fondmetal,0.0
1991,1991-08-01,Fondmetal,0.0
1991,1991-09-01,Fondmetal,0.0
1991,1991-10-01,Fondmetal,0.0
1991,1991-11-01,Fondmetal,0.0
1992,1992-03-01,Fondmetal,0.0
1992,1992-04-01,Fondmetal,0.0
1992,1992-05-01,Fondmetal,0.0
1992,1992-06-01,Fondmetal,0.0
1992,1992-07-01,Fondmetal,0.0
1992,1992-08-01,Fondmetal,0.0
1992,1992-09-01,Fondmetal,0.0
1970,1970-03-01,March,4.0
1970,1970-04-01,March,9.0
1970,1970-05-01,March,0.0
1970,1970-06-01,March,12.0
1970,1970-07-01,March,8.0
1970,1970-08-01,March,0.0
1970,1970-09-01,March,10.0
1970,1970-10-01,March,5.0
1972,1972-01-01,March,1.0
1972,1972-03-01,March,2.0
1972,1972-05-01,March,1.0
1972,1972-06-01,March,2.0
1972,1972-07-01,March,6.0
1972,1972-08-01,March,0.0
1972,1972-09-01,March,0.0
1972,1972-10-01,March,3.0
1973,1973-01-01,March,0.0
1973,1973-02-01,March,0.0
1973,1973-03-01,March,0.0
1973,1973-04-01,March,0.0
1973,1973-05-01,March,0.0
1973,1973-06-01,March,0.0
1973,1973-07-01,March,8.0
1973,1973-08-01,March,0.0
1973,1973-09-01,March,0.0
1973,1973-10-01,March,6.0
1974,1974-01-01,March,0.0
1974,1974-03-01,March,2.0
1974,1974-04-01,March,3.0
1974,1974-05-01,March,0.0
1974,1974-06-01,March,0.0
1974,1974-07-01,March,0.0
1974,1974-08-01,March,1.0
1974,1974-09-01,March,0.0
1974,1974-10-01,March,0.0
1975,1975-01-01,March,0.0
1975,1975-03-01,March,0.0
1975,1975-04-01,March,1.0
1975,1975-05-01,March,0.0
1975,1975-06-01,March,0.0
1975,1975-07-01,March,2.0
1975,1975-08-01,March,4.5
1975,1975-09-01,March,0.0
1975,1975-10-01,March,0.0
1976,1976-01-01,March,3.0
1976,1976-03-01,March,0.0
1976,1976-05-01,March,3.0
1976,1976-06-01,March,0.0
1976,1976-07-01,March,0.0
1976,1976-08-01,March,2.0
1976,1976-09-01,March,9.0
1976,1976-10-01,March,2.0
1977,1977-01-01,March,0.0
1977,1977-03-01,March,0.0
1977,1977-04-01,March,0.0
1977,1977-05-01,March,0.0
1977,1977-06-01,March,0.0
1977,1977-07-01,March,0.0
1977,1977-08-01,March,0.0
1977,1977-09-01,March,0.0
1977,1977-10-01,March,0.0
1981,1981-03-01,March,0.0
1981,1981-04-01,March,0.0
1981,1981-05-01,March,0.0
1981,1981-06-01,March,0.0
1981,1981-07-01,March,0.0
1981,1981-08-01,March,0.0
1981,1981-09-01,March,0.0
1981,1981-10-01,March,0.0
1982,1982-01-01,March,0.0
1982,1982-03-01,March,0.0
1982,1982-04-01,March,0.0
1982,1982-05-01,March,0.0
1982,1982-06-01,March,0.0
1982,1982-07-01,March,0.0
1982,1982-08-01,March,0.0
1982,1982-09-01,March,0.0
1987,1987-04-01,March,0.0
1987,1987-05-01,March,1.0
1987,1987-06-01,March,0.0
1987,1987-07-01,March,0.0
1987,1987-08-01,March,0.0
1987,1987-09-01,March,0.0
1987,1987-10-01,March,0.0
1987,1987-11-01,March,0.0
1988,1988-04-01,March,0.0
1988,1988-05-01,March,0.0
1988,1988-06-01,March,2.0
1988,1988-07-01,March,5.0
1988,1988-08-01,March,6.0
1988,1988-09-01,March,8.0
1988,1988-10-01,March,0.0
1988,1988-11-01,March,1.0
1989,1989-03-01,March,4.0
1989,1989-04-01,March,0.0
1989,1989-05-01,March,0.0
1989,1989-06-01,March,0.0
1989,1989-07-01,March,0.0
1989,1989-08-01,March,0.0
1989,1989-09-01,March,0.0
1989,1989-10-01,March,0.0
1989,1989-11-01,March,0.0
1992,1992-03-01,March,0.0
1992,1992-04-01,March,0.0
1992,1992-05-01,March,0.0
1992,1992-06-01,March,3.0
1992,1992-07-01,March,0.0
1992,1992-08-01,March,0.0
1992,1992-09-01,March,0.0
1992,1992-10-01,March,0.0
1992,1992-11-01,March,0.0
1992,1992-05-01,Andrea Moda,0.0
1992,1992-06-01,Andrea Moda,0.0
1992,1992-07-01,Andrea Moda,0.0
1992,1992-08-01,Andrea Moda,0.0
1986,1986-09-01,AGS,0.0
1987,1987-04-01,AGS,0.0
1987,1987-05-01,AGS,0.0
1987,1987-06-01,AGS,0.0
1987,1987-07-01,AGS,0.0
1987,1987-08-01,AGS,0.0
1987,1987-09-01,AGS,0.0
1987,1987-11-01,AGS,1.0
1988,1988-04-01,AGS,0.0
1988,1988-05-01,AGS,0.0
1988,1988-06-01,AGS,0.0
1988,1988-07-01,AGS,0.0
1988,1988-08-01,AGS,0.0
1988,1988-09-01,AGS,0.0
1988,1988-10-01,AGS,0.0
1988,1988-11-01,AGS,0.0
1989,1989-03-01,AGS,0.0
1989,1989-04-01,AGS,0.0
1989,1989-05-01,AGS,1.0
1989,1989-06-01,AGS,0.0
1989,1989-07-01,AGS,0.0
1989,1989-08-01,AGS,0.0
1989,1989-09-01,AGS,0.0
1989,1989-10-01,AGS,0.0
1989,1989-11-01,AGS,0.0
1990,1990-03-01,AGS,0.0
1990,1990-05-01,AGS,0.0
1990,1990-06-01,AGS,0.0
1990,1990-07-01,AGS,0.0
1990,1990-08-01,AGS,0.0
1990,1990-09-01,AGS,0.0
1990,1990-10-01,AGS,0.0
1990,1990-11-01,AGS,0.0
1991,1991-03-01,AGS,0.0
1991,1991-04-01,AGS,0.0
1991,1991-05-01,AGS,0.0
1991,1991-06-01,AGS,0.0
1991,1991-07-01,AGS,0.0
1991,1991-08-01,AGS,0.0
1991,1991-09-01,AGS,0.0
1991,1991-03-01,Lambo,0.0
1991,1991-04-01,Lambo,0.0
1991,1991-05-01,Lambo,0.0
1991,1991-06-01,Lambo,0.0
1991,1991-07-01,Lambo,0.0
1991,1991-08-01,Lambo,0.0
1991,1991-09-01,Lambo,0.0
1991,1991-10-01,Lambo,0.0
1991,1991-11-01,Lambo,0.0
1990,1990-03-01,Leyton House,0.0
1990,1990-05-01,Leyton House,0.0
1990,1990-06-01,Leyton House,0.0
1990,1990-07-01,Leyton House,6.0
1990,1990-08-01,Leyton House,1.0
1990,1990-09-01,Leyton House,0.0
1990,1990-10-01,Leyton House,0.0
1990,1990-11-01,Leyton House,0.0
1991,1991-03-01,Leyton House,0.0
1991,1991-04-01,Leyton House,0.0
1991,1991-05-01,Leyton House,0.0
1991,1991-06-01,Leyton House,0.0
1991,1991-07-01,Leyton House,0.0
1991,1991-08-01,Leyton House,1.0
1991,1991-09-01,Leyton House,0.0
1991,1991-10-01,Leyton House,0.0
1991,1991-11-01,Leyton House,0.0
1987,1987-09-01,Coloni,0.0
1988,1988-04-01,Coloni,0.0
1988,1988-05-01,Coloni,0.0
1988,1988-06-01,Coloni,0.0
1988,1988-07-01,Coloni,0.0
1988,1988-08-01,Coloni,0.0
1988,1988-09-01,Coloni,0.0
1988,1988-10-01,Coloni,0.0
1988,1988-11-01,Coloni,0.0
1989,1989-03-01,Coloni,0.0
1989,1989-04-01,Coloni,0.0
1989,1989-05-01,Coloni,0.0
1989,1989-06-01,Coloni,0.0
1989,1989-07-01,Coloni,0.0
1989,1989-08-01,Coloni,0.0
1989,1989-09-01,Coloni,0.0
1989,1989-10-01,Coloni,0.0
1989,1989-11-01,Coloni,0.0
1990,1990-03-01,Coloni,0.0
1990,1990-05-01,Coloni,0.0
1990,1990-06-01,Coloni,0.0
1990,1990-07-01,Coloni,0.0
1990,1990-08-01,Coloni,0.0
1990,1990-09-01,Coloni,0.0
1990,1990-10-01,Coloni,0.0
1990,1990-11-01,Coloni,0.0
1991,1991-03-01,Coloni,0.0
1991,1991-04-01,Coloni,0.0
1991,1991-05-01,Coloni,0.0
1991,1991-06-01,Coloni,0.0
1991,1991-07-01,Coloni,0.0
1991,1991-08-01,Coloni,0.0
1991,1991-09-01,Coloni,0.0
1991,1991-10-01,Coloni,0.0
1991,1991-11-01,Coloni,0.0
1988,1988-04-01,Euro Brun,0.0
1988,1988-05-01,Euro Brun,0.0
1988,1988-06-01,Euro Brun,0.0
1988,1988-07-01,Euro Brun,0.0
1988,1988-08-01,Euro Brun,0.0
1988,1988-09-01,Euro Brun,0.0
1988,1988-10-01,Euro Brun,0.0
1988,1988-11-01,Euro Brun,0.0
1989,1989-03-01,Euro Brun,0.0
1989,1989-04-01,Euro Brun,0.0
1989,1989-05-01,Euro Brun,0.0
1989,1989-06-01,Euro Brun,0.0
1989,1989-07-01,Euro Brun,0.0
1989,1989-08-01,Euro Brun,0.0
1989,1989-09-01,Euro Brun,0.0
1989,1989-10-01,Euro Brun,0.0
1989,1989-11-01,Euro Brun,0.0
1990,1990-03-01,Euro Brun,0.0
1990,1990-05-01,Euro Brun,0.0
1990,1990-06-01,Euro Brun,0.0
1990,1990-07-01,Euro Brun,0.0
1990,1990-08-01,Euro Brun,0.0
1990,1990-09-01,Euro Brun,0.0
1980,1980-01-01,Osella,0.0
1980,1980-03-01,Osella,0.0
1980,1980-05-01,Osella,0.0
1980,1980-06-01,Osella,0.0
1980,1980-07-01,Osella,0.0
1980,1980-08-01,Osella,0.0
1980,1980-09-01,Osella,0.0
1980,1980-10-01,Osella,0.0
1981,1981-03-01,Osella,0.0
1981,1981-04-01,Osella,0.0
1981,1981-05-01,Osella,0.0
1981,1981-06-01,Osella,0.0
1981,1981-07-01,Osella,0.0
1981,1981-08-01,Osella,0.0
1981,1981-09-01,Osella,0.0
1981,1981-10-01,Osella,0.0
1982,1982-01-01,Osella,0.0
1982,1982-03-01,Osella,0.0
1982,1982-04-01,Osella,3.0
1982,1982-05-01,Osella,0.0
1982,1982-06-01,Osella,0.0
1982,1982-07-01,Osella,0.0
1982,1982-08-01,Osella,0.0
1982,1982-09-01,Osella,0.0
1983,1983-03-01,Osella,0.0
1983,1983-04-01,Osella,0.0
1983,1983-05-01,Osella,0.0
1983,1983-06-01,Osella,0.0
1983,1983-07-01,Osella,0.0
1983,1983-08-01,Osella,0.0
1983,1983-09-01,Osella,0.0
1983,1983-10-01,Osella,0.0
1984,1984-03-01,Osella,0.0
1984,1984-04-01,Osella,0.0
1984,1984-05-01,Osella,0.0
1984,1984-06-01,Osella,0.0
1984,1984-07-01,Osella,2.0
1984,1984-08-01,Osella,0.0
1984,1984-09-01,Osella,0.0
1984,1984-10-01,Osella,0.0
1985,1985-04-01,Osella,0.0
1985,1985-05-01,Osella,0.0
1985,1985-06-01,Osella,0.0
1985,1985-07-01,Osella,0.0
1985,1985-08-01,Osella,0.0
1985,1985-09-01,Osella,0.0
1985,1985-10-01,Osella,0.0
1985,1985-11-01,Osella,0.0
1986,1986-03-01,Osella,0.0
1986,1986-04-01,Osella,0.0
1986,1986-05-01,Osella,0.0
1986,1986-06-01,Osella,0.0
1986,1986-07-01,Osella,0.0
1986,1986-08-01,Osella,0.0
1986,1986-09-01,Osella,0.0
1986,1986-10-01,Osella,0.0
1987,1987-04-01,Osella,0.0
1987,1987-05-01,Osella,0.0
1987,1987-06-01,Osella,0.0
1987,1987-07-01,Osella,0.0
1987,1987-08-01,Osella,0.0
1987,1987-09-01,Osella,0.0
1987,1987-10-01,Osella,0.0
1987,1987-11-01,Osella,0.0
1988,1988-04-01,Osella,0.0
1988,1988-05-01,Osella,0.0
1988,1988-06-01,Osella,0.0
1988,1988-07-01,Osella,0.0
1988,1988-08-01,Osella,0.0
1988,1988-09-01,Osella,0.0
1988,1988-10-01,Osella,0.0
1988,1988-11-01,Osella,0.0
1989,1989-03-01,Osella,0.0
1989,1989-04-01,Osella,0.0
1989,1989-05-01,Osella,0.0
1989,1989-06-01,Osella,0.0
1989,1989-07-01,Osella,0.0
1989,1989-08-01,Osella,0.0
1989,1989-09-01,Osella,0.0
1989,1989-10-01,Osella,0.0
1989,1989-11-01,Osella,0.0
1990,1990-03-01,Osella,0.0
1990,1990-05-01,Osella,0.0
1990,1990-06-01,Osella,0.0
1990,1990-07-01,Osella,0.0
1990,1990-08-01,Osella,0.0
1990,1990-09-01,Osella,0.0
1990,1990-10-01,Osella,0.0
1990,1990-11-01,Osella,0.0
1989,1989-03-01,Onyx,0.0
1989,1989-04-01,Onyx,0.0
1989,1989-05-01,Onyx,0.0
1989,1989-06-01,Onyx,0.0
1989,1989-07-01,Onyx,2.0
1989,1989-08-01,Onyx,0.0
1989,1989-09-01,Onyx,4.0
1989,1989-10-01,Onyx,0.0
1989,1989-11-01,Onyx,0.0
1990,1990-03-01,Onyx,0.0
1990,1990-05-01,Onyx,0.0
1990,1990-06-01,Onyx,0.0
1990,1990-07-01,Onyx,0.0
1990,1990-08-01,Onyx,0.0
1990,1990-03-01,Life,0.0
1990,1990-05-01,Life,0.0
1990,1990-06-01,Life,0.0
1990,1990-07-01,Life,0.0
1990,1990-08-01,Life,0.0
1990,1990-09-01,Life,0.0
1988,1988-04-01,Rial,0.0
1988,1988-05-01,Rial,0.0
1988,1988-06-01,Rial,3.0
1988,1988-07-01,Rial,0.0
1988,1988-08-01,Rial,0.0
1988,1988-09-01,Rial,0.0
1988,1988-10-01,Rial,0.0
1988,1988-11-01,Rial,0.0
1989,1989-03-01,Rial,0.0
1989,1989-04-01,Rial,0.0
1989,1989-05-01,Rial,0.0
1989,1989-06-01,Rial,3.0
1989,1989-07-01,Rial,0.0
1989,1989-08-01,Rial,0.0
1989,1989-09-01,Rial,0.0
1989,1989-10-01,Rial,0.0
1989,1989-11-01,Rial,0.0
1985,1985-04-01,Zakspeed,0.0
1985,1985-05-01,Zakspeed,0.0
1985,1985-07-01,Zakspeed,0.0
1985,1985-08-01,Zakspeed,0.0
1985,1985-09-01,Zakspeed,0.0
1985,1985-10-01,Zakspeed,0.0
1986,1986-03-01,Zakspeed,0.0
1986,1986-04-01,Zakspeed,0.0
1986,1986-05-01,Zakspeed,0.0
1986,1986-06-01,Zakspeed,0.0
1986,1986-07-01,Zakspeed,0.0
1986,1986-08-01,Zakspeed,0.0
1986,1986-09-01,Zakspeed,0.0
1986,1986-10-01,Zakspeed,0.0
1987,1987-04-01,Zakspeed,0.0
1987,1987-05-01,Zakspeed,2.0
1987,1987-06-01,Zakspeed,0.0
1987,1987-07-01,Zakspeed,0.0
1987,1987-08-01,Zakspeed,0.0
1987,1987-09-01,Zakspeed,0.0
1987,1987-10-01,Zakspeed,0.0
1987,1987-11-01,Zakspeed,0.0
1988,1988-04-01,Zakspeed,0.0
1988,1988-05-01,Zakspeed,0.0
1988,1988-06-01,Zakspeed,0.0
1988,1988-07-01,Zakspeed,0.0
1988,1988-08-01,Zakspeed,0.0
1988,1988-09-01,Zakspeed,0.0
1988,1988-10-01,Zakspeed,0.0
1988,1988-11-01,Zakspeed,0.0
1989,1989-03-01,Zakspeed,0.0
1989,1989-04-01,Zakspeed,0.0
1989,1989-05-01,Zakspeed,0.0
1989,1989-06-01,Zakspeed,0.0
1989,1989-07-01,Zakspeed,0.0
1989,1989-08-01,Zakspeed,0.0
1989,1989-09-01,Zakspeed,0.0
1989,1989-10-01,Zakspeed,0.0
1989,1989-11-01,Zakspeed,0.0
1983,1983-03-01,RAM,0.0
1983,1983-04-01,RAM,0.0
1983,1983-05-01,RAM,0.0
1983,1983-06-01,RAM,0.0
1983,1983-07-01,RAM,0.0
1983,1983-08-01,RAM,0.0
1983,1983-09-01,RAM,0.0
1983,1983-10-01,RAM,0.0
1984,1984-03-01,RAM,0.0
1984,1984-04-01,RAM,0.0
1984,1984-05-01,RAM,0.0
1984,1984-06-01,RAM,0.0
1984,1984-07-01,RAM,0.0
1984,1984-08-01,RAM,0.0
1984,1984-09-01,RAM,0.0
1984,1984-10-01,RAM,0.0
1985,1985-04-01,RAM,0.0
1985,1985-05-01,RAM,0.0
1985,1985-06-01,RAM,0.0
1985,1985-07-01,RAM,0.0
1985,1985-08-01,RAM,0.0
1985,1985-09-01,RAM,0.0
1985,1985-10-01,RAM,0.0
1963,1963-12-01,Alfa Romeo,0.0
1965,1965-01-01,Alfa Romeo,0.0
1979,1979-05-01,Alfa Romeo,0.0
1979,1979-07-01,Alfa Romeo,0.0
1979,1979-09-01,Alfa Romeo,0.0
1979,1979-10-01,Alfa Romeo,0.0
1980,1980-01-01,Alfa Romeo,2.0
1980,1980-03-01,Alfa Romeo,0.0
1980,1980-05-01,Alfa Romeo,0.0
1980,1980-06-01,Alfa Romeo,0.0
1980,1980-07-01,Alfa Romeo,0.0
1980,1980-08-01,Alfa Romeo,2.0
1980,1980-09-01,Alfa Romeo,0.0
1980,1980-10-01,Alfa Romeo,0.0
1981,1981-03-01,Alfa Romeo,3.0
1981,1981-04-01,Alfa Romeo,0.0
1981,1981-05-01,Alfa Romeo,0.0
1981,1981-06-01,Alfa Romeo,0.0
1981,1981-07-01,Alfa Romeo,0.0
1981,1981-08-01,Alfa Romeo,0.0
1981,1981-09-01,Alfa Romeo,3.0
1981,1981-10-01,Alfa Romeo,4.0
1982,1982-01-01,Alfa Romeo,0.0
1982,1982-03-01,Alfa Romeo,0.0
1982,1982-04-01,Alfa Romeo,0.0
1982,1982-05-01,Alfa Romeo,4.0
1982,1982-06-01,Alfa Romeo,1.0
1982,1982-07-01,Alfa Romeo,0.0
1982,1982-08-01,Alfa Romeo,2.0
1982,1982-09-01,Alfa Romeo,0.0
1983,1983-03-01,Alfa Romeo,0.0
1983,1983-04-01,Alfa Romeo,0.0
1983,1983-05-01,Alfa Romeo,1.0
1983,1983-06-01,Alfa Romeo,0.0
1983,1983-07-01,Alfa Romeo,0.0
1983,1983-08-01,Alfa Romeo,8.0
1983,1983-09-01,Alfa Romeo,3.0
1983,1983-10-01,Alfa Romeo,6.0
1984,1984-03-01,Alfa Romeo,3.0
1984,1984-04-01,Alfa Romeo,3.0
1984,1984-05-01,Alfa Romeo,0.0
1984,1984-06-01,Alfa Romeo,0.0
1984,1984-07-01,Alfa Romeo,0.0
1984,1984-08-01,Alfa Romeo,0.0
1984,1984-09-01,Alfa Romeo,4.0
1984,1984-10-01,Alfa Romeo,1.0
1985,1985-04-01,Alfa Romeo,0.0
1985,1985-05-01,Alfa Romeo,0.0
1985,1985-06-01,Alfa Romeo,0.0
1985,1985-07-01,Alfa Romeo,0.0
1985,1985-08-01,Alfa Romeo,0.0
1985,1985-09-01,Alfa Romeo,0.0
1985,1985-10-01,Alfa Romeo,0.0
1985,1985-11-01,Alfa Romeo,0.0
2019,2019-03-01,Alfa Romeo,10.0
2019,2019-04-01,Alfa Romeo,3.0
2019,2019-05-01,Alfa Romeo,0.0
2019,2019-06-01,Alfa Romeo,9.0
2019,2019-07-01,Alfa Romeo,4.0
2019,2019-08-01,Alfa Romeo,6.0
2019,2019-09-01,Alfa Romeo,3.0
2019,2019-10-01,Alfa Romeo,0.0
2019,2019-11-01,Alfa Romeo,22.0
2019,2019-12-01,Alfa Romeo,0.0
2020,2020-07-01,Alfa Romeo,2.0
2020,2020-08-01,Alfa Romeo,0.0
2020,2020-09-01,Alfa Romeo,2.0
2020,2020-10-01,Alfa Romeo,1.0
2020,2020-11-01,Alfa Romeo,3.0
2020,2020-12-01,Alfa Romeo,0.0
2021,2021-03-01,Alfa Romeo,0.0
2021,2021-04-01,Alfa Romeo,0.0
2021,2021-05-01,Alfa Romeo,1.0
2021,2021-06-01,Alfa Romeo,1.0
2021,2021-07-01,Alfa Romeo,0.0
2021,2021-08-01,Alfa Romeo,1.0
2021,2021-09-01,Alfa Romeo,4.0
2021,2021-10-01,Alfa Romeo,0.0
2021,2021-11-01,Alfa Romeo,4.0
2021,2021-12-01,Alfa Romeo,2.0
2022,2022-03-01,Alfa Romeo,9.0
2022,2022-04-01,Alfa Romeo,16.0
2022,2022-05-01,Alfa Romeo,16.0
2022,2022-06-01,Alfa Romeo,10.0
2022,2022-07-01,Alfa Romeo,0.0
2022,2022-08-01,Alfa Romeo,0.0
2022,2022-09-01,Alfa Romeo,1.0
2022,2022-10-01,Alfa Romeo,1.0
2022,2022-11-01,Alfa Romeo,2.0
2023,2023-03-01,Alfa Romeo,4.0
2023,2023-04-01,Alfa Romeo,2.0
2023,2023-05-01,Alfa Romeo,0.0
2023,2023-06-01,Alfa Romeo,3.0
2023,2023-07-01,Alfa Romeo,0.0
2023,2023-08-01,Alfa Romeo,0.0
2023,2023-09-01,Alfa Romeo,1.0
2023,2023-10-01,Alfa Romeo,6.0
2023,2023-11-01,Alfa Romeo,0.0
1983,1983-07-01,Spirit,0.0
1983,1983-08-01,Spirit,0.0
1983,1983-09-01,Spirit,0.0
1984,1984-03-01,Spirit,0.0
1984,1984-04-01,Spirit,0.0
1984,1984-05-01,Spirit,0.0
1984,1984-06-01,Spirit,0.0
1984,1984-07-01,Spirit,0.0
1984,1984-08-01,Spirit,0.0
1984,1984-09-01,Spirit,0.0
1984,1984-10-01,Spirit,0.0
1985,1985-04-01,Spirit,0.0
1985,1985-05-01,Spirit,0.0
1981,1981-05-01,Toleman,0.0
1981,1981-06-01,Toleman,0.0
1981,1981-07-01,Toleman,0.0
1981,1981-08-01,Toleman,0.0
1981,1981-09-01,Toleman,0.0
1981,1981-10-01,Toleman,0.0
1982,1982-01-01,Toleman,0.0
1982,1982-03-01,Toleman,0.0
1982,1982-04-01,Toleman,0.0
1982,1982-05-01,Toleman,0.0
1982,1982-07-01,Toleman,0.0
1982,1982-08-01,Toleman,0.0
1982,1982-09-01,Toleman,0.0
1983,1983-03-01,Toleman,0.0
1983,1983-04-01,Toleman,0.0
1983,1983-05-01,Toleman,0.0
1983,1983-06-01,Toleman,0.0
1983,1983-07-01,Toleman,0.0
1983,1983-08-01,Toleman,3.0
1983,1983-09-01,Toleman,4.0
1983,1983-10-01,Toleman,3.0
1984,1984-03-01,Toleman,0.0
1984,1984-04-01,Toleman,2.0
1984,1984-05-01,Toleman,0.0
1984,1984-06-01,Toleman,3.0
1984,1984-07-01,Toleman,4.0
1984,1984-08-01,Toleman,0.0
1984,1984-09-01,Toleman,3.0
1984,1984-10-01,Toleman,4.0
1985,1985-05-01,Toleman,0.0
1985,1985-06-01,Toleman,0.0
1985,1985-07-01,Toleman,0.0
1985,1985-08-01,Toleman,0.0
1985,1985-09-01,Toleman,0.0
1985,1985-10-01,Toleman,0.0
1985,1985-11-01,Toleman,0.0
1963,1963-05-01,ATS,0.0
1963,1963-06-01,ATS,0.0
1963,1963-07-01,ATS,0.0
1963,1963-08-01,ATS,0.0
1963,1963-09-01,ATS,0.0
1963,1963-10-01,ATS,0.0
1978,1978-01-01,ATS,0.0
1978,1978-03-01,ATS,0.0
1978,1978-04-01,ATS,0.0
1978,1978-05-01,ATS,0.0
1978,1978-06-01,ATS,0.0
1978,1978-07-01,ATS,0.0
1978,1978-08-01,ATS,0.0
1978,1978-09-01,ATS,0.0
1978,1978-10-01,ATS,0.0
1979,1979-01-01,ATS,0.0
1979,1979-02-01,ATS,0.0
1979,1979-03-01,ATS,0.0
1979,1979-04-01,ATS,0.0
1979,1979-05-01,ATS,0.0
1979,1979-07-01,ATS,0.0
1979,1979-08-01,ATS,0.0
1979,1979-09-01,ATS,0.0
1979,1979-10-01,ATS,2.0
1980,1980-01-01,ATS,0.0
1980,1980-03-01,ATS,0.0
1980,1980-05-01,ATS,0.0
1980,1980-06-01,ATS,0.0
1980,1980-07-01,ATS,0.0
1980,1980-08-01,ATS,0.0
1980,1980-09-01,ATS,0.0
1980,1980-10-01,ATS,0.0
1981,1981-03-01,ATS,0.0
1981,1981-04-01,ATS,0.0
1981,1981-05-01,ATS,0.0
1981,1981-06-01,ATS,0.0
1981,1981-07-01,ATS,1.0
1981,1981-08-01,ATS,0.0
1981,1981-09-01,ATS,0.0
1981,1981-10-01,ATS,0.0
1982,1982-01-01,ATS,0.0
1982,1982-03-01,ATS,2.0
1982,1982-04-01,ATS,2.0
1982,1982-05-01,ATS,0.0
1982,1982-06-01,ATS,0.0
1982,1982-07-01,ATS,0.0
1982,1982-08-01,ATS,0.0
1982,1982-09-01,ATS,0.0
1983,1983-03-01,ATS,0.0
1983,1983-04-01,ATS,0.0
1983,1983-05-01,ATS,0.0
1983,1983-06-01,ATS,0.0
1983,1983-07-01,ATS,0.0
1983,1983-08-01,ATS,0.0
1983,1983-09-01,ATS,0.0
1983,1983-10-01,ATS,0.0
1984,1984-03-01,ATS,0.0
1984,1984-04-01,ATS,0.0
1984,1984-05-01,ATS,0.0
1984,1984-06-01,ATS,0.0
1984,1984-07-01,ATS,0.0
1984,1984-08-01,ATS,0.0
1984,1984-09-01,ATS,0.0
1984,1984-10-01,ATS,0.0
1978,1978-01-01,Theodore,0.0
1978,1978-03-01,Theodore,0.0
1978,1978-04-01,Theodore,0.0
1978,1978-05-01,Theodore,0.0
1978,1978-06-01,Theodore,0.0
1981,1981-03-01,Theodore,1.0
1981,1981-04-01,Theodore,0.0
1981,1981-05-01,Theodore,0.0
1981,1981-06-01,Theodore,0.0
1981,1981-07-01,Theodore,0.0
1981,1981-08-01,Theodore,0.0
1981,1981-09-01,Theodore,0.0
1981,1981-10-01,Theodore,0.0
1982,1982-01-01,Theodore,0.0
1982,1982-03-01,Theodore,0.0
1982,1982-04-01,Theodore,0.0
1982,1982-05-01,Theodore,0.0
1982,1982-06-01,Theodore,0.0
1982,1982-07-01,Theodore,0.0
1982,1982-08-01,Theodore,0.0
1982,1982-09-01,Theodore,0.0
1983,1983-03-01,Theodore,1.0
1983,1983-04-01,Theodore,0.0
1983,1983-05-01,Theodore,0.0
1983,1983-06-01,Theodore,0.0
1983,1983-07-01,Theodore,0.0
1983,1983-08-01,Theodore,0.0
1983,1983-09-01,Theodore,0.0
1975,1975-01-01,Fittipaldi,0.0
1975,1975-03-01,Fittipaldi,0.0
1975,1975-04-01,Fittipaldi,0.0
1975,1975-05-01,Fittipaldi,0.0
1975,1975-06-01,Fittipaldi,0.0
1975,1975-07-01,Fittipaldi,0.0
1975,1975-08-01,Fittipaldi,0.0
1975,1975-09-01,Fittipaldi,0.0
1975,1975-10-01,Fittipaldi,0.0
1976,1976-01-01,Fittipaldi,0.0
1976,1976-03-01,Fittipaldi,1.0
1976,1976-05-01,Fittipaldi,1.0
1976,1976-06-01,Fittipaldi,0.0
1976,1976-07-01,Fittipaldi,1.0
1976,1976-08-01,Fittipaldi,0.0
1976,1976-09-01,Fittipaldi,0.0
1976,1976-10-01,Fittipaldi,0.0
1977,1977-01-01,Fittipaldi,6.0
1977,1977-03-01,Fittipaldi,0.0
1977,1977-04-01,Fittipaldi,2.0
1977,1977-05-01,Fittipaldi,0.0
1977,1977-06-01,Fittipaldi,0.0
1977,1977-07-01,Fittipaldi,0.0
1977,1977-08-01,Fittipaldi,3.0
1977,1977-09-01,Fittipaldi,0.0
1977,1977-10-01,Fittipaldi,0.0
1978,1978-01-01,Fittipaldi,6.0
1978,1978-03-01,Fittipaldi,0.0
1978,1978-04-01,Fittipaldi,0.0
1978,1978-05-01,Fittipaldi,0.0
1978,1978-06-01,Fittipaldi,1.0
1978,1978-07-01,Fittipaldi,3.0
1978,1978-08-01,Fittipaldi,5.0
1978,1978-09-01,Fittipaldi,0.0
1978,1978-10-01,Fittipaldi,2.0
1979,1979-01-01,Fittipaldi,1.0
1979,1979-02-01,Fittipaldi,0.0
1979,1979-03-01,Fittipaldi,0.0
1979,1979-04-01,Fittipaldi,0.0
1979,1979-05-01,Fittipaldi,0.0
1979,1979-07-01,Fittipaldi,0.0
1979,1979-08-01,Fittipaldi,0.0
1979,1979-09-01,Fittipaldi,0.0
1979,1979-10-01,Fittipaldi,0.0
1980,1980-01-01,Fittipaldi,4.0
1980,1980-03-01,Fittipaldi,4.0
1980,1980-05-01,Fittipaldi,1.0
1980,1980-06-01,Fittipaldi,0.0
1980,1980-07-01,Fittipaldi,0.0
1980,1980-08-01,Fittipaldi,0.0
1980,1980-09-01,Fittipaldi,2.0
1980,1980-10-01,Fittipaldi,0.0
1981,1981-03-01,Fittipaldi,0.0
1981,1981-04-01,Fittipaldi,0.0
1981,1981-05-01,Fittipaldi,0.0
1981,1981-06-01,Fittipaldi,0.0
1981,1981-07-01,Fittipaldi,0.0
1981,1981-08-01,Fittipaldi,0.0
1981,1981-09-01,Fittipaldi,0.0
1981,1981-10-01,Fittipaldi,0.0
1982,1982-01-01,Fittipaldi,0.0
1982,1982-03-01,Fittipaldi,0.0
1982,1982-04-01,Fittipaldi,0.0
1982,1982-05-01,Fittipaldi,1.0
1982,1982-06-01,Fittipaldi,0.0
1982,1982-07-01,Fittipaldi,0.0
1982,1982-08-01,Fittipaldi,0.0
1982,1982-09-01,Fittipaldi,0.0
1973,1973-07-01,Ensign,0.0
1973,1973-08-01,Ensign,0.0
1973,1973-09-01,Ensign,0.0
1973,1973-10-01,Ensign,0.0
1974,1974-05-01,Ensign,0.0
1974,1974-06-01,Ensign,0.0
1974,1974-07-01,Ensign,0.0
1974,1974-08-01,Ensign,0.0
1974,1974-09-01,Ensign,0.0
1974,1974-10-01,Ensign,0.0
1975,1975-04-01,Ensign,0.0
1975,1975-05-01,Ensign,0.0
1975,1975-06-01,Ensign,0.0
1975,1975-07-01,Ensign,0.0
1975,1975-08-01,Ensign,1.0
1975,1975-09-01,Ensign,0.0
1975,1975-10-01,Ensign,0.0
1976,1976-03-01,Ensign,0.0
1976,1976-05-01,Ensign,2.0
1976,1976-06-01,Ensign,0.0
1976,1976-07-01,Ensign,0.0
1976,1976-08-01,Ensign,0.0
1976,1976-09-01,Ensign,0.0
1976,1976-10-01,Ensign,0.0
1977,1977-01-01,Ensign,1.0
1977,1977-03-01,Ensign,0.0
1977,1977-04-01,Ensign,0.0
1977,1977-05-01,Ensign,0.0
1977,1977-06-01,Ensign,0.0
1977,1977-07-01,Ensign,1.0
1977,1977-08-01,Ensign,2.0
1977,1977-09-01,Ensign,2.0
1977,1977-10-01,Ensign,4.0
1978,1978-01-01,Ensign,0.0
1978,1978-03-01,Ensign,0.0
1978,1978-04-01,Ensign,0.0
1978,1978-05-01,Ensign,0.0
1978,1978-06-01,Ensign,0.0
1978,1978-07-01,Ensign,0.0
1978,1978-08-01,Ensign,0.0
1978,1978-09-01,Ensign,0.0
1978,1978-10-01,Ensign,1.0
1979,1979-01-01,Ensign,0.0
1979,1979-02-01,Ensign,0.0
1979,1979-03-01,Ensign,0.0
1979,1979-04-01,Ensign,0.0
1979,1979-05-01,Ensign,0.0
1979,1979-07-01,Ensign,0.0
1979,1979-08-01,Ensign,0.0
1979,1979-09-01,Ensign,0.0
1979,1979-10-01,Ensign,0.0
1980,1980-01-01,Ensign,0.0
1980,1980-03-01,Ensign,0.0
1980,1980-05-01,Ensign,0.0
1980,1980-06-01,Ensign,0.0
1980,1980-07-01,Ensign,0.0
1980,1980-08-01,Ensign,0.0
1980,1980-09-01,Ensign,0.0
1980,1980-10-01,Ensign,0.0
1981,1981-03-01,Ensign,3.0
1981,1981-04-01,Ensign,0.0
1981,1981-05-01,Ensign,1.0
1981,1981-06-01,Ensign,0.0
1981,1981-07-01,Ensign,0.0
1981,1981-08-01,Ensign,1.0
1981,1981-09-01,Ensign,0.0
1981,1981-10-01,Ensign,0.0
1982,1982-01-01,Ensign,0.0
1982,1982-03-01,Ensign,0.0
1982,1982-04-01,Ensign,0.0
1982,1982-05-01,Ensign,0.0
1982,1982-06-01,Ensign,0.0
1982,1982-07-01,Ensign,0.0
1982,1982-08-01,Ensign,0.0
1982,1982-09-01,Ensign,0.0
1973,1973-03-01,Shadow,1.0
1973,1973-04-01,Shadow,4.0
1973,1973-05-01,Shadow,0.0
1973,1973-06-01,Shadow,0.0
1973,1973-07-01,Shadow,0.0
1973,1973-08-01,Shadow,0.0
1973,1973-09-01,Shadow,4.0
1973,1973-10-01,Shadow,0.0
1974,1974-01-01,Shadow,0.0
1974,1974-04-01,Shadow,0.0
1974,1974-05-01,Shadow,4.0
1974,1974-06-01,Shadow,2.0
1974,1974-07-01,Shadow,0.0
1974,1974-08-01,Shadow,1.0
1974,1974-09-01,Shadow,0.0
1974,1974-10-01,Shadow,0.0
1976,1976-01-01,Shadow,4.0
1976,1976-03-01,Shadow,0.0
1976,1976-05-01,Shadow,0.0
1976,1976-06-01,Shadow,0.0
1976,1976-07-01,Shadow,3.0
1976,1976-08-01,Shadow,3.0
1976,1976-09-01,Shadow,0.0
1976,1976-10-01,Shadow,0.0
1977,1977-01-01,Shadow,1.0
1977,1977-03-01,Shadow,0.0
1977,1977-04-01,Shadow,0.0
1977,1977-05-01,Shadow,1.0
1977,1977-06-01,Shadow,2.0
1977,1977-07-01,Shadow,0.0
1977,1977-08-01,Shadow,9.0
1977,1977-09-01,Shadow,4.0
1977,1977-10-01,Shadow,6.0
1978,1978-01-01,Shadow,2.0
1978,1978-03-01,Shadow,0.0
1978,1978-04-01,Shadow,0.0
1978,1978-05-01,Shadow,0.0
1978,1978-06-01,Shadow,2.0
1978,1978-07-01,Shadow,2.0
1978,1978-08-01,Shadow,0.0
1978,1978-09-01,Shadow,0.0
1978,1978-10-01,Shadow,0.0
1979,1979-01-01,Shadow,0.0
1979,1979-02-01,Shadow,0.0
1979,1979-03-01,Shadow,0.0
1979,1979-04-01,Shadow,0.0
1979,1979-05-01,Shadow,0.0
1979,1979-07-01,Shadow,0.0
1979,1979-08-01,Shadow,0.0
1979,1979-09-01,Shadow,0.0
1979,1979-10-01,Shadow,3.0
1980,1980-01-01,Shadow,0.0
1980,1980-03-01,Shadow,0.0
1980,1980-05-01,Shadow,0.0
1980,1980-06-01,Shadow,0.0
1976,1976-01-01,Wolf,0.0
1976,1976-03-01,Wolf,0.0
1976,1976-05-01,Wolf,0.0
1976,1976-06-01,Wolf,0.0
1976,1976-07-01,Wolf,0.0
1976,1976-08-01,Wolf,0.0
1976,1976-09-01,Wolf,0.0
1976,1976-10-01,Wolf,0.0
1977,1977-01-01,Wolf,9.0
1977,1977-03-01,Wolf,6.0
1977,1977-04-01,Wolf,4.0
1977,1977-05-01,Wolf,13.0
1977,1977-06-01,Wolf,0.0
1977,1977-07-01,Wolf,6.0
1977,1977-08-01,Wolf,4.0
1977,1977-09-01,Wolf,0.0
1977,1977-10-01,Wolf,13.0
1978,1978-01-01,Wolf,0.0
1978,1978-03-01,Wolf,0.0
1978,1978-04-01,Wolf,0.0
1978,1978-05-01,Wolf,4.0
1978,1978-06-01,Wolf,3.0
1978,1978-07-01,Wolf,7.0
1978,1978-08-01,Wolf,0.0
1978,1978-09-01,Wolf,0.0
1978,1978-10-01,Wolf,10.0
1979,1979-01-01,Wolf,0.0
1979,1979-02-01,Wolf,0.0
1979,1979-03-01,Wolf,0.0
1979,1979-04-01,Wolf,0.0
1979,1979-05-01,Wolf,0.0
1979,1979-07-01,Wolf,0.0
1979,1979-08-01,Wolf,0.0
1979,1979-09-01,Wolf,0.0
1979,1979-10-01,Wolf,0.0
1978,1978-01-01,Merzario,0.0
1978,1978-03-01,Merzario,0.0
1978,1978-04-01,Merzario,0.0
1978,1978-05-01,Merzario,0.0
1978,1978-06-01,Merzario,0.0
1978,1978-07-01,Merzario,0.0
1978,1978-08-01,Merzario,0.0
1978,1978-09-01,Merzario,0.0
1978,1978-10-01,Merzario,0.0
1979,1979-01-01,Merzario,0.0
1979,1979-02-01,Merzario,0.0
1979,1979-03-01,Merzario,0.0
1979,1979-04-01,Merzario,0.0
1979,1979-05-01,Merzario,0.0
1979,1979-07-01,Merzario,0.0
1979,1979-08-01,Merzario,0.0
1979,1979-09-01,Merzario,0.0
1979,1979-10-01,Merzario,0.0
1979,1979-04-01,Kauhsen,0.0
1979,1979-05-01,Kauhsen,0.0
1979,1979-09-01,Rebaque,0.0
1979,1979-10-01,Rebaque,0.0
1970,1970-07-01,Surtees,0.0
1970,1970-08-01,Surtees,0.0
1970,1970-09-01,Surtees,2.0
1970,1970-10-01,Surtees,1.0
1971,1971-03-01,Surtees,0.0
1971,1971-04-01,Surtees,0.0
1971,1971-05-01,Surtees,1.0
1971,1971-06-01,Surtees,2.0
1971,1971-07-01,Surtees,2.0
1971,1971-08-01,Surtees,0.0
1971,1971-09-01,Surtees,3.0
1971,1971-10-01,Surtees,0.0
1972,1972-01-01,Surtees,2.0
1972,1972-03-01,Surtees,0.0
1972,1972-05-01,Surtees,3.0
1972,1972-06-01,Surtees,3.0
1972,1972-07-01,Surtees,1.0
1972,1972-08-01,Surtees,3.0
1972,1972-09-01,Surtees,6.0
1972,1972-10-01,Surtees,0.0
1973,1973-01-01,Surtees,0.0
1973,1973-02-01,Surtees,0.0
1973,1973-03-01,Surtees,0.0
1973,1973-04-01,Surtees,0.0
1973,1973-05-01,Surtees,0.0
1973,1973-06-01,Surtees,0.0
1973,1973-07-01,Surtees,0.0
1973,1973-08-01,Surtees,7.0
1973,1973-09-01,Surtees,0.0
1973,1973-10-01,Surtees,0.0
1974,1974-01-01,Surtees,3.0
1974,1974-03-01,Surtees,0.0
1974,1974-04-01,Surtees,0.0
1974,1974-05-01,Surtees,0.0
1974,1974-06-01,Surtees,0.0
1974,1974-07-01,Surtees,0.0
1974,1974-08-01,Surtees,0.0
1974,1974-09-01,Surtees,0.0
1974,1974-10-01,Surtees,0.0
1975,1975-01-01,Surtees,0.0
1975,1975-03-01,Surtees,0.0
1975,1975-04-01,Surtees,0.0
1975,1975-05-01,Surtees,0.0
1975,1975-06-01,Surtees,0.0
1975,1975-07-01,Surtees,0.0
1975,1975-08-01,Surtees,0.0
1976,1976-03-01,Surtees,0.0
1976,1976-05-01,Surtees,2.0
1976,1976-06-01,Surtees,0.0
1976,1976-07-01,Surtees,2.0
1976,1976-08-01,Surtees,0.0
1976,1976-09-01,Surtees,0.0
1976,1976-10-01,Surtees,3.0
1977,1977-01-01,Surtees,0.0
1977,1977-03-01,Surtees,0.0
1977,1977-04-01,Surtees,0.0
1977,1977-05-01,Surtees,0.0
1977,1977-06-01,Surtees,3.0
1977,1977-07-01,Surtees,2.0
1977,1977-08-01,Surtees,0.0
1977,1977-09-01,Surtees,0.0
1977,1977-10-01,Surtees,1.0
1978,1978-01-01,Surtees,0.0
1978,1978-03-01,Surtees,0.0
1978,1978-04-01,Surtees,0.0
1978,1978-05-01,Surtees,0.0
1978,1978-06-01,Surtees,0.0
1978,1978-07-01,Surtees,0.0
1978,1978-08-01,Surtees,1.0
1978,1978-09-01,Surtees,0.0
1978,1978-10-01,Surtees,0.0
1974,1974-03-01,Hesketh,0.0
1974,1974-04-01,Hesketh,0.0
1974,1974-05-01,Hesketh,0.0
1974,1974-06-01,Hesketh,4.0
1974,1974-07-01,Hesketh,0.0
1974,1974-08-01,Hesketh,4.0
1974,1974-09-01,Hesketh,3.0
1974,1974-10-01,Hesketh,4.0
1975,1975-01-01,Hesketh,7.0
1975,1975-03-01,Hesketh,0.0
1975,1975-04-01,Hesketh,0.0
1975,1975-05-01,Hesketh,0.0
1975,1975-06-01,Hesketh,9.0
1975,1975-07-01,Hesketh,9.0
1975,1975-08-01,Hesketh,3.0
1975,1975-09-01,Hesketh,2.0
1975,1975-10-01,Hesketh,3.0
1976,1976-03-01,Hesketh,0.0
1976,1976-05-01,Hesketh,0.0
1976,1976-06-01,Hesketh,0.0
1976,1976-07-01,Hesketh,0.0
1976,1976-08-01,Hesketh,0.0
1976,1976-09-01,Hesketh,0.0
1976,1976-10-01,Hesketh,0.0
1977,1977-05-01,Hesketh,0.0
1977,1977-06-01,Hesketh,0.0
1977,1977-07-01,Hesketh,0.0
1977,1977-08-01,Hesketh,0.0
1977,1977-09-01,Hesketh,0.0
1977,1977-10-01,Hesketh,0.0
1978,1978-01-01,Hesketh,0.0
1978,1978-03-01,Hesketh,0.0
1978,1978-04-01,Hesketh,0.0
1978,1978-05-01,Hesketh,0.0
1978,1978-03-01,Martini,0.0
1978,1978-05-01,Martini,0.0
1978,1978-07-01,Martini,0.0
1978,1978-08-01,Martini,0.0
1978,1978-10-01,Martini,0.0
1958,1958-05-01,BRM,8.0
1958,1958-06-01,BRM,2.0
1958,1958-07-01,BRM,2.0
1958,1958-08-01,BRM,3.0
1958,1958-09-01,BRM,0.0
1958,1958-10-01,BRM,5.0
1959,1959-05-01,BRM,8.0
1959,1959-07-01,BRM,6.0
1959,1959-08-01,BRM,4.0
1959,1959-09-01,BRM,0.0
1960,1960-02-01,BRM,0.0
1960,1960-05-01,BRM,2.0
1960,1960-06-01,BRM,4.0
1960,1960-07-01,BRM,0.0
1960,1960-08-01,BRM,0.0
1960,1960-11-01,BRM,2.0
1961,1961-05-01,BRM,0.0
1961,1961-06-01,BRM,0.0
1961,1961-07-01,BRM,1.0
1961,1961-08-01,BRM,0.0
1961,1961-09-01,BRM,2.0
1961,1961-10-01,BRM,4.0
1962,1962-05-01,BRM,9.0
1962,1962-06-01,BRM,7.0
1962,1962-07-01,BRM,7.0
1962,1962-08-01,BRM,9.0
1962,1962-09-01,BRM,9.0
1962,1962-10-01,BRM,6.0
1962,1962-12-01,BRM,9.0
1963,1963-05-01,BRM,9.0
1963,1963-06-01,BRM,5.0
1963,1963-07-01,BRM,4.0
1963,1963-08-01,BRM,4.0
1963,1963-09-01,BRM,6.0
1963,1963-10-01,BRM,13.0
1963,1963-12-01,BRM,4.0
1964,1964-05-01,BRM,12.0
1964,1964-06-01,BRM,9.0
1964,1964-07-01,BRM,6.0
1964,1964-08-01,BRM,12.0
1964,1964-09-01,BRM,3.0
1964,1964-10-01,BRM,9.0
1965,1965-01-01,BRM,4.0
1965,1965-05-01,BRM,9.0
1965,1965-06-01,BRM,12.0
1965,1965-07-01,BRM,12.0
1965,1965-08-01,BRM,6.0
1965,1965-09-01,BRM,9.0
1965,1965-10-01,BRM,9.0
1966,1966-05-01,BRM,9.0
1966,1966-06-01,BRM,0.0
1966,1966-07-01,BRM,10.0
1966,1966-08-01,BRM,3.0
1966,1966-09-01,BRM,0.0
1966,1966-10-01,BRM,0.0
1967,1967-01-01,BRM,0.0
1967,1967-05-01,BRM,1.0
1967,1967-06-01,BRM,8.0
1967,1967-07-01,BRM,4.0
1967,1967-08-01,BRM,2.0
1967,1967-09-01,BRM,2.0
1967,1967-10-01,BRM,2.0
1968,1968-01-01,BRM,0.0
1968,1968-05-01,BRM,6.0
1968,1968-06-01,BRM,10.0
1968,1968-07-01,BRM,1.0
1968,1968-08-01,BRM,1.0
1968,1968-09-01,BRM,7.0
1968,1968-10-01,BRM,0.0
1968,1968-11-01,BRM,3.0
1969,1969-03-01,BRM,0.0
1969,1969-05-01,BRM,2.0
1969,1969-06-01,BRM,0.0
1969,1969-07-01,BRM,0.0
1969,1969-08-01,BRM,0.0
1969,1969-09-01,BRM,0.0
1969,1969-10-01,BRM,5.0
1970,1970-03-01,BRM,0.0
1970,1970-04-01,BRM,0.0
1970,1970-05-01,BRM,1.0
1970,1970-06-01,BRM,9.0
1970,1970-07-01,BRM,0.0
1970,1970-08-01,BRM,5.0
1970,1970-09-01,BRM,3.0
1970,1970-10-01,BRM,7.0
1971,1971-03-01,BRM,0.0
1971,1971-04-01,BRM,3.0
1971,1971-05-01,BRM,0.0
1971,1971-06-01,BRM,6.0
1971,1971-07-01,BRM,3.0
1971,1971-08-01,BRM,9.0
1971,1971-09-01,BRM,9.0
1971,1971-10-01,BRM,6.0
1972,1972-01-01,BRM,0.0
1972,1972-03-01,BRM,0.0
1972,1972-05-01,BRM,9.0
1972,1972-06-01,BRM,0.0
1972,1972-07-01,BRM,3.0
1972,1972-08-01,BRM,1.0
1972,1972-09-01,BRM,1.0
1972,1972-10-01,BRM,0.0
1973,1973-01-01,BRM,0.0
1973,1973-02-01,BRM,1.0
1973,1973-03-01,BRM,0.0
1973,1973-04-01,BRM,2.0
1973,1973-05-01,BRM,2.0
1973,1973-06-01,BRM,0.0
1973,1973-07-01,BRM,2.0
1973,1973-08-01,BRM,2.0
1973,1973-09-01,BRM,3.0
1973,1973-10-01,BRM,0.0
1974,1974-01-01,BRM,2.0
1974,1974-03-01,BRM,6.0
1974,1974-04-01,BRM,0.0
1974,1974-05-01,BRM,2.0
1974,1974-06-01,BRM,0.0
1974,1974-07-01,BRM,0.0
1974,1974-08-01,BRM,0.0
1974,1974-09-01,BRM,0.0
1974,1974-10-01,BRM,0.0
1975,1975-01-01,BRM,0.0
1975,1975-03-01,BRM,0.0
1975,1975-04-01,BRM,0.0
1975,1975-05-01,BRM,0.0
1975,1975-06-01,BRM,0.0
1975,1975-07-01,BRM,0.0
1975,1975-08-01,BRM,0.0
1975,1975-09-01,BRM,0.0
1976,1976-01-01,BRM,0.0
1977,1977-01-01,BRM,0.0
1977,1977-03-01,BRM,0.0
1977,1977-05-01,BRM,0.0
1977,1977-06-01,BRM,0.0
1977,1977-07-01,BRM,0.0
1977,1977-08-01,BRM,0.0
1977,1977-09-01,BRM,0.0
1974,1974-09-01,Penske,0.0
1974,1974-10-01,Penske,0.0
1975,1975-01-01,Penske,0.0
1975,1975-03-01,Penske,0.0
1975,1975-04-01,Penske,0.0
1975,1975-05-01,Penske,0.0
1975,1975-06-01,Penske,2.0
1975,1975-07-01,Penske,0.0
1975,1975-10-01,Penske,0.0
1976,1976-01-01,Penske,0.0
1976,1976-03-01,Penske,2.0
1976,1976-05-01,Penske,0.0
1976,1976-06-01,Penske,0.0
1976,1976-07-01,Penske,8.0
1976,1976-08-01,Penske,9.0
1976,1976-09-01,Penske,0.0
1976,1976-10-01,Penske,1.0
1977,1977-04-01,Penske,1.0
1977,1977-05-01,Penske,0.0
1977,1977-06-01,Penske,0.0
1977,1977-07-01,Penske,0.0
1977,1977-08-01,Penske,0.0
1977,1977-09-01,Penske,0.0
1977,1977-10-01,Penske,0.0
1977,1977-05-01,LEC,0.0
1977,1977-06-01,LEC,0.0
1977,1977-07-01,LEC,0.0
1977,1977-07-01,McGuire,0.0
1976,1976-05-01,Boro,0.0
1976,1976-06-01,Boro,0.0
1976,1976-08-01,Boro,0.0
1976,1976-09-01,Boro,0.0
1977,1977-08-01,Boro,0.0
1977,1977-09-01,Boro,0.0
1977,1977-09-01,Apollon,0.0
1976,1976-10-01,Kojima,0.0
1977,1977-10-01,Kojima,0.0
1974,1974-09-01,Parnelli,0.0
1974,1974-10-01,Parnelli,0.0
1975,1975-01-01,Parnelli,0.0
1975,1975-03-01,Parnelli,0.0
1975,1975-04-01,Parnelli,0.0
1975,1975-05-01,Parnelli,0.0
1975,1975-06-01,Parnelli,3.0
1975,1975-07-01,Parnelli,2.0
1975,1975-08-01,Parnelli,0.0
1975,1975-09-01,Parnelli,0.0
1975,1975-10-01,Parnelli,0.0
1976,1976-03-01,Parnelli,1.0
1974,1974-07-01,Maki,0.0
1974,1974-08-01,Maki,0.0
1975,1975-06-01,Maki,0.0
1975,1975-07-01,Maki,0.0
1975,1975-08-01,Maki,0.0
1975,1975-09-01,Maki,0.0
1976,1976-10-01,Maki,0.0
1975,1975-03-01,Embassy Hill,0.0
1975,1975-05-01,Embassy Hill,0.0
1975,1975-06-01,Embassy Hill,1.0
1975,1975-07-01,Embassy Hill,0.0
1975,1975-08-01,Embassy Hill,2.0
1975,1975-09-01,Embassy Hill,0.0
1975,1975-10-01,Embassy Hill,0.0
1974,1974-07-01,Lyncar,0.0
1975,1975-07-01,Lyncar,0.0
1974,1974-04-01,Trojan,0.0
1974,1974-05-01,Trojan,0.0
1974,1974-06-01,Trojan,0.0
1974,1974-07-01,Trojan,0.0
1974,1974-08-01,Trojan,0.0
1974,1974-09-01,Trojan,0.0
1974,1974-04-01,Amon,0.0
1974,1974-05-01,Amon,0.0
1974,1974-08-01,Amon,0.0
1974,1974-09-01,Amon,0.0
1974,1974-05-01,Token,0.0
1974,1974-07-01,Token,0.0
1974,1974-08-01,Token,0.0
1973,1973-01-01,Iso Marlboro,0.0
1973,1973-02-01,Iso Marlboro,0.0
1973,1973-03-01,Iso Marlboro,0.0
1973,1973-04-01,Iso Marlboro,0.0
1973,1973-05-01,Iso Marlboro,0.0
1973,1973-06-01,Iso Marlboro,0.0
1973,1973-07-01,Iso Marlboro,1.0
1973,1973-08-01,Iso Marlboro,0.0
1973,1973-09-01,Iso Marlboro,1.0
1973,1973-10-01,Iso Marlboro,0.0
1974,1974-01-01,Iso Marlboro,0.0
1974,1974-03-01,Iso Marlboro,1.0
1974,1974-04-01,Iso Marlboro,0.0
1974,1974-05-01,Iso Marlboro,0.0
1974,1974-06-01,Iso Marlboro,0.0
1974,1974-07-01,Iso Marlboro,0.0
1974,1974-08-01,Iso Marlboro,0.0
1974,1974-09-01,Iso Marlboro,3.0
1974,1974-10-01,Iso Marlboro,0.0
1972,1972-06-01,Tecno,0.0
1972,1972-07-01,Tecno,0.0
1972,1972-08-01,Tecno,0.0
1972,1972-09-01,Tecno,0.0
1972,1972-10-01,Tecno,0.0
1973,1973-05-01,Tecno,1.0
1973,1973-06-01,Tecno,0.0
1973,1973-07-01,Tecno,0.0
1967,1967-05-01,Matra,0.0
1967,1967-08-01,Matra,0.0
1968,1968-05-01,Matra,0.0
1968,1968-06-01,Matra,6.0
1968,1968-07-01,Matra,0.0
1968,1968-08-01,Matra,0.0
1968,1968-09-01,Matra,2.0
1968,1968-10-01,Matra,0.0
1968,1968-11-01,Matra,0.0
1970,1970-03-01,Matra,3.0
1970,1970-04-01,Matra,0.0
1970,1970-05-01,Matra,4.0
1970,1970-06-01,Matra,6.0
1970,1970-07-01,Matra,2.0
1970,1970-08-01,Matra,2.0
1970,1970-09-01,Matra,4.0
1970,1970-10-01,Matra,2.0
1971,1971-03-01,Matra,2.0
1971,1971-04-01,Matra,4.0
1971,1971-05-01,Matra,0.0
1971,1971-06-01,Matra,0.0
1971,1971-07-01,Matra,2.0
1971,1971-08-01,Matra,0.0
1971,1971-09-01,Matra,1.0
1971,1971-10-01,Matra,0.0
1972,1972-01-01,Matra,0.0
1972,1972-03-01,Matra,0.0
1972,1972-05-01,Matra,1.0
1972,1972-06-01,Matra,1.0
1972,1972-07-01,Matra,7.0
1972,1972-08-01,Matra,2.0
1972,1972-09-01,Matra,1.0
1972,1972-10-01,Matra,0.0
1972,1972-07-01,Politoys,0.0
1972,1972-08-01,Connew,0.0
1970,1970-06-01,Bellasi,0.0
1970,1970-07-01,Bellasi,0.0
1970,1970-08-01,Bellasi,0.0
1970,1970-09-01,Bellasi,0.0
1971,1971-09-01,Bellasi,0.0
1962,1962-09-01,De Tomaso,0.0
1963,1963-05-01,De Tomaso,0.0
1963,1963-06-01,De Tomaso,0.0
1963,1963-07-01,De Tomaso,0.0
1970,1970-03-01,De Tomaso,0.0
1970,1970-04-01,De Tomaso,0.0
1970,1970-05-01,De Tomaso,0.0
1970,1970-06-01,De Tomaso,0.0
1970,1970-08-01,De Tomaso,0.0
1970,1970-09-01,De Tomaso,0.0
1970,1970-10-01,De Tomaso,0.0
1958,1958-01-01,Cooper,8.0
1958,1958-05-01,Cooper,11.0
1958,1958-06-01,Cooper,0.0
1958,1958-07-01,Cooper,4.0
1958,1958-08-01,Cooper,6.0
1958,1958-09-01,Cooper,2.0
1958,1958-10-01,Cooper,0.0
1962,1962-07-01,Cooper,0.0
1962,1962-12-01,LDS,0.0
1963,1963-12-01,LDS,0.0
1968,1968-01-01,LDS,0.0
1967,1967-08-01,Protos,0.0
1966,1966-07-01,Shannon,0.0
1963,1963-05-01,Scirocco,0.0
1963,1963-06-01,Scirocco,0.0
1963,1963-07-01,Scirocco,0.0
1963,1963-08-01,Scirocco,0.0
1963,1963-09-01,Scirocco,0.0
1964,1964-05-01,Scirocco,0.0
1964,1964-06-01,Scirocco,0.0
1964,1964-08-01,Scirocco,0.0
1965,1965-01-01,RE,0.0
1963,1963-06-01,BRP,3.0
1963,1963-07-01,BRP,0.0
1963,1963-09-01,BRP,3.0
1964,1964-05-01,BRP,0.0
1964,1964-06-01,BRP,0.0
1964,1964-07-01,BRP,0.0
1964,1964-08-01,BRP,2.0
1964,1964-09-01,BRP,2.0
1964,1964-10-01,BRP,1.0
1958,1958-05-01,Porsche,0.0
1958,1958-08-01,Porsche,0.0
1959,1959-05-01,Porsche,0.0
1959,1959-12-01,Porsche,0.0
1960,1960-09-01,Porsche,1.0
1961,1961-05-01,Porsche,2.0
1961,1961-06-01,Porsche,1.0
1961,1961-07-01,Porsche,8.0
1961,1961-08-01,Porsche,0.0
1961,1961-09-01,Porsche,6.0
1961,1961-10-01,Porsche,6.0
1962,1962-05-01,Porsche,1.0
1962,1962-06-01,Porsche,2.0
1962,1962-07-01,Porsche,9.0
1962,1962-08-01,Porsche,4.0
1962,1962-09-01,Porsche,1.0
1962,1962-10-01,Porsche,2.0
1962,1962-12-01,Porsche,0.0
1963,1963-05-01,Porsche,0.0
1963,1963-06-01,Porsche,1.0
1963,1963-07-01,Porsche,0.0
1963,1963-08-01,Porsche,3.0
1963,1963-09-01,Porsche,0.0
1963,1963-10-01,Porsche,1.0
1963,1963-12-01,Porsche,0.0
1964,1964-05-01,Porsche,0.0
1964,1964-09-01,Derrington,0.0
1961,1961-07-01,Gilby,0.0
1962,1962-07-01,Gilby,0.0
1962,1962-08-01,Gilby,0.0
1962,1962-09-01,Gilby,0.0
1963,1963-07-01,Gilby,0.0
1963,1963-08-01,Gilby,0.0
1963,1963-09-01,Gilby,0.0
1963,1963-10-01,Stebro,0.0
1961,1961-05-01,Emeryson,0.0
1961,1961-07-01,Emeryson,0.0
1961,1961-09-01,Emeryson,0.0
1962,1962-05-01,Emeryson,0.0
1962,1962-07-01,Emeryson,0.0
1962,1962-09-01,Emeryson,0.0
1962,1962-12-01,Emeryson,0.0
1962,1962-08-01,ENB,0.0
1959,1959-07-01,JBW,0.0
1960,1960-05-01,JBW,0.0
1960,1960-07-01,JBW,0.0
1960,1960-09-01,JBW,0.0
1961,1961-07-01,JBW,0.0
1961,1961-09-01,JBW,0.0
1961,1961-07-01,Ferguson,0.0
1961,1961-08-01,MBM,0.0
1960,1960-02-01,Behra-Porsche,0.0
1960,1960-09-01,Behra-Porsche,0.0
1958,1958-01-01,Maserati,3.0
1958,1958-05-01,Maserati,0.0
1958,1958-06-01,Maserati,0.0
1958,1958-07-01,Maserati,3.0
1958,1958-08-01,Maserati,0.0
1958,1958-09-01,Maserati,0.0
1958,1958-10-01,Maserati,0.0
1959,1959-05-01,Maserati,0.0
1959,1959-07-01,Maserati,0.0
1959,1959-09-01,Maserati,0.0
1959,1959-12-01,Maserati,0.0
1960,1960-02-01,Maserati,0.0
1960,1960-09-01,Maserati,0.0
1960,1960-11-01,Maserati,0.0
1960,1960-05-01,Scarab,0.0
1960,1960-06-01,Scarab,0.0
1960,1960-07-01,Scarab,0.0
1960,1960-11-01,Scarab,0.0
1959,1959-05-01,Watson,8.0
1960,1960-05-01,Watson,8.0
1959,1959-05-01,Epperly,3.0
1960,1960-05-01,Epperly,4.0
1959,1959-05-01,Phillips,0.0
1960,1960-05-01,Phillips,3.0
1959,1959-05-01,Lesovsky,5.0
1960,1960-05-01,Lesovsky,2.0
1960,1960-05-01,Trevis,1.0
1960,1960-05-01,Meskowski,0.0
1959,1959-05-01,Kurtis Kraft,0.0
1959,1959-12-01,Kurtis Kraft,0.0
1960,1960-05-01,Kurtis Kraft,0.0
1959,1959-05-01,Kuzma,0.0
1960,1960-05-01,Kuzma,0.0
1959,1959-05-01,Christensen,0.0
1960,1960-05-01,Christensen,0.0
1960,1960-05-01,Ewing,0.0
1959,1959-05-01,Aston Martin,0.0
1959,1959-07-01,Aston Martin,0.0
1959,1959-08-01,Aston Martin,0.0
1959,1959-09-01,Aston Martin,0.0
1960,1960-06-01,Aston Martin,0.0
1960,1960-07-01,Aston Martin,0.0
2021,2021-03-01,Aston Martin,1.0
2021,2021-04-01,Aston Martin,4.0
2021,2021-05-01,Aston Martin,14.0
2021,2021-06-01,Aston Martin,25.0
2021,2021-07-01,Aston Martin,4.0
2021,2021-08-01,Aston Martin,5.0
2021,2021-09-01,Aston Martin,6.0
2021,2021-10-01,Aston Martin,3.0
2021,2021-11-01,Aston Martin,15.0
2021,2021-12-01,Aston Martin,0.0
2022,2022-03-01,Aston Martin,0.0
2022,2022-04-01,Aston Martin,5.0
2022,2022-05-01,Aston Martin,2.0
2022,2022-06-01,Aston Martin,9.0
2022,2022-07-01,Aston Martin,4.0
2022,2022-08-01,Aston Martin,4.0
2022,2022-09-01,Aston Martin,1.0
2022,2022-10-01,Aston Martin,24.0
2022,2022-11-01,Aston Martin,6.0
2023,2023-03-01,Aston Martin,38.0
2023,2023-04-01,Aston Martin,49.0
2023,2023-05-01,Aston Martin,33.0
2023,2023-06-01,Aston Martin,34.0
2023,2023-07-01,Aston Martin,42.0
2023,2023-08-01,Aston Martin,19.0
2023,2023-09-01,Aston Martin,6.0
2023,2023-10-01,Aston Martin,15.0
2023,2023-11-01,Aston Martin,44.0
2024,2024-03-01,Aston Martin,25.0
2024,2024-04-01,Aston Martin,15.0
2024,2024-05-01,Aston Martin,4.0
2024,2024-06-01,Aston Martin,14.0
2024,2024-07-01,Aston Martin,15.0
2024,2024-08-01,Aston Martin,1.0
2024,2024-09-01,Aston Martin,12.0
2024,2024-10-01,Aston Martin,0.0
2024,2024-11-01,Aston Martin,0.0
2024,2024-12-01,Aston Martin,8.0
2025,2025-03-01,Aston Martin,10.0
2025,2025-04-01,Aston Martin,0.0
2025,2025-05-01,Aston Martin,0.0
2025,2025-06-01,Aston Martin,14.0
2025,2025-07-01,Aston Martin,8.0
2025,2025-08-01,Aston Martin,26.0
1958,1958-05-01,Vanwall,8.0
1958,1958-06-01,Vanwall,8.0
1958,1958-07-01,Vanwall,9.0
1958,1958-08-01,Vanwall,16.0
1958,1958-09-01,Vanwall,8.0
1958,1958-10-01,Vanwall,9.0
1959,1959-07-01,Vanwall,0.0
1960,1960-07-01,Vanwall,0.0
1959,1959-05-01,Moore,0.0
1959,1959-05-01,Dunn,0.0
1959,1959-05-01,Elder,0.0
1959,1959-05-01,Sutton,0.0
1959,1959-07-01,Fry,0.0
1959,1959-12-01,Tec-Mec,0.0
1958,1958-05-01,Connaught,0.0
1958,1958-07-01,Connaught,0.0
1959,1959-12-01,Connaught,0.0
1958,1958-05-01,OSCA,0.0
2010,2010-03-01,Mercedes,29.0
2010,2010-04-01,Mercedes,31.0
2010,2010-05-01,Mercedes,40.0
2010,2010-06-01,Mercedes,9.0
2010,2010-07-01,Mercedes,23.0
2010,2010-08-01,Mercedes,14.0
2010,2010-09-01,Mercedes,22.0
2010,2010-10-01,Mercedes,20.0
2010,2010-11-01,Mercedes,26.0
2011,2011-03-01,Mercedes,0.0
2011,2011-04-01,Mercedes,16.0
2011,2011-05-01,Mercedes,24.0
2011,2011-06-01,Mercedes,18.0
2011,2011-07-01,Mercedes,22.0
2011,2011-08-01,Mercedes,18.0
2011,2011-09-01,Mercedes,16.0
2011,2011-10-01,Mercedes,31.0
2011,2011-11-01,Mercedes,20.0
2012,2012-03-01,Mercedes,1.0
2012,2012-04-01,Mercedes,36.0
2012,2012-05-01,Mercedes,24.0
2012,2012-06-01,Mercedes,31.0
2012,2012-07-01,Mercedes,14.0
2012,2012-09-01,Mercedes,30.0
2012,2012-10-01,Mercedes,0.0
2012,2012-11-01,Mercedes,6.0
2013,2013-03-01,Mercedes,37.0
2013,2013-04-01,Mercedes,27.0
2013,2013-05-01,Mercedes,45.0
2013,2013-06-01,Mercedes,62.0
2013,2013-07-01,Mercedes,37.0
2013,2013-08-01,Mercedes,27.0
2013,2013-09-01,Mercedes,32.0
2013,2013-10-01,Mercedes,46.0
2013,2013-11-01,Mercedes,47.0
2014,2014-03-01,Mercedes,68.0
2014,2014-04-01,Mercedes,86.0
2014,2014-05-01,Mercedes,86.0
2014,2014-06-01,Mercedes,61.0
2014,2014-07-01,Mercedes,92.0
2014,2014-08-01,Mercedes,18.0
2014,2014-09-01,Mercedes,68.0
2014,2014-10-01,Mercedes,86.0
2014,2014-11-01,Mercedes,136.0
2015,2015-03-01,Mercedes,76.0
2015,2015-04-01,Mercedes,83.0
2015,2015-05-01,Mercedes,83.0
2015,2015-06-01,Mercedes,86.0
2015,2015-07-01,Mercedes,55.0
2015,2015-08-01,Mercedes,43.0
2015,2015-09-01,Mercedes,80.0
2015,2015-10-01,Mercedes,68.0
2015,2015-11-01,Mercedes,129.0
2016,2016-03-01,Mercedes,43.0
2016,2016-04-01,Mercedes,71.0
2016,2016-05-01,Mercedes,74.0
2016,2016-06-01,Mercedes,70.0
2016,2016-07-01,Mercedes,157.0
2016,2016-08-01,Mercedes,40.0
2016,2016-09-01,Mercedes,83.0
2016,2016-10-01,Mercedes,141.0
2016,2016-11-01,Mercedes,86.0
2017,2017-03-01,Mercedes,33.0
2017,2017-04-01,Mercedes,103.0
2017,2017-05-01,Mercedes,43.0
2017,2017-06-01,Mercedes,71.0
2017,2017-07-01,Mercedes,107.0
2017,2017-08-01,Mercedes,35.0
2017,2017-09-01,Mercedes,83.0
2017,2017-10-01,Mercedes,120.0
2017,2017-11-01,Mercedes,73.0
2018,2018-03-01,Mercedes,22.0
2018,2018-04-01,Mercedes,88.0
2018,2018-05-01,Mercedes,68.0
2018,2018-06-01,Mercedes,59.0
2018,2018-07-01,Mercedes,108.0
2018,2018-08-01,Mercedes,30.0
2018,2018-09-01,Mercedes,120.0
2018,2018-10-01,Mercedes,90.0
2018,2018-11-01,Mercedes,70.0
2019,2019-03-01,Mercedes,87.0
2019,2019-04-01,Mercedes,86.0
2019,2019-05-01,Mercedes,84.0
2019,2019-06-01,Mercedes,106.0
2019,2019-07-01,Mercedes,46.0
2019,2019-08-01,Mercedes,29.0
2019,2019-09-01,Mercedes,133.0
2019,2019-10-01,Mercedes,81.0
2019,2019-11-01,Mercedes,49.0
2019,2019-12-01,Mercedes,38.0
2020,2020-07-01,Mercedes,121.0
2020,2020-08-01,Mercedes,143.0
2020,2020-09-01,Mercedes,102.0
2020,2020-10-01,Mercedes,69.0
2020,2020-11-01,Mercedes,98.0
2020,2020-12-01,Mercedes,40.0
2021,2021-03-01,Mercedes,41.0
2021,2021-04-01,Mercedes,19.0
2021,2021-05-01,Mercedes,88.0
2021,2021-06-01,Mercedes,64.0
2021,2021-07-01,Mercedes,73.0
2021,2021-08-01,Mercedes,25.5
2021,2021-09-01,Mercedes,87.0
2021,2021-10-01,Mercedes,63.0
2021,2021-11-01,Mercedes,86.0
2021,2021-12-01,Mercedes,67.0
2022,2022-03-01,Mercedes,38.0
2022,2022-04-01,Mercedes,39.0
2022,2022-05-01,Mercedes,57.0
2022,2022-06-01,Mercedes,54.0
2022,2022-07-01,Mercedes,116.0
2022,2022-08-01,Mercedes,12.0
2022,2022-09-01,Mercedes,55.0
2022,2022-10-01,Mercedes,76.0
2022,2022-11-01,Mercedes,68.0
2023,2023-03-01,Mercedes,38.0
2023,2023-04-01,Mercedes,38.0
2023,2023-05-01,Mercedes,43.0
2023,2023-06-01,Mercedes,48.0
2023,2023-07-01,Mercedes,80.0
2023,2023-08-01,Mercedes,8.0
2023,2023-09-01,Mercedes,50.0
2023,2023-10-01,Mercedes,66.0
2023,2023-11-01,Mercedes,38.0
2024,2024-03-01,Mercedes,26.0
2024,2024-04-01,Mercedes,26.0
2024,2024-05-01,Mercedes,44.0
2024,2024-06-01,Mercedes,100.0
2024,2024-07-01,Mercedes,70.0
2024,2024-08-01,Mercedes,10.0
2024,2024-09-01,Mercedes,53.0
2024,2024-10-01,Mercedes,37.0
2024,2024-11-01,Mercedes,59.0
2024,2024-12-01,Mercedes,43.0
2025,2025-03-01,Mercedes,50.0
2025,2025-04-01,Mercedes,54.0
2025,2025-05-01,Mercedes,29.0
2025,2025-06-01,Mercedes,62.0
2025,2025-07-01,Mercedes,11.0
2025,2025-08-01,Mercedes,28.0
2010,2010-03-01,HRT,0.0
2010,2010-04-01,HRT,0.0
2010,2010-05-01,HRT,0.0
2010,2010-06-01,HRT,0.0
2010,2010-07-01,HRT,0.0
2010,2010-08-01,HRT,0.0
2010,2010-09-01,HRT,0.0
2010,2010-10-01,HRT,0.0
2010,2010-11-01,HRT,0.0
2011,2011-03-01,HRT,0.0
2011,2011-04-01,HRT,0.0
2011,2011-05-01,HRT,0.0
2011,2011-06-01,HRT,0.0
2011,2011-07-01,HRT,0.0
2011,2011-08-01,HRT,0.0
2011,2011-09-01,HRT,0.0
2011,2011-10-01,HRT,0.0
2011,2011-11-01,HRT,0.0
2012,2012-03-01,HRT,0.0
2012,2012-04-01,HRT,0.0
2012,2012-05-01,HRT,0.0
2012,2012-06-01,HRT,0.0
2012,2012-07-01,HRT,0.0
2012,2012-09-01,HRT,0.0
2012,2012-10-01,HRT,0.0
2012,2012-11-01,HRT,0.0
2010,2010-03-01,Virgin,0.0
2010,2010-04-01,Virgin,0.0
2010,2010-05-01,Virgin,0.0
2010,2010-06-01,Virgin,0.0
2010,2010-07-01,Virgin,0.0
2010,2010-08-01,Virgin,0.0
2010,2010-09-01,Virgin,0.0
2010,2010-10-01,Virgin,0.0
2010,2010-11-01,Virgin,0.0
2011,2011-03-01,Virgin,0.0
2011,2011-04-01,Virgin,0.0
2011,2011-05-01,Virgin,0.0
2011,2011-06-01,Virgin,0.0
2011,2011-07-01,Virgin,0.0
2011,2011-08-01,Virgin,0.0
2011,2011-09-01,Virgin,0.0
2011,2011-10-01,Virgin,0.0
2011,2011-11-01,Virgin,0.0
1959,1959-05-01,Cooper-Maserati,0.0
1959,1959-07-01,Cooper-Maserati,0.0
1959,1959-08-01,Cooper-Maserati,0.0
1959,1959-09-01,Cooper-Maserati,0.0
1959,1959-12-01,Cooper-Maserati,0.0
1960,1960-02-01,Cooper-Maserati,3.0
1960,1960-05-01,Cooper-Maserati,0.0
1960,1960-06-01,Cooper-Maserati,0.0
1960,1960-07-01,Cooper-Maserati,0.0
1960,1960-08-01,Cooper-Maserati,0.0
1960,1960-09-01,Cooper-Maserati,0.0
1960,1960-11-01,Cooper-Maserati,0.0
1961,1961-05-01,Cooper-Maserati,0.0
1961,1961-06-01,Cooper-Maserati,0.0
1961,1961-07-01,Cooper-Maserati,0.0
1961,1961-08-01,Cooper-Maserati,0.0
1961,1961-09-01,Cooper-Maserati,0.0
1963,1963-09-01,Cooper-Maserati,0.0
1963,1963-12-01,Cooper-Maserati,0.0
1965,1965-01-01,Cooper-Maserati,0.0
1966,1966-05-01,Cooper-Maserati,0.0
1966,1966-06-01,Cooper-Maserati,6.0
1966,1966-07-01,Cooper-Maserati,5.0
1966,1966-08-01,Cooper-Maserati,6.0
1966,1966-09-01,Cooper-Maserati,3.0
1966,1966-10-01,Cooper-Maserati,15.0
1967,1967-01-01,Cooper-Maserati,9.0
1967,1967-05-01,Cooper-Maserati,2.0
1967,1967-06-01,Cooper-Maserati,3.0
1967,1967-07-01,Cooper-Maserati,5.0
1967,1967-08-01,Cooper-Maserati,2.0
1967,1967-09-01,Cooper-Maserati,3.0
1967,1967-10-01,Cooper-Maserati,4.0
1968,1968-01-01,Cooper-Maserati,0.0
1969,1969-05-01,Cooper-Maserati,0.0
1959,1959-12-01,Cooper-OSCA,0.0
1959,1959-07-01,Cooper-Borgward,0.0
1959,1959-12-01,Cooper-Borgward,0.0
1959,1959-05-01,Cooper-Climax,14.0
1959,1959-07-01,Cooper-Climax,12.0
1959,1959-08-01,Cooper-Climax,11.0
1959,1959-09-01,Cooper-Climax,8.0
1959,1959-12-01,Cooper-Climax,8.0
1960,1960-02-01,Cooper-Climax,8.0
1960,1960-05-01,Cooper-Climax,6.0
1960,1960-06-01,Cooper-Climax,16.0
1960,1960-07-01,Cooper-Climax,16.0
1960,1960-08-01,Cooper-Climax,8.0
1960,1960-09-01,Cooper-Climax,0.0
1960,1960-11-01,Cooper-Climax,4.0
1961,1961-05-01,Cooper-Climax,2.0
1961,1961-06-01,Cooper-Climax,2.0
1961,1961-07-01,Cooper-Climax,6.0
1961,1961-08-01,Cooper-Climax,2.0
1961,1961-09-01,Cooper-Climax,4.0
1961,1961-10-01,Cooper-Climax,3.0
1962,1962-05-01,Cooper-Climax,2.0
1962,1962-06-01,Cooper-Climax,9.0
1962,1962-07-01,Cooper-Climax,10.0
1962,1962-08-01,Cooper-Climax,2.0
1962,1962-09-01,Cooper-Climax,4.0
1962,1962-10-01,Cooper-Climax,4.0
1962,1962-12-01,Cooper-Climax,6.0
1963,1963-05-01,Cooper-Climax,4.0
1963,1963-06-01,Cooper-Climax,12.0
1963,1963-07-01,Cooper-Climax,0.0
1963,1963-08-01,Cooper-Climax,1.0
1963,1963-09-01,Cooper-Climax,4.0
1963,1963-10-01,Cooper-Climax,2.0
1963,1963-12-01,Cooper-Climax,3.0
1964,1964-05-01,Cooper-Climax,2.0
1964,1964-06-01,Cooper-Climax,7.0
1964,1964-07-01,Cooper-Climax,1.0
1964,1964-08-01,Cooper-Climax,0.0
1964,1964-09-01,Cooper-Climax,6.0
1964,1964-10-01,Cooper-Climax,0.0
1965,1965-01-01,Cooper-Climax,2.0
1965,1965-05-01,Cooper-Climax,2.0
1965,1965-06-01,Cooper-Climax,4.0
1965,1965-07-01,Cooper-Climax,0.0
1965,1965-08-01,Cooper-Climax,3.0
1965,1965-09-01,Cooper-Climax,2.0
1965,1965-10-01,Cooper-Climax,1.0
1967,1967-01-01,Cooper-Climax,6.0
1967,1967-08-01,Cooper-Climax,0.0
1968,1968-01-01,Cooper-Climax,0.0
1960,1960-05-01,Cooper-Castellotti,0.0
1960,1960-07-01,Cooper-Castellotti,0.0
1960,1960-09-01,Cooper-Castellotti,3.0
1960,1960-11-01,Cooper-Castellotti,0.0
1961,1961-05-01,Lotus-Climax,13.0
1961,1961-06-01,Lotus-Climax,0.0
1961,1961-07-01,Lotus-Climax,4.0
1961,1961-08-01,Lotus-Climax,9.0
1961,1961-09-01,Lotus-Climax,0.0
1961,1961-10-01,Lotus-Climax,9.0
1962,1962-05-01,Lotus-Climax,6.0
1962,1962-06-01,Lotus-Climax,9.0
1962,1962-07-01,Lotus-Climax,9.0
1962,1962-08-01,Lotus-Climax,3.0
1962,1962-09-01,Lotus-Climax,0.0
1962,1962-10-01,Lotus-Climax,9.0
1962,1962-12-01,Lotus-Climax,2.0
1963,1963-05-01,Lotus-Climax,1.0
1963,1963-06-01,Lotus-Climax,27.0
1963,1963-07-01,Lotus-Climax,9.0
1963,1963-08-01,Lotus-Climax,6.0
1963,1963-09-01,Lotus-Climax,9.0
1963,1963-10-01,Lotus-Climax,13.0
1963,1963-12-01,Lotus-Climax,9.0
1964,1964-05-01,Lotus-Climax,13.0
1964,1964-06-01,Lotus-Climax,12.0
1964,1964-07-01,Lotus-Climax,9.0
1964,1964-08-01,Lotus-Climax,0.0
1964,1964-09-01,Lotus-Climax,1.0
1964,1964-10-01,Lotus-Climax,5.0
1965,1965-01-01,Lotus-Climax,9.0
1965,1965-05-01,Lotus-Climax,0.0
1965,1965-06-01,Lotus-Climax,18.0
1965,1965-07-01,Lotus-Climax,18.0
1965,1965-08-01,Lotus-Climax,9.0
1965,1965-09-01,Lotus-Climax,0.0
1965,1965-10-01,Lotus-Climax,4.0
1966,1966-05-01,Lotus-Climax,0.0
1966,1966-06-01,Lotus-Climax,0.0
1966,1966-07-01,Lotus-Climax,7.0
1966,1966-08-01,Lotus-Climax,0.0
1966,1966-09-01,Lotus-Climax,0.0
1966,1966-10-01,Lotus-Climax,1.0
1967,1967-05-01,Lotus-Climax,0.0
1961,1961-09-01,Lotus-Maserati,0.0
1963,1963-09-01,Lotus-Maserati,0.0
1961,1961-07-01,De Tomaso-Osca,0.0
1961,1961-09-01,De Tomaso-Osca,0.0
1962,1962-09-01,De Tomaso-Osca,0.0
1961,1961-09-01,De Tomaso-Alfa Romeo,0.0
1962,1962-06-01,De Tomaso-Alfa Romeo,0.0
1962,1962-06-01,Lotus-BRM,0.0
1962,1962-07-01,Lotus-BRM,0.0
1962,1962-08-01,Lotus-BRM,0.0
1962,1962-09-01,Lotus-BRM,0.0
1962,1962-10-01,Lotus-BRM,1.0
1963,1963-05-01,Lotus-BRM,0.0
1963,1963-06-01,Lotus-BRM,1.0
1963,1963-07-01,Lotus-BRM,1.0
1963,1963-08-01,Lotus-BRM,2.0
1963,1963-09-01,Lotus-BRM,0.0
1963,1963-10-01,Lotus-BRM,0.0
1963,1963-12-01,Lotus-BRM,0.0
1964,1964-05-01,Lotus-BRM,3.0
1964,1964-06-01,Lotus-BRM,0.0
1964,1964-07-01,Lotus-BRM,0.0
1964,1964-08-01,Lotus-BRM,0.0
1964,1964-09-01,Lotus-BRM,0.0
1964,1964-10-01,Lotus-BRM,0.0
1965,1965-01-01,Lotus-BRM,0.0
1965,1965-05-01,Lotus-BRM,0.0
1965,1965-06-01,Lotus-BRM,0.0
1965,1965-07-01,Lotus-BRM,0.0
1965,1965-08-01,Lotus-BRM,0.0
1965,1965-09-01,Lotus-BRM,1.0
1965,1965-10-01,Lotus-BRM,1.0
1966,1966-05-01,Lotus-BRM,0.0
1966,1966-06-01,Lotus-BRM,0.0
1966,1966-07-01,Lotus-BRM,2.0
1966,1966-08-01,Lotus-BRM,0.0
1966,1966-09-01,Lotus-BRM,2.0
1966,1966-10-01,Lotus-BRM,9.0
1967,1967-01-01,Lotus-BRM,0.0
1967,1967-05-01,Lotus-BRM,6.0
1967,1967-06-01,Lotus-BRM,0.0
1967,1967-08-01,Lotus-BRM,0.0
1967,1967-10-01,Lotus-BRM,0.0
1962,1962-09-01,Lotus-Borgward,0.0
1963,1963-08-01,Lotus-Borgward,0.0
1962,1962-12-01,Cooper-Alfa Romeo,0.0
1963,1963-09-01,De Tomaso-Ferrari,0.0
1963,1963-12-01,Lotus-Ford,0.0
1965,1965-01-01,Lotus-Ford,0.0
1967,1967-06-01,Lotus-Ford,10.0
1967,1967-07-01,Lotus-Ford,9.0
1967,1967-08-01,Lotus-Ford,3.0
1967,1967-09-01,Lotus-Ford,4.0
1967,1967-10-01,Lotus-Ford,18.0
1968,1968-01-01,Lotus-Ford,9.0
1968,1968-05-01,Lotus-Ford,18.0
1968,1968-06-01,Lotus-Ford,2.0
1968,1968-07-01,Lotus-Ford,9.0
1968,1968-08-01,Lotus-Ford,6.0
1968,1968-09-01,Lotus-Ford,3.0
1968,1968-10-01,Lotus-Ford,6.0
1968,1968-11-01,Lotus-Ford,9.0
1969,1969-03-01,Lotus-Ford,6.0
1969,1969-05-01,Lotus-Ford,9.0
1969,1969-06-01,Lotus-Ford,6.0
1969,1969-07-01,Lotus-Ford,4.0
1969,1969-08-01,Lotus-Ford,3.0
1969,1969-09-01,Lotus-Ford,10.0
1969,1969-10-01,Lotus-Ford,9.0
1971,1971-03-01,Lotus-Ford,3.0
1971,1971-04-01,Lotus-Ford,0.0
1971,1971-05-01,Lotus-Ford,2.0
1971,1971-06-01,Lotus-Ford,0.0
1971,1971-07-01,Lotus-Ford,8.0
1971,1971-08-01,Lotus-Ford,6.0
1971,1971-09-01,Lotus-Ford,2.0
1971,1971-10-01,Lotus-Ford,0.0
1964,1964-05-01,Brabham-BRM,0.0
1964,1964-06-01,Brabham-BRM,0.0
1964,1964-07-01,Brabham-BRM,0.0
1964,1964-08-01,Brabham-BRM,3.0
1964,1964-09-01,Brabham-BRM,0.0
1964,1964-10-01,Brabham-BRM,4.0
1965,1965-01-01,Brabham-BRM,0.0
1965,1965-05-01,Brabham-BRM,1.0
1965,1965-06-01,Brabham-BRM,1.0
1965,1965-07-01,Brabham-BRM,0.0
1965,1965-08-01,Brabham-BRM,0.0
1965,1965-09-01,Brabham-BRM,0.0
1965,1965-10-01,Brabham-BRM,3.0
1966,1966-05-01,Brabham-BRM,0.0
1966,1966-07-01,Brabham-BRM,1.0
1966,1966-08-01,Brabham-BRM,0.0
1966,1966-09-01,Brabham-BRM,0.0
1964,1964-07-01,Brabham-Ford,0.0
1965,1965-01-01,Brabham-Ford,0.0
1967,1967-08-01,Brabham-Ford,0.0
1969,1969-03-01,Brabham-Ford,0.0
1969,1969-05-01,Brabham-Ford,7.0
1969,1969-06-01,Brabham-Ford,2.0
1969,1969-07-01,Brabham-Ford,10.0
1969,1969-08-01,Brabham-Ford,9.0
1969,1969-09-01,Brabham-Ford,11.0
1969,1969-10-01,Brabham-Ford,12.0
1976,1976-05-01,Brabham-Ford,0.0
1976,1976-06-01,Brabham-Ford,0.0
1976,1976-07-01,Brabham-Ford,0.0
1976,1976-08-01,Brabham-Ford,0.0
1979,1979-09-01,Brabham-Ford,0.0
1979,1979-10-01,Brabham-Ford,0.0
1964,1964-05-01,Brabham-Climax,1.0
1964,1964-06-01,Brabham-Climax,13.0
1964,1964-07-01,Brabham-Climax,3.0
1964,1964-08-01,Brabham-Climax,4.0
1964,1964-09-01,Brabham-Climax,0.0
1964,1964-10-01,Brabham-Climax,9.0
1965,1965-01-01,Brabham-Climax,0.0
1965,1965-05-01,Brabham-Climax,0.0
1965,1965-06-01,Brabham-Climax,6.0
1965,1965-07-01,Brabham-Climax,5.0
1965,1965-08-01,Brabham-Climax,4.0
1965,1965-09-01,Brabham-Climax,4.0
1965,1965-10-01,Brabham-Climax,12.0
1966,1966-05-01,Brabham-Climax,0.0
1966,1966-06-01,Brabham-Climax,0.0
1966,1966-07-01,Brabham-Climax,0.0
1966,1966-08-01,Brabham-Climax,0.0
1966,1966-09-01,Brabham-Climax,1.0
1967,1967-01-01,Brabham-Climax,2.0
1967,1967-05-01,Brabham-Climax,0.0
1967,1967-06-01,Brabham-Climax,0.0
1967,1967-07-01,Brabham-Climax,0.0
1968,1968-01-01,Brabham-Climax,0.0
1969,1969-09-01,Brabham-Climax,0.0
1965,1965-01-01,LDS-Climax,0.0
1967,1967-01-01,LDS-Climax,0.0
1965,1965-01-01,LDS-Alfa Romeo,0.0
1965,1965-01-01,Cooper-Ford,0.0
1965,1965-07-01,Cooper-Ford,0.0
1966,1966-05-01,McLaren-Ford,0.0
1966,1966-10-01,McLaren-Ford,2.0
1967,1967-10-01,McLaren-Ford,0.0
1968,1968-05-01,McLaren-Ford,8.0
1968,1968-06-01,McLaren-Ford,9.0
1968,1968-07-01,McLaren-Ford,5.0
1968,1968-08-01,McLaren-Ford,0.0
1968,1968-09-01,McLaren-Ford,18.0
1968,1968-10-01,McLaren-Ford,3.0
1968,1968-11-01,McLaren-Ford,6.0
1969,1969-03-01,McLaren-Ford,4.0
1969,1969-05-01,McLaren-Ford,8.0
1969,1969-06-01,McLaren-Ford,3.0
1969,1969-07-01,McLaren-Ford,7.0
1969,1969-08-01,McLaren-Ford,4.0
1969,1969-09-01,McLaren-Ford,5.0
1969,1969-10-01,McLaren-Ford,9.0
1970,1970-03-01,McLaren-Ford,6.0
1970,1970-04-01,McLaren-Ford,6.0
1970,1970-05-01,McLaren-Ford,3.0
1970,1970-06-01,McLaren-Ford,1.0
1970,1970-07-01,McLaren-Ford,7.0
1970,1970-08-01,McLaren-Ford,4.0
1970,1970-09-01,McLaren-Ford,4.0
1970,1970-10-01,McLaren-Ford,4.0
1966,1966-06-01,McLaren-Serenissima,0.0
1966,1966-07-01,McLaren-Serenissima,1.0
1966,1966-06-01,Eagle-Climax,0.0
1966,1966-07-01,Eagle-Climax,2.0
1966,1966-08-01,Eagle-Climax,0.0
1966,1966-09-01,Eagle-Climax,0.0
1966,1966-10-01,Eagle-Climax,2.0
1967,1967-01-01,Eagle-Climax,0.0
1967,1967-05-01,Eagle-Climax,0.0
1967,1967-08-01,Eagle-Climax,0.0
1967,1967-10-01,Eagle-Climax,0.0
1969,1969-09-01,Eagle-Climax,0.0
1966,1966-09-01,Eagle-Weslake,0.0
1966,1966-10-01,Eagle-Weslake,0.0
1967,1967-05-01,Eagle-Weslake,0.0
1967,1967-06-01,Eagle-Weslake,9.0
1967,1967-07-01,Eagle-Weslake,0.0
1967,1967-08-01,Eagle-Weslake,4.0
1967,1967-09-01,Eagle-Weslake,0.0
1967,1967-10-01,Eagle-Weslake,0.0
1968,1968-01-01,Eagle-Weslake,0.0
1968,1968-05-01,Eagle-Weslake,0.0
1968,1968-07-01,Eagle-Weslake,0.0
1968,1968-08-01,Eagle-Weslake,0.0
1968,1968-09-01,Eagle-Weslake,0.0
1966,1966-05-01,Brabham-Repco,0.0
1966,1966-06-01,Brabham-Repco,3.0
1966,1966-07-01,Brabham-Repco,33.0
1966,1966-08-01,Brabham-Repco,9.0
1966,1966-09-01,Brabham-Repco,4.0
1966,1966-10-01,Brabham-Repco,6.0
1967,1967-01-01,Brabham-Repco,3.0
1967,1967-05-01,Brabham-Repco,9.0
1967,1967-06-01,Brabham-Repco,6.0
1967,1967-07-01,Brabham-Repco,15.0
1967,1967-08-01,Brabham-Repco,18.0
1967,1967-09-01,Brabham-Repco,6.0
1967,1967-10-01,Brabham-Repco,10.0
1968,1968-01-01,Brabham-Repco,4.0
1968,1968-05-01,Brabham-Repco,0.0
1968,1968-06-01,Brabham-Repco,2.0
1968,1968-07-01,Brabham-Repco,0.0
1968,1968-08-01,Brabham-Repco,4.0
1968,1968-09-01,Brabham-Repco,0.0
1968,1968-10-01,Brabham-Repco,0.0
1968,1968-11-01,Brabham-Repco,0.0
1969,1969-03-01,Brabham-Repco,0.0
1966,1966-07-01,Cooper-Ferrari,0.0
1966,1966-08-01,Cooper-Ferrari,0.0
1967,1967-07-01,Cooper-ATS,0.0
1967,1967-05-01,McLaren-BRM,3.0
1967,1967-06-01,McLaren-BRM,0.0
1967,1967-08-01,McLaren-BRM,0.0
1967,1967-09-01,McLaren-BRM,0.0
1967,1967-10-01,McLaren-BRM,0.0
1968,1968-01-01,McLaren-BRM,2.0
1968,1968-05-01,McLaren-BRM,0.0
1968,1968-06-01,McLaren-BRM,0.0
1968,1968-07-01,McLaren-BRM,0.0
1968,1968-09-01,McLaren-BRM,1.0
1968,1968-10-01,McLaren-BRM,0.0
1968,1968-01-01,Cooper-BRM,0.0
1968,1968-05-01,Cooper-BRM,8.0
1968,1968-06-01,Cooper-BRM,1.0
1968,1968-07-01,Cooper-BRM,3.0
1968,1968-08-01,Cooper-BRM,0.0
1968,1968-09-01,Cooper-BRM,2.0
1968,1968-10-01,Cooper-BRM,0.0
1968,1968-11-01,Cooper-BRM,0.0
1968,1968-01-01,Matra-Ford,1.0
1968,1968-05-01,Matra-Ford,2.0
1968,1968-06-01,Matra-Ford,12.0
1968,1968-07-01,Matra-Ford,5.0
1968,1968-08-01,Matra-Ford,9.0
1968,1968-09-01,Matra-Ford,7.0
1968,1968-10-01,Matra-Ford,9.0
1968,1968-11-01,Matra-Ford,0.0
1969,1969-03-01,Matra-Ford,9.0
1969,1969-05-01,Matra-Ford,9.0
1969,1969-06-01,Matra-Ford,9.0
1969,1969-07-01,Matra-Ford,18.0
1969,1969-08-01,Matra-Ford,6.0
1969,1969-09-01,Matra-Ford,12.0
1969,1969-10-01,Matra-Ford,3.0
1969,1969-08-01,BRM-Ford,0.0
1970,1970-04-01,McLaren-Alfa Romeo,0.0
1970,1970-05-01,McLaren-Alfa Romeo,0.0
1970,1970-06-01,McLaren-Alfa Romeo,0.0
1970,1970-07-01,McLaren-Alfa Romeo,0.0
1970,1970-08-01,McLaren-Alfa Romeo,0.0
1970,1970-09-01,McLaren-Alfa Romeo,0.0
1970,1970-10-01,McLaren-Alfa Romeo,0.0
1971,1971-03-01,March-Alfa Romeo,0.0
1971,1971-07-01,March-Alfa Romeo,0.0
1971,1971-08-01,March-Alfa Romeo,0.0
1971,1971-09-01,March-Alfa Romeo,0.0
1971,1971-10-01,March-Alfa Romeo,0.0
1971,1971-03-01,March-Ford,0.0
1971,1971-04-01,March-Ford,0.0
1971,1971-05-01,March-Ford,6.0
1971,1971-06-01,March-Ford,3.0
1971,1971-07-01,March-Ford,6.0
1971,1971-08-01,March-Ford,3.0
1971,1971-09-01,March-Ford,12.0
1971,1971-10-01,March-Ford,4.0
1971,1971-06-01,Lotus-Pratt &amp; Whitney,0.0
1971,1971-07-01,Lotus-Pratt &amp; Whitney,0.0
1971,1971-09-01,Lotus-Pratt &amp; Whitney,0.0
1975,1975-01-01,Shadow-Ford,0.0
1975,1975-03-01,Shadow-Ford,0.0
1975,1975-04-01,Shadow-Ford,1.5
1975,1975-05-01,Shadow-Ford,1.0
1975,1975-06-01,Shadow-Ford,1.0
1975,1975-07-01,Shadow-Ford,0.0
1975,1975-08-01,Shadow-Ford,5.0
1975,1975-09-01,Shadow-Ford,1.0
1975,1975-10-01,Shadow-Ford,0.0
1975,1975-08-01,Shadow-Matra,0.0
1975,1975-09-01,Shadow-Matra,0.0
1976,1976-01-01,Brabham-Alfa Romeo,0.0
1976,1976-03-01,Brabham-Alfa Romeo,0.0
1976,1976-05-01,Brabham-Alfa Romeo,3.0
1976,1976-06-01,Brabham-Alfa Romeo,0.0
1976,1976-07-01,Brabham-Alfa Romeo,3.0
1976,1976-08-01,Brabham-Alfa Romeo,3.0
1976,1976-09-01,Brabham-Alfa Romeo,0.0
1976,1976-10-01,Brabham-Alfa Romeo,0.0
1979,1979-01-01,Brabham-Alfa Romeo,0.0
1979,1979-02-01,Brabham-Alfa Romeo,0.0
1979,1979-03-01,Brabham-Alfa Romeo,1.0
1979,1979-04-01,Brabham-Alfa Romeo,0.0
1979,1979-05-01,Brabham-Alfa Romeo,0.0
1979,1979-07-01,Brabham-Alfa Romeo,0.0
1979,1979-08-01,Brabham-Alfa Romeo,3.0
1979,1979-09-01,Brabham-Alfa Romeo,3.0
2010,2010-03-01,Lotus,0.0
2010,2010-04-01,Lotus,0.0
2010,2010-05-01,Lotus,0.0
2010,2010-06-01,Lotus,0.0
2010,2010-07-01,Lotus,0.0
2010,2010-08-01,Lotus,0.0
2010,2010-09-01,Lotus,0.0
2010,2010-10-01,Lotus,0.0
2010,2010-11-01,Lotus,0.0
2011,2011-03-01,Lotus,0.0
2011,2011-04-01,Lotus,0.0
2011,2011-05-01,Lotus,0.0
2011,2011-06-01,Lotus,0.0
2011,2011-07-01,Lotus,0.0
2011,2011-08-01,Lotus,0.0
2011,2011-09-01,Lotus,0.0
2011,2011-10-01,Lotus,0.0
2011,2011-11-01,Lotus,0.0
2012,2012-03-01,Marussia,0.0
2012,2012-04-01,Marussia,0.0
2012,2012-05-01,Marussia,0.0
2012,2012-06-01,Marussia,0.0
2012,2012-07-01,Marussia,0.0
2012,2012-09-01,Marussia,0.0
2012,2012-10-01,Marussia,0.0
2012,2012-11-01,Marussia,0.0
2013,2013-03-01,Marussia,0.0
2013,2013-04-01,Marussia,0.0
2013,2013-05-01,Marussia,0.0
2013,2013-06-01,Marussia,0.0
2013,2013-07-01,Marussia,0.0
2013,2013-08-01,Marussia,0.0
2013,2013-09-01,Marussia,0.0
2013,2013-10-01,Marussia,0.0
2013,2013-11-01,Marussia,0.0
2014,2014-03-01,Marussia,0.0
2014,2014-04-01,Marussia,0.0
2014,2014-05-01,Marussia,2.0
2014,2014-06-01,Marussia,0.0
2014,2014-07-01,Marussia,0.0
2014,2014-08-01,Marussia,0.0
2014,2014-09-01,Marussia,0.0
2014,2014-10-01,Marussia,0.0
2015,2015-08-01,Marussia,0.0
2015,2015-10-01,Marussia,0.0
2015,2015-11-01,Marussia,0.0
2012,2012-03-01,Caterham,0.0
2012,2012-04-01,Caterham,0.0
2012,2012-05-01,Caterham,0.0
2012,2012-06-01,Caterham,0.0
2012,2012-07-01,Caterham,0.0
2012,2012-09-01,Caterham,0.0
2012,2012-10-01,Caterham,0.0
2012,2012-11-01,Caterham,0.0
2013,2013-03-01,Caterham,0.0
2013,2013-04-01,Caterham,0.0
2013,2013-05-01,Caterham,0.0
2013,2013-06-01,Caterham,0.0
2013,2013-07-01,Caterham,0.0
2013,2013-08-01,Caterham,0.0
2013,2013-09-01,Caterham,0.0
2013,2013-10-01,Caterham,0.0
2013,2013-11-01,Caterham,0.0
2014,2014-03-01,Caterham,0.0
2014,2014-04-01,Caterham,0.0
2014,2014-05-01,Caterham,0.0
2014,2014-06-01,Caterham,0.0
2014,2014-07-01,Caterham,0.0
2014,2014-08-01,Caterham,0.0
2014,2014-09-01,Caterham,0.0
2014,2014-10-01,Caterham,0.0
2014,2014-11-01,Caterham,0.0
2012,2012-03-01,Lotus F1,16.0
2012,2012-04-01,Lotus F1,41.0
2012,2012-05-01,Lotus F1,29.0
2012,2012-06-01,Lotus F1,40.0
2012,2012-07-01,Lotus F1,66.0
2012,2012-09-01,Lotus F1,39.0
2012,2012-10-01,Lotus F1,32.0
2012,2012-11-01,Lotus F1,40.0
2013,2013-03-01,Lotus F1,40.0
2013,2013-04-01,Lotus F1,53.0
2013,2013-05-01,Lotus F1,19.0
2013,2013-06-01,Lotus F1,12.0
2013,2013-07-01,Lotus F1,59.0
2013,2013-08-01,Lotus F1,4.0
2013,2013-09-01,Lotus F1,19.0
2013,2013-10-01,Lotus F1,79.0
2013,2013-11-01,Lotus F1,30.0
2014,2014-03-01,Lotus F1,0.0
2014,2014-04-01,Lotus F1,0.0
2014,2014-05-01,Lotus F1,8.0
2014,2014-06-01,Lotus F1,0.0
2014,2014-07-01,Lotus F1,0.0
2014,2014-08-01,Lotus F1,0.0
2014,2014-09-01,Lotus F1,0.0
2014,2014-10-01,Lotus F1,0.0
2014,2014-11-01,Lotus F1,2.0
2015,2015-03-01,Lotus F1,0.0
2015,2015-04-01,Lotus F1,12.0
2015,2015-05-01,Lotus F1,4.0
2015,2015-06-01,Lotus F1,13.0
2015,2015-07-01,Lotus F1,6.0
2015,2015-08-01,Lotus F1,15.0
2015,2015-09-01,Lotus F1,10.0
2015,2015-10-01,Lotus F1,10.0
2015,2015-11-01,Lotus F1,8.0
2015,2015-03-01,Manor Marussia,0.0
2015,2015-04-01,Manor Marussia,0.0
2015,2015-05-01,Manor Marussia,0.0
2015,2015-06-01,Manor Marussia,0.0
2015,2015-07-01,Manor Marussia,0.0
2015,2015-08-01,Manor Marussia,0.0
2015,2015-09-01,Manor Marussia,0.0
2015,2015-10-01,Manor Marussia,0.0
2015,2015-11-01,Manor Marussia,0.0
2016,2016-03-01,Manor Marussia,0.0
2016,2016-04-01,Manor Marussia,0.0
2016,2016-05-01,Manor Marussia,0.0
2016,2016-06-01,Manor Marussia,0.0
2016,2016-07-01,Manor Marussia,1.0
2016,2016-08-01,Manor Marussia,0.0
2016,2016-09-01,Manor Marussia,0.0
2016,2016-10-01,Manor Marussia,0.0
2016,2016-11-01,Manor Marussia,0.0
2016,2016-03-01,Haas F1 Team,8.0
2016,2016-04-01,Haas F1 Team,10.0
2016,2016-05-01,Haas F1 Team,4.0
2016,2016-06-01,Haas F1 Team,0.0
2016,2016-07-01,Haas F1 Team,6.0
2016,2016-08-01,Haas F1 Team,0.0
2016,2016-09-01,Haas F1 Team,0.0
2016,2016-10-01,Haas F1 Team,1.0
2016,2016-11-01,Haas F1 Team,0.0
2017,2017-03-01,Haas F1 Team,0.0
2017,2017-04-01,Haas F1 Team,8.0
2017,2017-05-01,Haas F1 Team,6.0
2017,2017-06-01,Haas F1 Team,7.0
2017,2017-07-01,Haas F1 Team,8.0
2017,2017-08-01,Haas F1 Team,6.0
2017,2017-09-01,Haas F1 Team,2.0
2017,2017-10-01,Haas F1 Team,10.0
2017,2017-11-01,Haas F1 Team,0.0
2018,2018-03-01,Haas F1 Team,0.0
2018,2018-04-01,Haas F1 Team,11.0
2018,2018-05-01,Haas F1 Team,8.0
2018,2018-06-01,Haas F1 Team,8.0
2018,2018-07-01,Haas F1 Team,39.0
2018,2018-08-01,Haas F1 Team,10.0
2018,2018-09-01,Haas F1 Team,4.0
2018,2018-10-01,Haas F1 Team,4.0
2018,2018-11-01,Haas F1 Team,9.0
2019,2019-03-01,Haas F1 Team,8.0
2019,2019-04-01,Haas F1 Team,0.0
2019,2019-05-01,Haas F1 Team,8.0
2019,2019-06-01,Haas F1 Team,0.0
2019,2019-07-01,Haas F1 Team,10.0
2019,2019-08-01,Haas F1 Team,0.0
2019,2019-09-01,Haas F1 Team,2.0
2019,2019-10-01,Haas F1 Team,0.0
2019,2019-11-01,Haas F1 Team,0.0
2019,2019-12-01,Haas F1 Team,0.0
2020,2020-07-01,Haas F1 Team,1.0
2020,2020-08-01,Haas F1 Team,0.0
2020,2020-09-01,Haas F1 Team,0.0
2020,2020-10-01,Haas F1 Team,2.0
2020,2020-11-01,Haas F1 Team,0.0
2020,2020-12-01,Haas F1 Team,0.0
2021,2021-03-01,Haas F1 Team,0.0
2021,2021-04-01,Haas F1 Team,0.0
2021,2021-05-01,Haas F1 Team,0.0
2021,2021-06-01,Haas F1 Team,0.0
2021,2021-07-01,Haas F1 Team,0.0
2021,2021-08-01,Haas F1 Team,0.0
2021,2021-09-01,Haas F1 Team,0.0
2021,2021-10-01,Haas F1 Team,0.0
2021,2021-11-01,Haas F1 Team,0.0
2021,2021-12-01,Haas F1 Team,0.0
2022,2022-03-01,Haas F1 Team,12.0
2022,2022-04-01,Haas F1 Team,3.0
2022,2022-05-01,Haas F1 Team,0.0
2022,2022-06-01,Haas F1 Team,0.0
2022,2022-07-01,Haas F1 Team,19.0
2022,2022-08-01,Haas F1 Team,0.0
2022,2022-09-01,Haas F1 Team,0.0
2022,2022-10-01,Haas F1 Team,2.0
2022,2022-11-01,Haas F1 Team,1.0
2023,2023-03-01,Haas F1 Team,1.0
2023,2023-04-01,Haas F1 Team,6.0
2023,2023-05-01,Haas F1 Team,1.0
2023,2023-06-01,Haas F1 Team,0.0
2023,2023-07-01,Haas F1 Team,3.0
2023,2023-08-01,Haas F1 Team,0.0
2023,2023-09-01,Haas F1 Team,1.0
2023,2023-10-01,Haas F1 Team,0.0
2023,2023-11-01,Haas F1 Team,0.0
2024,2024-03-01,Haas F1 Team,4.0
2024,2024-04-01,Haas F1 Team,1.0
2024,2024-05-01,Haas F1 Team,2.0
2024,2024-06-01,Haas F1 Team,12.0
2024,2024-07-01,Haas F1 Team,8.0
2024,2024-08-01,Haas F1 Team,0.0
2024,2024-09-01,Haas F1 Team,4.0
2024,2024-10-01,Haas F1 Team,15.0
2024,2024-11-01,Haas F1 Team,4.0
2024,2024-12-01,Haas F1 Team,8.0
2025,2025-03-01,Haas F1 Team,14.0
2025,2025-04-01,Haas F1 Team,6.0
2025,2025-05-01,Haas F1 Team,6.0
2025,2025-06-01,Haas F1 Team,3.0
2025,2025-07-01,Haas F1 Team,0.0
2025,2025-08-01,Haas F1 Team,9.0
2019,2019-03-01,Racing Point,3.0
2019,2019-04-01,Racing Point,14.0
2019,2019-05-01,Racing Point,0.0
2019,2019-06-01,Racing Point,2.0
2019,2019-07-01,Racing Point,12.0
2019,2019-08-01,Racing Point,0.0
2019,2019-09-01,Racing Point,21.0
2019,2019-10-01,Racing Point,12.0
2019,2019-11-01,Racing Point,3.0
2019,2019-12-01,Racing Point,6.0
2020,2020-07-01,Racing Point,40.0
2020,2020-08-01,Racing Point,41.0
2020,2020-09-01,Racing Point,38.0
2020,2020-10-01,Racing Point,22.0
2020,2020-11-01,Racing Point,28.0
2020,2020-12-01,Racing Point,41.0
2020,2020-07-01,AlphaTauri,7.0
2020,2020-08-01,AlphaTauri,13.0
2020,2020-09-01,AlphaTauri,39.0
2020,2020-10-01,AlphaTauri,18.0
2020,2020-11-01,AlphaTauri,20.0
2020,2020-12-01,AlphaTauri,10.0
2021,2021-03-01,AlphaTauri,2.0
2021,2021-04-01,AlphaTauri,6.0
2021,2021-05-01,AlphaTauri,10.0
2021,2021-06-01,AlphaTauri,28.0
2021,2021-07-01,AlphaTauri,3.0
2021,2021-08-01,AlphaTauri,23.0
2021,2021-09-01,AlphaTauri,12.0
2021,2021-10-01,AlphaTauri,10.0
2021,2021-11-01,AlphaTauri,18.0
2021,2021-12-01,AlphaTauri,30.0
2022,2022-03-01,AlphaTauri,8.0
2022,2022-04-01,AlphaTauri,8.0
2022,2022-05-01,AlphaTauri,1.0
2022,2022-06-01,AlphaTauri,10.0
2022,2022-07-01,AlphaTauri,0.0
2022,2022-08-01,AlphaTauri,2.0
2022,2022-09-01,AlphaTauri,4.0
2022,2022-10-01,AlphaTauri,2.0
2022,2022-11-01,AlphaTauri,0.0
2023,2023-03-01,AlphaTauri,0.0
2023,2023-04-01,AlphaTauri,2.0
2023,2023-05-01,AlphaTauri,0.0
2023,2023-06-01,AlphaTauri,0.0
2023,2023-07-01,AlphaTauri,1.0
2023,2023-08-01,AlphaTauri,0.0
2023,2023-09-01,AlphaTauri,2.0
2023,2023-10-01,AlphaTauri,11.0
2023,2023-11-01,AlphaTauri,9.0
2021,2021-03-01,Alpine F1 Team,0.0
2021,2021-04-01,Alpine F1 Team,3.0
2021,2021-05-01,Alpine F1 Team,14.0
2021,2021-06-01,Alpine F1 Team,14.0
2021,2021-07-01,Alpine F1 Team,9.0
2021,2021-08-01,Alpine F1 Team,40.0
2021,2021-09-01,Alpine F1 Team,23.0
2021,2021-10-01,Alpine F1 Team,1.0
2021,2021-11-01,Alpine F1 Team,33.0
2021,2021-12-01,Alpine F1 Team,18.0
2022,2022-03-01,Alpine F1 Team,16.0
2022,2022-04-01,Alpine F1 Team,6.0
2022,2022-05-01,Alpine F1 Team,18.0
2022,2022-06-01,Alpine F1 Team,17.0
2022,2022-07-01,Alpine F1 Team,42.0
2022,2022-08-01,Alpine F1 Team,16.0
2022,2022-09-01,Alpine F1 Team,10.0
2022,2022-10-01,Alpine F1 Team,28.0
2022,2022-11-01,Alpine F1 Team,20.0
2023,2023-03-01,Alpine F1 Team,8.0
2023,2023-04-01,Alpine F1 Team,0.0
2023,2023-05-01,Alpine F1 Team,27.0
2023,2023-06-01,Alpine F1 Team,9.0
2023,2023-07-01,Alpine F1 Team,13.0
2023,2023-08-01,Alpine F1 Team,16.0
2023,2023-09-01,Alpine F1 Team,11.0
2023,2023-10-01,Alpine F1 Team,17.0
2023,2023-11-01,Alpine F1 Team,19.0
2024,2024-03-01,Alpine F1 Team,0.0
2024,2024-04-01,Alpine F1 Team,0.0
2024,2024-05-01,Alpine F1 Team,2.0
2024,2024-06-01,Alpine F1 Team,7.0
2024,2024-07-01,Alpine F1 Team,2.0
2024,2024-08-01,Alpine F1 Team,2.0
2024,2024-09-01,Alpine F1 Team,0.0
2024,2024-10-01,Alpine F1 Team,1.0
2024,2024-11-01,Alpine F1 Team,35.0
2024,2024-12-01,Alpine F1 Team,16.0
2025,2025-03-01,Alpine F1 Team,0.0
2025,2025-04-01,Alpine F1 Team,6.0
2025,2025-05-01,Alpine F1 Team,0.0
2025,2025-06-01,Alpine F1 Team,4.0
2025,2025-07-01,Alpine F1 Team,9.0
2025,2025-08-01,Alpine F1 Team,0.0
2024,2024-03-01,RB F1 Team,6.0
2024,2024-04-01,RB F1 Team,1.0
2024,2024-05-01,RB F1 Team,17.0
2024,2024-06-01,RB F1 Team,6.0
2024,2024-07-01,RB F1 Team,4.0
2024,2024-08-01,RB F1 Team,0.0
2024,2024-09-01,RB F1 Team,0.0
2024,2024-10-01,RB F1 Team,2.0
2024,2024-11-01,RB F1 Team,10.0
2024,2024-12-01,RB F1 Team,0.0
2025,2025-03-01,RB F1 Team,0.0
2025,2025-04-01,RB F1 Team,5.0
2025,2025-05-01,RB F1 Team,14.0
2025,2025-06-01,RB F1 Team,14.0
2025,2025-07-01,RB F1 Team,4.0
2025,2025-08-01,RB F1 Team,19.0
