"constructor_id","constructor_name","m","points_m","mom_growth"
1,"McLaren","1968-08-01 00:00:00.000000000",0,\N
1,"McLaren","1968-10-01 00:00:00.000000000",0,\N
1,"McLaren","1971-03-01 00:00:00.000000000",1,\N
1,"McLaren","1971-04-01 00:00:00.000000000",2,1
1,"McLaren","1971-05-01 00:00:00.000000000",3,0.5
1,"McLaren","1971-06-01 00:00:00.000000000",0,-1
1,"McLaren","1971-07-01 00:00:00.000000000",0,\N
1,"McLaren","1971-08-01 00:00:00.000000000",0,\N
1,"McLaren","1971-09-01 00:00:00.000000000",4,\N
1,"McLaren","1971-10-01 00:00:00.000000000",0,-1
1,"McLaren","1972-01-01 00:00:00.000000000",6,\N
1,"McLaren","1972-03-01 00:00:00.000000000",9,0.5
1,"McLaren","1972-05-01 00:00:00.000000000",4,-0.5555555555555556
1,"McLaren","1972-06-01 00:00:00.000000000",4,0
1,"McLaren","1972-07-01 00:00:00.000000000",6,0.5
1,"McLaren","1972-08-01 00:00:00.000000000",6,0
1,"McLaren","1972-09-01 00:00:00.000000000",14,1.3333333333333333
1,"McLaren","1972-10-01 00:00:00.000000000",4,-0.7142857142857143
1,"McLaren","1973-01-01 00:00:00.000000000",2,-0.5
1,"McLaren","1973-02-01 00:00:00.000000000",4,1
1,"McLaren","1973-03-01 00:00:00.000000000",6,0.5
1,"McLaren","1973-04-01 00:00:00.000000000",3,-0.5
1,"McLaren","1973-05-01 00:00:00.000000000",0,-1
1,"McLaren","1973-06-01 00:00:00.000000000",11,\N
1,"McLaren","1973-07-01 00:00:00.000000000",12,0.09090909090909091
1,"McLaren","1973-08-01 00:00:00.000000000",4,-0.6666666666666666
1,"McLaren","1973-09-01 00:00:00.000000000",13,2.25
1,"McLaren","1973-10-01 00:00:00.000000000",3,-0.7692307692307693
1,"McLaren","1974-01-01 00:00:00.000000000",18,5
1,"McLaren","1974-03-01 00:00:00.000000000",4,-0.7777777777777778
1,"McLaren","1974-04-01 00:00:00.000000000",4,0
1,"McLaren","1974-05-01 00:00:00.000000000",11,1.75
1,"McLaren","1974-06-01 00:00:00.000000000",7,-0.36363636363636365
1,"McLaren","1974-07-01 00:00:00.000000000",7,0
1,"McLaren","1974-08-01 00:00:00.000000000",6,-0.14285714285714285
1,"McLaren","1974-09-01 00:00:00.000000000",15,1.5
1,"McLaren","1974-10-01 00:00:00.000000000",3,-0.8
1,"McLaren","1975-01-01 00:00:00.000000000",15,4
1,"McLaren","1975-03-01 00:00:00.000000000",1,-0.9333333333333333
1,"McLaren","1975-04-01 00:00:00.000000000",4.5,3.5
1,"McLaren","1975-05-01 00:00:00.000000000",6,0.3333333333333333
1,"McLaren","1975-06-01 00:00:00.000000000",0,-1
1,"McLaren","1975-07-01 00:00:00.000000000",13,\N
1,"McLaren","1975-08-01 00:00:00.000000000",1.5,-0.8846153846153846
1,"McLaren","1975-09-01 00:00:00.000000000",6,3
1,"McLaren","1975-10-01 00:00:00.000000000",6,0
1,"McLaren","1976-01-01 00:00:00.000000000",1,-0.8333333333333334
1,"McLaren","1976-03-01 00:00:00.000000000",8,7
1,"McLaren","1976-05-01 00:00:00.000000000",12,0.5
1,"McLaren","1976-06-01 00:00:00.000000000",2,-0.8333333333333334
1,"McLaren","1976-07-01 00:00:00.000000000",9,3.5
1,"McLaren","1976-08-01 00:00:00.000000000",21,1.3333333333333333
1,"McLaren","1976-09-01 00:00:00.000000000",0,-1
1,"McLaren","1976-10-01 00:00:00.000000000",22,\N
1,"McLaren","1977-01-01 00:00:00.000000000",6,-0.7272727272727273
1,"McLaren","1977-03-01 00:00:00.000000000",3,-0.5
1,"McLaren","1977-04-01 00:00:00.000000000",0,-1
1,"McLaren","1977-05-01 00:00:00.000000000",6,\N
1,"McLaren","1977-06-01 00:00:00.000000000",6,0
1,"McLaren","1977-07-01 00:00:00.000000000",13,1.1666666666666667
1,"McLaren","1977-08-01 00:00:00.000000000",1,-0.9230769230769231
1,"McLaren","1977-09-01 00:00:00.000000000",3,2
1,"McLaren","1977-10-01 00:00:00.000000000",22,6.333333333333333
1,"McLaren","1978-01-01 00:00:00.000000000",3,-0.8636363636363636
1,"McLaren","1978-03-01 00:00:00.000000000",0,-1
1,"McLaren","1978-04-01 00:00:00.000000000",0,\N
1,"McLaren","1978-05-01 00:00:00.000000000",0,\N
1,"McLaren","1978-06-01 00:00:00.000000000",4,\N
1,"McLaren","1978-07-01 00:00:00.000000000",5,0.25
1,"McLaren","1978-08-01 00:00:00.000000000",0,-1
1,"McLaren","1978-09-01 00:00:00.000000000",2,\N
1,"McLaren","1978-10-01 00:00:00.000000000",1,-0.5
1,"McLaren","1979-01-01 00:00:00.000000000",4,3
1,"McLaren","1979-02-01 00:00:00.000000000",0,-1
1,"McLaren","1979-03-01 00:00:00.000000000",0,\N
1,"McLaren","1979-04-01 00:00:00.000000000",0,\N
1,"McLaren","1979-05-01 00:00:00.000000000",4,\N
1,"McLaren","1979-07-01 00:00:00.000000000",5,0.25
1,"McLaren","1979-08-01 00:00:00.000000000",0,-1
1,"McLaren","1979-09-01 00:00:00.000000000",1,\N
1,"McLaren","1979-10-01 00:00:00.000000000",1,0
1,"McLaren","1980-01-01 00:00:00.000000000",3,2
1,"McLaren","1980-03-01 00:00:00.000000000",3,0
1,"McLaren","1980-05-01 00:00:00.000000000",0,-1
1,"McLaren","1980-06-01 00:00:00.000000000",0,\N
1,"McLaren","1980-07-01 00:00:00.000000000",1,\N
1,"McLaren","1980-08-01 00:00:00.000000000",1,0
1,"McLaren","1980-09-01 00:00:00.000000000",3,2
1,"McLaren","1980-10-01 00:00:00.000000000",0,-1
1,"McLaren","1981-03-01 00:00:00.000000000",0,\N
1,"McLaren","1981-04-01 00:00:00.000000000",0,\N
1,"McLaren","1981-05-01 00:00:00.000000000",1,\N
1,"McLaren","1981-06-01 00:00:00.000000000",4,3
1,"McLaren","1981-07-01 00:00:00.000000000",15,2.75
1,"McLaren","1981-08-01 00:00:00.000000000",2,-0.8666666666666667
1,"McLaren","1981-09-01 00:00:00.000000000",6,2
1,"McLaren","1981-10-01 00:00:00.000000000",0,-1
1,"McLaren","1982-01-01 00:00:00.000000000",4,\N
1,"McLaren","1982-03-01 00:00:00.000000000",6,0.5
1,"McLaren","1982-04-01 00:00:00.000000000",10,0.6666666666666666
1,"McLaren","1982-05-01 00:00:00.000000000",9,-0.1
1,"McLaren","1982-06-01 00:00:00.000000000",13,0.4444444444444444
1,"McLaren","1982-07-01 00:00:00.000000000",12,-0.07692307692307693
1,"McLaren","1982-08-01 00:00:00.000000000",6,-0.5
1,"McLaren","1982-09-01 00:00:00.000000000",9,0.5
1,"McLaren","1983-03-01 00:00:00.000000000",19,1.1111111111111112
1,"McLaren","1983-04-01 00:00:00.000000000",0,-1
1,"McLaren","1983-05-01 00:00:00.000000000",2,\N
1,"McLaren","1983-06-01 00:00:00.000000000",5,1.5
1,"McLaren","1983-07-01 00:00:00.000000000",1,-0.8
1,"McLaren","1983-08-01 00:00:00.000000000",7,6
1,"McLaren","1983-09-01 00:00:00.000000000",0,-1
1,"McLaren","1983-10-01 00:00:00.000000000",0,\N
1,"McLaren","1984-03-01 00:00:00.000000000",9,\N
1,"McLaren","1984-04-01 00:00:00.000000000",15,0.6666666666666666
1,"McLaren","1984-05-01 00:00:00.000000000",18,0.2
1,"McLaren","1984-06-01 00:00:00.000000000",17.5,-0.027777777777777776
1,"McLaren","1984-07-01 00:00:00.000000000",9,-0.4857142857142857
1,"McLaren","1984-08-01 00:00:00.000000000",39,3.3333333333333335
1,"McLaren","1984-09-01 00:00:00.000000000",9,-0.7692307692307693
1,"McLaren","1984-10-01 00:00:00.000000000",27,2
1,"McLaren","1985-04-01 00:00:00.000000000",9,-0.6666666666666666
1,"McLaren","1985-05-01 00:00:00.000000000",12,0.3333333333333333
1,"McLaren","1985-06-01 00:00:00.000000000",4,-0.6666666666666666
1,"McLaren","1985-07-01 00:00:00.000000000",13,2.25
1,"McLaren","1985-08-01 00:00:00.000000000",32,1.4615384615384615
1,"McLaren","1985-09-01 00:00:00.000000000",13,-0.59375
1,"McLaren","1985-10-01 00:00:00.000000000",7,-0.46153846153846156
1,"McLaren","1985-11-01 00:00:00.000000000",0,-1
1,"McLaren","1986-03-01 00:00:00.000000000",0,\N
1,"McLaren","1986-04-01 00:00:00.000000000",18,\N
1,"McLaren","1986-05-01 00:00:00.000000000",16,-0.1111111111111111
1,"McLaren","1986-06-01 00:00:00.000000000",13,-0.1875
1,"McLaren","1986-07-01 00:00:00.000000000",16,0.23076923076923078
1,"McLaren","1986-08-01 00:00:00.000000000",9,-0.4375
1,"McLaren","1986-09-01 00:00:00.000000000",9,0
1,"McLaren","1986-10-01 00:00:00.000000000",15,0.6666666666666666
1,"McLaren","1987-04-01 00:00:00.000000000",13,-0.13333333333333333
1,"McLaren","1987-05-01 00:00:00.000000000",18,0.38461538461538464
1,"McLaren","1987-06-01 00:00:00.000000000",4,-0.7777777777777778
1,"McLaren","1987-07-01 00:00:00.000000000",10,1.5
1,"McLaren","1987-08-01 00:00:00.000000000",5,-0.5
1,"McLaren","1987-09-01 00:00:00.000000000",22,3.4
1,"McLaren","1987-10-01 00:00:00.000000000",0,-1
1,"McLaren","1987-11-01 00:00:00.000000000",4,\N
1,"McLaren","1988-04-01 00:00:00.000000000",9,1.25
1,"McLaren","1988-05-01 00:00:00.000000000",39,3.3333333333333335
1,"McLaren","1988-06-01 00:00:00.000000000",30,-0.23076923076923078
1,"McLaren","1988-07-01 00:00:00.000000000",39,0.3
1,"McLaren","1988-08-01 00:00:00.000000000",30,-0.23076923076923078
1,"McLaren","1988-09-01 00:00:00.000000000",10,-0.6666666666666666
1,"McLaren","1988-10-01 00:00:00.000000000",27,1.7
1,"McLaren","1988-11-01 00:00:00.000000000",15,-0.4444444444444444
1,"McLaren","1989-03-01 00:00:00.000000000",6,-0.6
1,"McLaren","1989-04-01 00:00:00.000000000",15,1.5
1,"McLaren","1989-05-01 00:00:00.000000000",26,0.7333333333333333
1,"McLaren","1989-06-01 00:00:00.000000000",9,-0.6538461538461539
1,"McLaren","1989-07-01 00:00:00.000000000",33,2.6666666666666665
1,"McLaren","1989-08-01 00:00:00.000000000",24,-0.2727272727272727
1,"McLaren","1989-09-01 00:00:00.000000000",15,-0.375
1,"McLaren","1989-10-01 00:00:00.000000000",13,-0.13333333333333333
1,"McLaren","1989-11-01 00:00:00.000000000",0,-1
1,"McLaren","1990-03-01 00:00:00.000000000",19,\N
1,"McLaren","1990-05-01 00:00:00.000000000",19,0
1,"McLaren","1990-06-01 00:00:00.000000000",16,-0.15789473684210525
1,"McLaren","1990-07-01 00:00:00.000000000",23,0.4375
1,"McLaren","1990-08-01 00:00:00.000000000",19,-0.17391304347826086
1,"McLaren","1990-09-01 00:00:00.000000000",22,0.15789473684210525
1,"McLaren","1990-10-01 00:00:00.000000000",0,-1
1,"McLaren","1990-11-01 00:00:00.000000000",3,\N
1,"McLaren","1991-03-01 00:00:00.000000000",24,7
1,"McLaren","1991-04-01 00:00:00.000000000",16,-0.3333333333333333
1,"McLaren","1991-05-01 00:00:00.000000000",10,-0.375
1,"McLaren","1991-06-01 00:00:00.000000000",4,-0.6
1,"McLaren","1991-07-01 00:00:00.000000000",16,3
1,"McLaren","1991-08-01 00:00:00.000000000",29,0.8125
1,"McLaren","1991-09-01 00:00:00.000000000",17,-0.41379310344827586
1,"McLaren","1991-10-01 00:00:00.000000000",16,-0.058823529411764705
1,"McLaren","1991-11-01 00:00:00.000000000",7,-0.5625
1,"McLaren","1992-03-01 00:00:00.000000000",9,0.2857142857142857
1,"McLaren","1992-04-01 00:00:00.000000000",0,-1
1,"McLaren","1992-05-01 00:00:00.000000000",17,\N
1,"McLaren","1992-06-01 00:00:00.000000000",10,-0.4117647058823529
1,"McLaren","1992-07-01 00:00:00.000000000",8,-0.2
1,"McLaren","1992-08-01 00:00:00.000000000",16,1
1,"McLaren","1992-09-01 00:00:00.000000000",23,0.4375
1,"McLaren","1992-10-01 00:00:00.000000000",6,-0.7391304347826086
1,"McLaren","1992-11-01 00:00:00.000000000",10,0.6666666666666666
1,"McLaren","1993-03-01 00:00:00.000000000",16,0.6
1,"McLaren","1993-04-01 00:00:00.000000000",10,-0.375
1,"McLaren","1993-05-01 00:00:00.000000000",18,0.8
1,"McLaren","1993-06-01 00:00:00.000000000",0,-1
1,"McLaren","1993-07-01 00:00:00.000000000",9,\N
1,"McLaren","1993-08-01 00:00:00.000000000",3,-0.6666666666666666
1,"McLaren","1993-09-01 00:00:00.000000000",4,0.3333333333333333
1,"McLaren","1993-10-01 00:00:00.000000000",14,2.5
1,"McLaren","1993-11-01 00:00:00.000000000",10,-0.2857142857142857
1,"McLaren","1994-03-01 00:00:00.000000000",0,-1
1,"McLaren","1994-04-01 00:00:00.000000000",0,\N
1,"McLaren","1994-05-01 00:00:00.000000000",10,\N
1,"McLaren","1994-06-01 00:00:00.000000000",0,-1
1,"McLaren","1994-07-01 00:00:00.000000000",4,\N
1,"McLaren","1994-08-01 00:00:00.000000000",9,1.25
1,"McLaren","1994-09-01 00:00:00.000000000",11,0.2222222222222222
1,"McLaren","1994-10-01 00:00:00.000000000",4,-0.6363636363636364
1,"McLaren","1994-11-01 00:00:00.000000000",4,0
1,"McLaren","1995-03-01 00:00:00.000000000",4,0
1,"McLaren","1995-04-01 00:00:00.000000000",2,-0.5
1,"McLaren","1995-05-01 00:00:00.000000000",2,0
1,"McLaren","1995-06-01 00:00:00.000000000",0,-1
1,"McLaren","1995-07-01 00:00:00.000000000",2,\N
1,"McLaren","1995-08-01 00:00:00.000000000",2,0
1,"McLaren","1995-09-01 00:00:00.000000000",9,3.5
1,"McLaren","1995-10-01 00:00:00.000000000",6,-0.3333333333333333
1,"McLaren","1995-11-01 00:00:00.000000000",3,-0.5
1,"McLaren","1996-03-01 00:00:00.000000000",5,0.6666666666666666
1,"McLaren","1996-04-01 00:00:00.000000000",4,-0.2
1,"McLaren","1996-05-01 00:00:00.000000000",7,0.75
1,"McLaren","1996-06-01 00:00:00.000000000",10,0.42857142857142855
1,"McLaren","1996-07-01 00:00:00.000000000",8,-0.2
1,"McLaren","1996-08-01 00:00:00.000000000",7,-0.125
1,"McLaren","1996-09-01 00:00:00.000000000",4,-0.42857142857142855
1,"McLaren","1996-10-01 00:00:00.000000000",4,0
1,"McLaren","1997-03-01 00:00:00.000000000",17,3.25
1,"McLaren","1997-04-01 00:00:00.000000000",3,-0.8235294117647058
1,"McLaren","1997-05-01 00:00:00.000000000",1,-0.6666666666666666
1,"McLaren","1997-06-01 00:00:00.000000000",0,-1
1,"McLaren","1997-07-01 00:00:00.000000000",7,\N
1,"McLaren","1997-08-01 00:00:00.000000000",0,-1
1,"McLaren","1997-09-01 00:00:00.000000000",16,\N
1,"McLaren","1997-10-01 00:00:00.000000000",19,0.1875
1,"McLaren","1998-03-01 00:00:00.000000000",32,0.6842105263157895
1,"McLaren","1998-04-01 00:00:00.000000000",17,-0.46875
1,"McLaren","1998-05-01 00:00:00.000000000",26,0.5294117647058824
1,"McLaren","1998-06-01 00:00:00.000000000",5,-0.8076923076923077
1,"McLaren","1998-07-01 00:00:00.000000000",22,3.4
1,"McLaren","1998-08-01 00:00:00.000000000",23,0.045454545454545456
1,"McLaren","1998-09-01 00:00:00.000000000",17,-0.2608695652173913
1,"McLaren","1998-11-01 00:00:00.000000000",14,-0.17647058823529413
1,"McLaren","1999-03-01 00:00:00.000000000",0,-1
1,"McLaren","1999-04-01 00:00:00.000000000",10,\N
1,"McLaren","1999-05-01 00:00:00.000000000",26,1.6
1,"McLaren","1999-06-01 00:00:00.000000000",16,-0.38461538461538464
1,"McLaren","1999-07-01 00:00:00.000000000",20,0.25
1,"McLaren","1999-08-01 00:00:00.000000000",34,0.7
1,"McLaren","1999-09-01 00:00:00.000000000",4,-0.8823529411764706
1,"McLaren","1999-10-01 00:00:00.000000000",14,2.5
1,"McLaren","2000-03-01 00:00:00.000000000",0,-1
1,"McLaren","2000-04-01 00:00:00.000000000",26,\N
1,"McLaren","2000-05-01 00:00:00.000000000",26,0
1,"McLaren","2000-06-01 00:00:00.000000000",14,-0.46153846153846156
1,"McLaren","2000-07-01 00:00:00.000000000",42,2
1,"McLaren","2000-08-01 00:00:00.000000000",27,-0.35714285714285715
1,"McLaren","2000-09-01 00:00:00.000000000",8,-0.7037037037037037
1,"McLaren","2000-10-01 00:00:00.000000000",19,1.375
1,"McLaren","2001-03-01 00:00:00.000000000",11,-0.42105263157894735
1,"McLaren","2001-04-01 00:00:00.000000000",21,0.9090909090909091
1,"McLaren","2001-05-01 00:00:00.000000000",12,-0.42857142857142855
1,"McLaren","2001-06-01 00:00:00.000000000",9,-0.25
1,"McLaren","2001-07-01 00:00:00.000000000",13,0.4444444444444444
1,"McLaren","2001-08-01 00:00:00.000000000",6,-0.5384615384615384
1,"McLaren","2001-09-01 00:00:00.000000000",23,2.8333333333333335
1,"McLaren","2001-10-01 00:00:00.000000000",7,-0.6956521739130435
1,"McLaren","2002-03-01 00:00:00.000000000",8,0.14285714285714285
1,"McLaren","2002-04-01 00:00:00.000000000",5,-0.375
1,"McLaren","2002-05-01 00:00:00.000000000",11,1.2
1,"McLaren","2002-06-01 00:00:00.000000000",13,0.18181818181818182
1,"McLaren","2002-07-01 00:00:00.000000000",12,-0.07692307692307693
1,"McLaren","2002-08-01 00:00:00.000000000",5,-0.5833333333333334
1,"McLaren","2002-09-01 00:00:00.000000000",7,0.4
1,"McLaren","2002-10-01 00:00:00.000000000",4,-0.42857142857142855
1,"McLaren","2003-03-01 00:00:00.000000000",26,5.5
1,"McLaren","2003-04-01 00:00:00.000000000",25,-0.038461538461538464
1,"McLaren","2003-05-01 00:00:00.000000000",12,-0.52
1,"McLaren","2003-06-01 00:00:00.000000000",13,0.08333333333333333
1,"McLaren","2003-07-01 00:00:00.000000000",19,0.46153846153846156
1,"McLaren","2003-08-01 00:00:00.000000000",20,0.05263157894736842
1,"McLaren","2003-09-01 00:00:00.000000000",13,-0.35
1,"McLaren","2003-10-01 00:00:00.000000000",14,0.07692307692307693
1,"McLaren","2004-03-01 00:00:00.000000000",4,-0.7142857142857143
1,"McLaren","2004-04-01 00:00:00.000000000",1,-0.75
1,"McLaren","2004-05-01 00:00:00.000000000",0,-1
1,"McLaren","2004-06-01 00:00:00.000000000",12,\N
1,"McLaren","2004-07-01 00:00:00.000000000",20,0.6666666666666666
1,"McLaren","2004-08-01 00:00:00.000000000",12,-0.4
1,"McLaren","2004-09-01 00:00:00.000000000",9,-0.25
1,"McLaren","2004-10-01 00:00:00.000000000",11,0.2222222222222222
1,"McLaren","2005-03-01 00:00:00.000000000",9,-0.18181818181818182
1,"McLaren","2005-04-01 00:00:00.000000000",16,0.7777777777777778
1,"McLaren","2005-05-01 00:00:00.000000000",28,0.75
1,"McLaren","2005-06-01 00:00:00.000000000",10,-0.6428571428571429
1,"McLaren","2005-07-01 00:00:00.000000000",42,3.2
1,"McLaren","2005-08-01 00:00:00.000000000",16,-0.6190476190476191
1,"McLaren","2005-09-01 00:00:00.000000000",43,1.6875
1,"McLaren","2005-10-01 00:00:00.000000000",18,-0.5813953488372093
1,"McLaren","2006-03-01 00:00:00.000000000",15,-0.16666666666666666
1,"McLaren","2006-04-01 00:00:00.000000000",18,0.2
1,"McLaren","2006-05-01 00:00:00.000000000",17,-0.05555555555555555
1,"McLaren","2006-06-01 00:00:00.000000000",15,-0.11764705882352941
1,"McLaren","2006-07-01 00:00:00.000000000",12,-0.2
1,"McLaren","2006-08-01 00:00:00.000000000",12,0
1,"McLaren","2006-09-01 00:00:00.000000000",8,-0.3333333333333333
1,"McLaren","2006-10-01 00:00:00.000000000",13,0.625
1,"McLaren","2007-03-01 00:00:00.000000000",14,0.07692307692307693
1,"McLaren","2007-04-01 00:00:00.000000000",30,1.1428571428571428
1,"McLaren","2007-05-01 00:00:00.000000000",32,0.06666666666666667
1,"McLaren","2007-06-01 00:00:00.000000000",30,-0.0625
1,"McLaren","2007-07-01 00:00:00.000000000",32,0.06666666666666667
1,"McLaren","2007-08-01 00:00:00.000000000",25,-0.21875
1,"McLaren","2007-09-01 00:00:00.000000000",39,0.56
1,"McLaren","2007-10-01 00:00:00.000000000",16,-0.5897435897435898
1,"McLaren","2008-03-01 00:00:00.000000000",24,0.5
1,"McLaren","2008-04-01 00:00:00.000000000",10,-0.5833333333333334
1,"McLaren","2008-05-01 00:00:00.000000000",19,0.9
1,"McLaren","2008-06-01 00:00:00.000000000",5,-0.7368421052631579
1,"McLaren","2008-07-01 00:00:00.000000000",28,4.6
1,"McLaren","2008-08-01 00:00:00.000000000",27,-0.03571428571428571
1,"McLaren","2008-09-01 00:00:00.000000000",22,-0.18518518518518517
1,"McLaren","2008-10-01 00:00:00.000000000",10,-0.5454545454545454
1,"McLaren","2008-11-01 00:00:00.000000000",6,-0.4
1,"McLaren","2009-03-01 00:00:00.000000000",0,-1
1,"McLaren","2009-04-01 00:00:00.000000000",13,\N
1,"McLaren","2009-05-01 00:00:00.000000000",0,-1
1,"McLaren","2009-06-01 00:00:00.000000000",0,\N
1,"McLaren","2009-07-01 00:00:00.000000000",15,\N
1,"McLaren","2009-08-01 00:00:00.000000000",16,0.06666666666666667
1,"McLaren","2009-09-01 00:00:00.000000000",15,-0.0625
1,"McLaren","2009-10-01 00:00:00.000000000",12,-0.2
1,"McLaren","2009-11-01 00:00:00.000000000",0,-1
1,"McLaren","2010-03-01 00:00:00.000000000",54,\N
1,"McLaren","2010-04-01 00:00:00.000000000",55,0.018518518518518517
1,"McLaren","2010-05-01 00:00:00.000000000",63,0.14545454545454545
1,"McLaren","2010-06-01 00:00:00.000000000",76,0.20634920634920634
1,"McLaren","2010-07-01 00:00:00.000000000",52,-0.3157894736842105
1,"McLaren","2010-08-01 00:00:00.000000000",29,-0.4423076923076923
1,"McLaren","2010-09-01 00:00:00.000000000",30,0.034482758620689655
1,"McLaren","2010-10-01 00:00:00.000000000",40,0.3333333333333333
1,"McLaren","2010-11-01 00:00:00.000000000",55,0.375
1,"McLaren","2011-03-01 00:00:00.000000000",26,-0.5272727272727272
1,"McLaren","2011-04-01 00:00:00.000000000",59,1.2692307692307692
1,"McLaren","2011-05-01 00:00:00.000000000",76,0.288135593220339
1,"McLaren","2011-06-01 00:00:00.000000000",45,-0.40789473684210525
1,"McLaren","2011-07-01 00:00:00.000000000",74,0.6444444444444445
1,"McLaren","2011-08-01 00:00:00.000000000",15,-0.7972972972972973
1,"McLaren","2011-09-01 00:00:00.000000000",58,2.8666666666666667
1,"McLaren","2011-10-01 00:00:00.000000000",89,0.5344827586206896
1,"McLaren","2011-11-01 00:00:00.000000000",55,-0.38202247191011235
1,"McLaren","2012-03-01 00:00:00.000000000",55,0
1,"McLaren","2012-04-01 00:00:00.000000000",37,-0.32727272727272727
1,"McLaren","2012-05-01 00:00:00.000000000",16,-0.5675675675675675
1,"McLaren","2012-06-01 00:00:00.000000000",29,0.8125
1,"McLaren","2012-07-01 00:00:00.000000000",56,0.9310344827586207
1,"McLaren","2012-09-01 00:00:00.000000000",68,0.21428571428571427
1,"McLaren","2012-10-01 00:00:00.000000000",45,-0.3382352941176471
1,"McLaren","2012-11-01 00:00:00.000000000",72,0.6
1,"McLaren","2013-03-01 00:00:00.000000000",4,-0.9444444444444444
1,"McLaren","2013-04-01 00:00:00.000000000",19,3.75
1,"McLaren","2013-05-01 00:00:00.000000000",14,-0.2631578947368421
1,"McLaren","2013-06-01 00:00:00.000000000",0,-1
1,"McLaren","2013-07-01 00:00:00.000000000",20,\N
1,"McLaren","2013-08-01 00:00:00.000000000",8,-0.6
1,"McLaren","2013-09-01 00:00:00.000000000",11,0.375
1,"McLaren","2013-10-01 00:00:00.000000000",17,0.5454545454545454
1,"McLaren","2013-11-01 00:00:00.000000000",29,0.7058823529411765
1,"McLaren","2014-03-01 00:00:00.000000000",43,0.4827586206896552
1,"McLaren","2014-04-01 00:00:00.000000000",0,-1
1,"McLaren","2014-05-01 00:00:00.000000000",9,\N
1,"McLaren","2014-06-01 00:00:00.000000000",20,1.2222222222222223
1,"McLaren","2014-07-01 00:00:00.000000000",25,0.25
1,"McLaren","2014-08-01 00:00:00.000000000",8,-0.68
1,"McLaren","2014-09-01 00:00:00.000000000",6,-0.25
1,"McLaren","2014-10-01 00:00:00.000000000",32,4.333333333333333
1,"McLaren","2014-11-01 00:00:00.000000000",38,0.1875
1,"McLaren","2015-03-01 00:00:00.000000000",0,-1
1,"McLaren","2015-04-01 00:00:00.000000000",0,\N
1,"McLaren","2015-05-01 00:00:00.000000000",4,\N
1,"McLaren","2015-06-01 00:00:00.000000000",0,-1
1,"McLaren","2015-07-01 00:00:00.000000000",13,\N
1,"McLaren","2015-08-01 00:00:00.000000000",0,-1
1,"McLaren","2015-09-01 00:00:00.000000000",0,\N
1,"McLaren","2015-10-01 00:00:00.000000000",10,\N
1,"McLaren","2015-11-01 00:00:00.000000000",0,-1
1,"McLaren","2016-03-01 00:00:00.000000000",0,\N
1,"McLaren","2016-04-01 00:00:00.000000000",1,\N
1,"McLaren","2016-05-01 00:00:00.000000000",23,22
1,"McLaren","2016-06-01 00:00:00.000000000",0,-1
1,"McLaren","2016-07-01 00:00:00.000000000",18,\N
1,"McLaren","2016-08-01 00:00:00.000000000",6,-0.6666666666666666
1,"McLaren","2016-09-01 00:00:00.000000000",6,0
1,"McLaren","2016-10-01 00:00:00.000000000",20,2.3333333333333335
1,"McLaren","2016-11-01 00:00:00.000000000",2,-0.9
1,"McLaren","2017-03-01 00:00:00.000000000",0,-1
1,"McLaren","2017-04-01 00:00:00.000000000",0,\N
1,"McLaren","2017-05-01 00:00:00.000000000",0,\N
1,"McLaren","2017-06-01 00:00:00.000000000",2,\N
1,"McLaren","2017-07-01 00:00:00.000000000",9,3.5
1,"McLaren","2017-08-01 00:00:00.000000000",0,-1
1,"McLaren","2017-09-01 00:00:00.000000000",6,\N
1,"McLaren","2017-10-01 00:00:00.000000000",7,0.16666666666666666
1,"McLaren","2017-11-01 00:00:00.000000000",6,-0.14285714285714285
1,"McLaren","2018-03-01 00:00:00.000000000",12,1
1,"McLaren","2018-04-01 00:00:00.000000000",24,1
1,"McLaren","2018-05-01 00:00:00.000000000",4,-0.8333333333333334
1,"McLaren","2018-06-01 00:00:00.000000000",0,-1
1,"McLaren","2018-07-01 00:00:00.000000000",12,\N
1,"McLaren","2018-08-01 00:00:00.000000000",0,-1
1,"McLaren","2018-09-01 00:00:00.000000000",6,\N
1,"McLaren","2018-10-01 00:00:00.000000000",4,-0.3333333333333333
1,"McLaren","2018-11-01 00:00:00.000000000",0,-1
1,"McLaren","2019-03-01 00:00:00.000000000",8,\N
1,"McLaren","2019-04-01 00:00:00.000000000",10,0.25
1,"McLaren","2019-05-01 00:00:00.000000000",12,0.2
1,"McLaren","2019-06-01 00:00:00.000000000",22,0.8333333333333334
1,"McLaren","2019-07-01 00:00:00.000000000",18,-0.18181818181818182
1,"McLaren","2019-08-01 00:00:00.000000000",12,-0.3333333333333333
1,"McLaren","2019-09-01 00:00:00.000000000",19,0.5833333333333334
1,"McLaren","2019-10-01 00:00:00.000000000",10,-0.47368421052631576
1,"McLaren","2019-11-01 00:00:00.000000000",29,1.9
1,"McLaren","2019-12-01 00:00:00.000000000",5,-0.8275862068965517
1,"McLaren","2020-07-01 00:00:00.000000000",41,7.2
1,"McLaren","2020-08-01 00:00:00.000000000",27,-0.34146341463414637
1,"McLaren","2020-09-01 00:00:00.000000000",38,0.4074074074074074
1,"McLaren","2020-10-01 00:00:00.000000000",18,-0.5263157894736842
1,"McLaren","2020-11-01 00:00:00.000000000",47,1.6111111111111112
1,"McLaren","2020-12-01 00:00:00.000000000",31,-0.3404255319148936
1,"McLaren","2021-03-01 00:00:00.000000000",18,-0.41935483870967744
1,"McLaren","2021-04-01 00:00:00.000000000",23,0.2777777777777778
1,"McLaren","2021-05-01 00:00:00.000000000",39,0.6956521739130435
1,"McLaren","2021-06-01 00:00:00.000000000",40,0.02564102564102564
1,"McLaren","2021-07-01 00:00:00.000000000",43,0.075
1,"McLaren","2021-08-01 00:00:00.000000000",6,-0.8604651162790697
1,"McLaren","2021-09-01 00:00:00.000000000",65,9.833333333333334
1,"McLaren","2021-10-01 00:00:00.000000000",20,-0.6923076923076923
1,"McLaren","2021-11-01 00:00:00.000000000",4,-0.8
1,"McLaren","2021-12-01 00:00:00.000000000",17,3.25
1,"McLaren","2022-03-01 00:00:00.000000000",6,-0.6470588235294118
1,"McLaren","2022-04-01 00:00:00.000000000",40,5.666666666666667
1,"McLaren","2022-05-01 00:00:00.000000000",13,-0.675
1,"McLaren","2022-06-01 00:00:00.000000000",6,-0.5384615384615384
1,"McLaren","2022-07-01 00:00:00.000000000",30,4
1,"McLaren","2022-08-01 00:00:00.000000000",0,-1
1,"McLaren","2022-09-01 00:00:00.000000000",12,\N
1,"McLaren","2022-10-01 00:00:00.000000000",39,2.25
1,"McLaren","2022-11-01 00:00:00.000000000",13,-0.6666666666666666
1,"McLaren","2023-03-01 00:00:00.000000000",0,-1
1,"McLaren","2023-04-01 00:00:00.000000000",14,\N
1,"McLaren","2023-05-01 00:00:00.000000000",3,-0.7857142857142857
1,"McLaren","2023-06-01 00:00:00.000000000",0,-1
1,"McLaren","2023-07-01 00:00:00.000000000",86,\N
1,"McLaren","2023-08-01 00:00:00.000000000",8,-0.9069767441860465
1,"McLaren","2023-09-01 00:00:00.000000000",61,6.625
1,"McLaren","2023-10-01 00:00:00.000000000",84,0.3770491803278688
1,"McLaren","2023-11-01 00:00:00.000000000",46,-0.4523809523809524
1,"McLaren","2024-03-01 00:00:00.000000000",55,0.1956521739130435
1,"McLaren","2024-04-01 00:00:00.000000000",41,-0.2545454545454545
1,"McLaren","2024-05-01 00:00:00.000000000",88,1.146341463414634
1,"McLaren","2024-06-01 00:00:00.000000000",84,-0.045454545454545456
1,"McLaren","2024-07-01 00:00:00.000000000",98,0.16666666666666666
1,"McLaren","2024-08-01 00:00:00.000000000",38,-0.6122448979591837
1,"McLaren","2024-09-01 00:00:00.000000000",112,1.9473684210526316
1,"McLaren","2024-10-01 00:00:00.000000000",50,-0.5535714285714286
1,"McLaren","2024-11-01 00:00:00.000000000",42,-0.16
1,"McLaren","2024-12-01 00:00:00.000000000",58,0.38095238095238093
1,"McLaren","2025-03-01 00:00:00.000000000",70,0.20689655172413793
1,"McLaren","2025-04-01 00:00:00.000000000",110,0.5714285714285714
1,"McLaren","2025-05-01 00:00:00.000000000",116,0.05454545454545454
1,"McLaren","2025-06-01 00:00:00.000000000",98,-0.15517241379310345
1,"McLaren","2025-07-01 00:00:00.000000000",86,-0.12244897959183673
1,"McLaren","2025-08-01 00:00:00.000000000",68,-0.20930232558139536
2,"BMW Sauber","2002-03-01 00:00:00.000000000",0,\N
2,"BMW Sauber","2006-03-01 00:00:00.000000000",2,\N
2,"BMW Sauber","2006-04-01 00:00:00.000000000",8,3
2,"BMW Sauber","2006-05-01 00:00:00.000000000",4,-0.5
2,"BMW Sauber","2006-06-01 00:00:00.000000000",5,0.25
2,"BMW Sauber","2006-07-01 00:00:00.000000000",1,-0.8
2,"BMW Sauber","2006-08-01 00:00:00.000000000",6,5
2,"BMW Sauber","2006-09-01 00:00:00.000000000",7,0.16666666666666666
2,"BMW Sauber","2006-10-01 00:00:00.000000000",3,-0.5714285714285714
2,"BMW Sauber","2007-03-01 00:00:00.000000000",5,0.6666666666666666
2,"BMW Sauber","2007-04-01 00:00:00.000000000",13,1.6
2,"BMW Sauber","2007-05-01 00:00:00.000000000",12,-0.07692307692307693
2,"BMW Sauber","2007-06-01 00:00:00.000000000",9,-0.25
2,"BMW Sauber","2007-07-01 00:00:00.000000000",22,1.4444444444444444
2,"BMW Sauber","2007-08-01 00:00:00.000000000",16,-0.2727272727272727
2,"BMW Sauber","2007-09-01 00:00:00.000000000",15,-0.0625
2,"BMW Sauber","2007-10-01 00:00:00.000000000",9,-0.4
2,"BMW Sauber","2008-03-01 00:00:00.000000000",19,1.1111111111111112
2,"BMW Sauber","2008-04-01 00:00:00.000000000",16,-0.15789473684210525
2,"BMW Sauber","2008-05-01 00:00:00.000000000",17,0.0625
2,"BMW Sauber","2008-06-01 00:00:00.000000000",22,0.29411764705882354
2,"BMW Sauber","2008-07-01 00:00:00.000000000",15,-0.3181818181818182
2,"BMW Sauber","2008-08-01 00:00:00.000000000",7,-0.5333333333333333
2,"BMW Sauber","2008-09-01 00:00:00.000000000",24,2.4285714285714284
2,"BMW Sauber","2008-10-01 00:00:00.000000000",15,-0.375
2,"BMW Sauber","2008-11-01 00:00:00.000000000",0,-1
2,"BMW Sauber","2009-03-01 00:00:00.000000000",0,\N
2,"BMW Sauber","2009-04-01 00:00:00.000000000",4,\N
2,"BMW Sauber","2009-05-01 00:00:00.000000000",2,-0.5
2,"BMW Sauber","2009-06-01 00:00:00.000000000",2,0
2,"BMW Sauber","2009-07-01 00:00:00.000000000",0,-1
2,"BMW Sauber","2009-08-01 00:00:00.000000000",10,\N
2,"BMW Sauber","2009-09-01 00:00:00.000000000",3,-0.7
2,"BMW Sauber","2009-10-01 00:00:00.000000000",11,2.6666666666666665
2,"BMW Sauber","2009-11-01 00:00:00.000000000",4,-0.6363636363636364
3,"Williams","1975-01-01 00:00:00.000000000",0,\N
3,"Williams","1975-03-01 00:00:00.000000000",0,\N
3,"Williams","1975-04-01 00:00:00.000000000",0,\N
3,"Williams","1975-05-01 00:00:00.000000000",0,\N
3,"Williams","1975-06-01 00:00:00.000000000",0,\N
3,"Williams","1975-07-01 00:00:00.000000000",0,\N
3,"Williams","1975-08-01 00:00:00.000000000",6,\N
3,"Williams","1975-09-01 00:00:00.000000000",0,-1
3,"Williams","1975-10-01 00:00:00.000000000",0,\N
3,"Williams","1976-01-01 00:00:00.000000000",0,\N
3,"Williams","1976-05-01 00:00:00.000000000",0,\N
3,"Williams","1978-01-01 00:00:00.000000000",0,\N
3,"Williams","1978-03-01 00:00:00.000000000",3,\N
3,"Williams","1978-04-01 00:00:00.000000000",0,-1
3,"Williams","1978-05-01 00:00:00.000000000",0,\N
3,"Williams","1978-06-01 00:00:00.000000000",0,\N
3,"Williams","1978-07-01 00:00:00.000000000",2,\N
3,"Williams","1978-08-01 00:00:00.000000000",0,-1
3,"Williams","1978-09-01 00:00:00.000000000",0,\N
3,"Williams","1978-10-01 00:00:00.000000000",6,\N
3,"Williams","1979-01-01 00:00:00.000000000",0,-1
3,"Williams","1979-02-01 00:00:00.000000000",0,\N
3,"Williams","1979-03-01 00:00:00.000000000",0,\N
3,"Williams","1979-04-01 00:00:00.000000000",4,\N
3,"Williams","1979-05-01 00:00:00.000000000",6,0.5
3,"Williams","1979-07-01 00:00:00.000000000",28,3.6666666666666665
3,"Williams","1979-08-01 00:00:00.000000000",20,-0.2857142857142857
3,"Williams","1979-09-01 00:00:00.000000000",17,-0.15
3,"Williams","1979-10-01 00:00:00.000000000",0,-1
3,"Williams","1980-01-01 00:00:00.000000000",13,\N
3,"Williams","1980-03-01 00:00:00.000000000",2,-0.8461538461538461
3,"Williams","1980-05-01 00:00:00.000000000",19,8.5
3,"Williams","1980-06-01 00:00:00.000000000",10,-0.47368421052631576
3,"Williams","1980-07-01 00:00:00.000000000",13,0.3
3,"Williams","1980-08-01 00:00:00.000000000",23,0.7692307692307693
3,"Williams","1980-09-01 00:00:00.000000000",25,0.08695652173913043
3,"Williams","1980-10-01 00:00:00.000000000",15,-0.4
3,"Williams","1981-03-01 00:00:00.000000000",30,1
3,"Williams","1981-04-01 00:00:00.000000000",9,-0.7
3,"Williams","1981-05-01 00:00:00.000000000",19,1.1111111111111112
3,"Williams","1981-06-01 00:00:00.000000000",3,-0.8421052631578947
3,"Williams","1981-07-01 00:00:00.000000000",6,1
3,"Williams","1981-08-01 00:00:00.000000000",9,0.5
3,"Williams","1981-09-01 00:00:00.000000000",10,0.1111111111111111
3,"Williams","1981-10-01 00:00:00.000000000",9,-0.1
3,"Williams","1982-01-01 00:00:00.000000000",8,-0.1111111111111111
3,"Williams","1982-03-01 00:00:00.000000000",0,-1
3,"Williams","1982-04-01 00:00:00.000000000",6,\N
3,"Williams","1982-05-01 00:00:00.000000000",7,0.16666666666666666
3,"Williams","1982-06-01 00:00:00.000000000",5,-0.2857142857142857
3,"Williams","1982-07-01 00:00:00.000000000",10,1
3,"Williams","1982-08-01 00:00:00.000000000",19,0.9
3,"Williams","1982-09-01 00:00:00.000000000",3,-0.8421052631578947
3,"Williams","1983-03-01 00:00:00.000000000",6,1
3,"Williams","1983-04-01 00:00:00.000000000",3,-0.5
3,"Williams","1983-05-01 00:00:00.000000000",15,4
3,"Williams","1983-06-01 00:00:00.000000000",11,-0.26666666666666666
3,"Williams","1983-07-01 00:00:00.000000000",0,-1
3,"Williams","1983-08-01 00:00:00.000000000",1,\N
3,"Williams","1983-09-01 00:00:00.000000000",0,-1
3,"Williams","1983-10-01 00:00:00.000000000",2,\N
3,"Williams","1984-03-01 00:00:00.000000000",6,2
3,"Williams","1984-04-01 00:00:00.000000000",3,-0.5
3,"Williams","1984-05-01 00:00:00.000000000",1,-0.6666666666666666
3,"Williams","1984-06-01 00:00:00.000000000",3.5,2.5
3,"Williams","1984-07-01 00:00:00.000000000",12,2.4285714285714284
3,"Williams","1984-08-01 00:00:00.000000000",0,-1
3,"Williams","1984-09-01 00:00:00.000000000",0,\N
3,"Williams","1984-10-01 00:00:00.000000000",0,\N
3,"Williams","1985-04-01 00:00:00.000000000",2,\N
3,"Williams","1985-05-01 00:00:00.000000000",2,0
3,"Williams","1985-06-01 00:00:00.000000000",13,5.5
3,"Williams","1985-07-01 00:00:00.000000000",6,-0.5384615384615384
3,"Williams","1985-08-01 00:00:00.000000000",2,-0.6666666666666666
3,"Williams","1985-09-01 00:00:00.000000000",9,3.5
3,"Williams","1985-10-01 00:00:00.000000000",28,2.111111111111111
3,"Williams","1985-11-01 00:00:00.000000000",9,-0.6785714285714286
3,"Williams","1986-03-01 00:00:00.000000000",9,0
3,"Williams","1986-04-01 00:00:00.000000000",12,0.3333333333333333
3,"Williams","1986-05-01 00:00:00.000000000",12,0
3,"Williams","1986-06-01 00:00:00.000000000",15,0.25
3,"Williams","1986-07-01 00:00:00.000000000",41,1.7333333333333334
3,"Williams","1986-08-01 00:00:00.000000000",13,-0.6829268292682927
3,"Williams","1986-09-01 00:00:00.000000000",28,1.1538461538461537
3,"Williams","1986-10-01 00:00:00.000000000",11,-0.6071428571428571
3,"Williams","1987-04-01 00:00:00.000000000",7,-0.36363636363636365
3,"Williams","1987-05-01 00:00:00.000000000",15,1.1428571428571428
3,"Williams","1987-06-01 00:00:00.000000000",8,-0.4666666666666667
3,"Williams","1987-07-01 00:00:00.000000000",39,3.875
3,"Williams","1987-08-01 00:00:00.000000000",24,-0.38461538461538464
3,"Williams","1987-09-01 00:00:00.000000000",29,0.20833333333333334
3,"Williams","1987-10-01 00:00:00.000000000",15,-0.4827586206896552
3,"Williams","1987-11-01 00:00:00.000000000",0,-1
3,"Williams","1988-04-01 00:00:00.000000000",0,\N
3,"Williams","1988-05-01 00:00:00.000000000",1,\N
3,"Williams","1988-06-01 00:00:00.000000000",0,-1
3,"Williams","1988-07-01 00:00:00.000000000",6,\N
3,"Williams","1988-08-01 00:00:00.000000000",1,-0.8333333333333334
3,"Williams","1988-09-01 00:00:00.000000000",0,-1
3,"Williams","1988-10-01 00:00:00.000000000",9,\N
3,"Williams","1988-11-01 00:00:00.000000000",3,-0.6666666666666666
3,"Williams","1989-03-01 00:00:00.000000000",0,-1
3,"Williams","1989-04-01 00:00:00.000000000",3,\N
3,"Williams","1989-05-01 00:00:00.000000000",6,1
3,"Williams","1989-06-01 00:00:00.000000000",22,2.6666666666666665
3,"Williams","1989-07-01 00:00:00.000000000",7,-0.6818181818181818
3,"Williams","1989-08-01 00:00:00.000000000",7,0
3,"Williams","1989-09-01 00:00:00.000000000",7,0
3,"Williams","1989-10-01 00:00:00.000000000",12,0.7142857142857143
3,"Williams","1989-11-01 00:00:00.000000000",13,0.08333333333333333
3,"Williams","1990-03-01 00:00:00.000000000",6,-0.5384615384615384
3,"Williams","1990-05-01 00:00:00.000000000",12,1
3,"Williams","1990-06-01 00:00:00.000000000",2,-0.8333333333333334
3,"Williams","1990-07-01 00:00:00.000000000",10,4
3,"Williams","1990-08-01 00:00:00.000000000",12,0.2
3,"Williams","1990-09-01 00:00:00.000000000",7,-0.4166666666666667
3,"Williams","1990-10-01 00:00:00.000000000",5,-0.2857142857142857
3,"Williams","1990-11-01 00:00:00.000000000",3,-0.4
3,"Williams","1991-03-01 00:00:00.000000000",6,1
3,"Williams","1991-04-01 00:00:00.000000000",0,-1
3,"Williams","1991-05-01 00:00:00.000000000",6,\N
3,"Williams","1991-06-01 00:00:00.000000000",21,2.5
3,"Williams","1991-07-01 00:00:00.000000000",38,0.8095238095238095
3,"Williams","1991-08-01 00:00:00.000000000",12,-0.6842105263157895
3,"Williams","1991-09-01 00:00:00.000000000",34,1.8333333333333333
3,"Williams","1991-10-01 00:00:00.000000000",4,-0.8823529411764706
3,"Williams","1991-11-01 00:00:00.000000000",4,0
3,"Williams","1992-03-01 00:00:00.000000000",32,7
3,"Williams","1992-04-01 00:00:00.000000000",16,-0.5
3,"Williams","1992-05-01 00:00:00.000000000",36,1.25
3,"Williams","1992-06-01 00:00:00.000000000",0,-1
3,"Williams","1992-07-01 00:00:00.000000000",42,\N
3,"Williams","1992-08-01 00:00:00.000000000",16,-0.6190476190476191
3,"Williams","1992-09-01 00:00:00.000000000",12,-0.25
3,"Williams","1992-10-01 00:00:00.000000000",10,-0.16666666666666666
3,"Williams","1992-11-01 00:00:00.000000000",0,-1
3,"Williams","1993-03-01 00:00:00.000000000",16,\N
3,"Williams","1993-04-01 00:00:00.000000000",20,0.25
3,"Williams","1993-05-01 00:00:00.000000000",19,-0.05
3,"Williams","1993-06-01 00:00:00.000000000",14,-0.2631578947368421
3,"Williams","1993-07-01 00:00:00.000000000",36,1.5714285714285714
3,"Williams","1993-08-01 00:00:00.000000000",24,-0.3333333333333333
3,"Williams","1993-09-01 00:00:00.000000000",20,-0.16666666666666666
3,"Williams","1993-10-01 00:00:00.000000000",9,-0.55
3,"Williams","1993-11-01 00:00:00.000000000",10,0.1111111111111111
3,"Williams","1994-03-01 00:00:00.000000000",6,-0.4
3,"Williams","1994-04-01 00:00:00.000000000",0,-1
3,"Williams","1994-05-01 00:00:00.000000000",11,\N
3,"Williams","1994-06-01 00:00:00.000000000",8,-0.2727272727272727
3,"Williams","1994-07-01 00:00:00.000000000",18,1.25
3,"Williams","1994-08-01 00:00:00.000000000",19,0.05555555555555555
3,"Williams","1994-09-01 00:00:00.000000000",27,0.42105263157894735
3,"Williams","1994-10-01 00:00:00.000000000",6,-0.7777777777777778
3,"Williams","1994-11-01 00:00:00.000000000",23,2.8333333333333335
3,"Williams","1995-03-01 00:00:00.000000000",6,-0.7391304347826086
3,"Williams","1995-04-01 00:00:00.000000000",23,2.8333333333333335
3,"Williams","1995-05-01 00:00:00.000000000",9,-0.6086956521739131
3,"Williams","1995-06-01 00:00:00.000000000",0,-1
3,"Williams","1995-07-01 00:00:00.000000000",20,\N
3,"Williams","1995-08-01 00:00:00.000000000",22,0.1
3,"Williams","1995-09-01 00:00:00.000000000",14,-0.36363636363636365
3,"Williams","1995-10-01 00:00:00.000000000",14,0
3,"Williams","1995-11-01 00:00:00.000000000",10,-0.2857142857142857
3,"Williams","1996-03-01 00:00:00.000000000",26,1.6
3,"Williams","1996-04-01 00:00:00.000000000",29,0.11538461538461539
3,"Williams","1996-05-01 00:00:00.000000000",10,-0.6551724137931034
3,"Williams","1996-06-01 00:00:00.000000000",36,2.6
3,"Williams","1996-07-01 00:00:00.000000000",24,-0.3333333333333333
3,"Williams","1996-08-01 00:00:00.000000000",24,0
3,"Williams","1996-09-01 00:00:00.000000000",16,-0.3333333333333333
3,"Williams","1996-10-01 00:00:00.000000000",10,-0.375
3,"Williams","1997-03-01 00:00:00.000000000",10,0
3,"Williams","1997-04-01 00:00:00.000000000",20,1
3,"Williams","1997-05-01 00:00:00.000000000",10,-0.5
3,"Williams","1997-06-01 00:00:00.000000000",12,0.2
3,"Williams","1997-07-01 00:00:00.000000000",10,-0.16666666666666666
3,"Williams","1997-08-01 00:00:00.000000000",16,0.6
3,"Williams","1997-09-01 00:00:00.000000000",34,1.125
3,"Williams","1997-10-01 00:00:00.000000000",11,-0.6764705882352942
3,"Williams","1998-03-01 00:00:00.000000000",8,-0.2727272727272727
3,"Williams","1998-04-01 00:00:00.000000000",5,-0.375
3,"Williams","1998-05-01 00:00:00.000000000",3,-0.4
3,"Williams","1998-06-01 00:00:00.000000000",3,0
3,"Williams","1998-07-01 00:00:00.000000000",1,-0.6666666666666666
3,"Williams","1998-08-01 00:00:00.000000000",13,12
3,"Williams","1998-09-01 00:00:00.000000000",2,-0.8461538461538461
3,"Williams","1998-11-01 00:00:00.000000000",3,0.5
3,"Williams","1999-03-01 00:00:00.000000000",4,0.3333333333333333
3,"Williams","1999-04-01 00:00:00.000000000",3,-0.25
3,"Williams","1999-05-01 00:00:00.000000000",2,-0.3333333333333333
3,"Williams","1999-06-01 00:00:00.000000000",6,2
3,"Williams","1999-07-01 00:00:00.000000000",4,-0.3333333333333333
3,"Williams","1999-08-01 00:00:00.000000000",5,0.25
3,"Williams","1999-09-01 00:00:00.000000000",9,0.8
3,"Williams","1999-10-01 00:00:00.000000000",2,-0.7777777777777778
3,"Williams","2000-03-01 00:00:00.000000000",7,2.5
3,"Williams","2000-04-01 00:00:00.000000000",5,-0.2857142857142857
3,"Williams","2000-05-01 00:00:00.000000000",3,-0.4
3,"Williams","2000-06-01 00:00:00.000000000",0,-1
3,"Williams","2000-07-01 00:00:00.000000000",7,\N
3,"Williams","2000-08-01 00:00:00.000000000",8,0.14285714285714285
3,"Williams","2000-09-01 00:00:00.000000000",4,-0.5
3,"Williams","2000-10-01 00:00:00.000000000",2,-0.5
3,"Williams","2001-03-01 00:00:00.000000000",2,0
3,"Williams","2001-04-01 00:00:00.000000000",16,7
3,"Williams","2001-05-01 00:00:00.000000000",0,-1
3,"Williams","2001-06-01 00:00:00.000000000",19,\N
3,"Williams","2001-07-01 00:00:00.000000000",19,0
3,"Williams","2001-08-01 00:00:00.000000000",3,-0.8421052631578947
3,"Williams","2001-09-01 00:00:00.000000000",14,3.6666666666666665
3,"Williams","2001-10-01 00:00:00.000000000",7,-0.5
3,"Williams","2002-03-01 00:00:00.000000000",30,3.2857142857142856
3,"Williams","2002-04-01 00:00:00.000000000",13,-0.5666666666666667
3,"Williams","2002-05-01 00:00:00.000000000",11,-0.15384615384615385
3,"Williams","2002-06-01 00:00:00.000000000",3,-0.7272727272727273
3,"Williams","2002-07-01 00:00:00.000000000",19,5.333333333333333
3,"Williams","2002-08-01 00:00:00.000000000",4,-0.7894736842105263
3,"Williams","2002-09-01 00:00:00.000000000",9,1.25
3,"Williams","2002-10-01 00:00:00.000000000",3,-0.6666666666666666
3,"Williams","2003-03-01 00:00:00.000000000",14,3.6666666666666665
3,"Williams","2003-04-01 00:00:00.000000000",9,-0.35714285714285715
3,"Williams","2003-05-01 00:00:00.000000000",12,0.3333333333333333
3,"Williams","2003-06-01 00:00:00.000000000",47,2.9166666666666665
3,"Williams","2003-07-01 00:00:00.000000000",26,-0.44680851063829785
3,"Williams","2003-08-01 00:00:00.000000000",21,-0.19230769230769232
3,"Williams","2003-09-01 00:00:00.000000000",15,-0.2857142857142857
3,"Williams","2003-10-01 00:00:00.000000000",0,-1
3,"Williams","2004-03-01 00:00:00.000000000",17,\N
3,"Williams","2004-04-01 00:00:00.000000000",10,-0.4117647058823529
3,"Williams","2004-05-01 00:00:00.000000000",9,-0.1
3,"Williams","2004-06-01 00:00:00.000000000",0,-1
3,"Williams","2004-07-01 00:00:00.000000000",11,\N
3,"Williams","2004-08-01 00:00:00.000000000",7,-0.36363636363636365
3,"Williams","2004-09-01 00:00:00.000000000",10,0.42857142857142855
3,"Williams","2004-10-01 00:00:00.000000000",24,1.4
3,"Williams","2005-03-01 00:00:00.000000000",10,-0.5833333333333334
3,"Williams","2005-04-01 00:00:00.000000000",8,-0.2
3,"Williams","2005-05-01 00:00:00.000000000",25,2.125
3,"Williams","2005-06-01 00:00:00.000000000",4,-0.84
3,"Williams","2005-07-01 00:00:00.000000000",5,0.25
3,"Williams","2005-08-01 00:00:00.000000000",0,-1
3,"Williams","2005-09-01 00:00:00.000000000",7,\N
3,"Williams","2005-10-01 00:00:00.000000000",7,0
3,"Williams","2006-03-01 00:00:00.000000000",5,-0.2857142857142857
3,"Williams","2006-04-01 00:00:00.000000000",3,-0.4
3,"Williams","2006-05-01 00:00:00.000000000",2,-0.3333333333333333
3,"Williams","2006-06-01 00:00:00.000000000",0,-1
3,"Williams","2006-07-01 00:00:00.000000000",0,\N
3,"Williams","2006-08-01 00:00:00.000000000",0,\N
3,"Williams","2006-09-01 00:00:00.000000000",0,\N
3,"Williams","2006-10-01 00:00:00.000000000",1,\N
3,"Williams","2007-03-01 00:00:00.000000000",2,1
3,"Williams","2007-04-01 00:00:00.000000000",0,-1
3,"Williams","2007-05-01 00:00:00.000000000",5,\N
3,"Williams","2007-06-01 00:00:00.000000000",6,0.2
3,"Williams","2007-07-01 00:00:00.000000000",5,-0.16666666666666666
3,"Williams","2007-08-01 00:00:00.000000000",4,-0.2
3,"Williams","2007-09-01 00:00:00.000000000",6,0.5
3,"Williams","2007-10-01 00:00:00.000000000",5,-0.16666666666666666
3,"Williams","2008-03-01 00:00:00.000000000",9,0.8
3,"Williams","2008-04-01 00:00:00.000000000",3,-0.6666666666666666
3,"Williams","2008-05-01 00:00:00.000000000",3,0
3,"Williams","2008-06-01 00:00:00.000000000",0,-1
3,"Williams","2008-07-01 00:00:00.000000000",1,\N
3,"Williams","2008-08-01 00:00:00.000000000",1,0
3,"Williams","2008-09-01 00:00:00.000000000",9,8
3,"Williams","2008-10-01 00:00:00.000000000",0,-1
3,"Williams","2008-11-01 00:00:00.000000000",0,\N
3,"Williams","2009-03-01 00:00:00.000000000",3,\N
3,"Williams","2009-04-01 00:00:00.000000000",0.5,-0.8333333333333334
3,"Williams","2009-05-01 00:00:00.000000000",4,7
3,"Williams","2009-06-01 00:00:00.000000000",8,1
3,"Williams","2009-07-01 00:00:00.000000000",10,0.25
3,"Williams","2009-08-01 00:00:00.000000000",5,-0.5
3,"Williams","2009-09-01 00:00:00.000000000",0,-1
3,"Williams","2009-10-01 00:00:00.000000000",4,\N
3,"Williams","2009-11-01 00:00:00.000000000",0,-1
3,"Williams","2010-03-01 00:00:00.000000000",5,\N
3,"Williams","2010-04-01 00:00:00.000000000",1,-0.8
3,"Williams","2010-05-01 00:00:00.000000000",2,1
3,"Williams","2010-06-01 00:00:00.000000000",12,5
3,"Williams","2010-07-01 00:00:00.000000000",11,-0.08333333333333333
3,"Williams","2010-08-01 00:00:00.000000000",9,-0.18181818181818182
3,"Williams","2010-09-01 00:00:00.000000000",16,0.7777777777777778
3,"Williams","2010-10-01 00:00:00.000000000",9,-0.4375
3,"Williams","2010-11-01 00:00:00.000000000",4,-0.5555555555555556
3,"Williams","2011-03-01 00:00:00.000000000",0,-1
3,"Williams","2011-04-01 00:00:00.000000000",0,\N
3,"Williams","2011-05-01 00:00:00.000000000",2,\N
3,"Williams","2011-06-01 00:00:00.000000000",2,0
3,"Williams","2011-07-01 00:00:00.000000000",0,-1
3,"Williams","2011-08-01 00:00:00.000000000",1,\N
3,"Williams","2011-09-01 00:00:00.000000000",0,-1
3,"Williams","2011-10-01 00:00:00.000000000",0,\N
3,"Williams","2011-11-01 00:00:00.000000000",0,\N
3,"Williams","2012-03-01 00:00:00.000000000",8,\N
3,"Williams","2012-04-01 00:00:00.000000000",10,0.25
3,"Williams","2012-05-01 00:00:00.000000000",26,1.6
3,"Williams","2012-06-01 00:00:00.000000000",1,-0.9615384615384616
3,"Williams","2012-07-01 00:00:00.000000000",8,7
3,"Williams","2012-09-01 00:00:00.000000000",1,-0.875
3,"Williams","2012-10-01 00:00:00.000000000",5,4
3,"Williams","2012-11-01 00:00:00.000000000",17,2.4
3,"Williams","2013-03-01 00:00:00.000000000",0,-1
3,"Williams","2013-04-01 00:00:00.000000000",0,\N
3,"Williams","2013-05-01 00:00:00.000000000",0,\N
3,"Williams","2013-06-01 00:00:00.000000000",0,\N
3,"Williams","2013-07-01 00:00:00.000000000",1,\N
3,"Williams","2013-08-01 00:00:00.000000000",0,-1
3,"Williams","2013-09-01 00:00:00.000000000",0,\N
3,"Williams","2013-10-01 00:00:00.000000000",0,\N
3,"Williams","2013-11-01 00:00:00.000000000",4,\N
3,"Williams","2014-03-01 00:00:00.000000000",20,4
3,"Williams","2014-04-01 00:00:00.000000000",16,-0.2
3,"Williams","2014-05-01 00:00:00.000000000",16,0
3,"Williams","2014-06-01 00:00:00.000000000",33,1.0625
3,"Williams","2014-07-01 00:00:00.000000000",50,0.5151515151515151
3,"Williams","2014-08-01 00:00:00.000000000",15,-0.7
3,"Williams","2014-09-01 00:00:00.000000000",37,1.4666666666666666
3,"Williams","2014-10-01 00:00:00.000000000",29,-0.21621621621621623
3,"Williams","2014-11-01 00:00:00.000000000",104,2.586206896551724
3,"Williams","2015-03-01 00:00:00.000000000",30,-0.7115384615384616
3,"Williams","2015-04-01 00:00:00.000000000",31,0.03333333333333333
3,"Williams","2015-05-01 00:00:00.000000000",20,-0.3548387096774194
3,"Williams","2015-06-01 00:00:00.000000000",48,1.4
3,"Williams","2015-07-01 00:00:00.000000000",22,-0.5416666666666666
3,"Williams","2015-08-01 00:00:00.000000000",10,-0.5454545454545454
3,"Williams","2015-09-01 00:00:00.000000000",47,3.7
3,"Williams","2015-10-01 00:00:00.000000000",12,-0.7446808510638298
3,"Williams","2015-11-01 00:00:00.000000000",37,2.0833333333333335
3,"Williams","2016-03-01 00:00:00.000000000",14,-0.6216216216216216
3,"Williams","2016-04-01 00:00:00.000000000",15,0.07142857142857142
3,"Williams","2016-05-01 00:00:00.000000000",37,1.4666666666666666
3,"Williams","2016-06-01 00:00:00.000000000",24,-0.35135135135135137
3,"Williams","2016-07-01 00:00:00.000000000",6,-0.75
3,"Williams","2016-08-01 00:00:00.000000000",5,-0.16666666666666666
3,"Williams","2016-09-01 00:00:00.000000000",10,1
3,"Williams","2016-10-01 00:00:00.000000000",25,1.5
3,"Williams","2016-11-01 00:00:00.000000000",2,-0.92
3,"Williams","2017-03-01 00:00:00.000000000",8,3
3,"Williams","2017-04-01 00:00:00.000000000",10,0.25
3,"Williams","2017-05-01 00:00:00.000000000",2,-0.8
3,"Williams","2017-06-01 00:00:00.000000000",17,7.5
3,"Williams","2017-07-01 00:00:00.000000000",4,-0.7647058823529411
3,"Williams","2017-08-01 00:00:00.000000000",4,0
3,"Williams","2017-09-01 00:00:00.000000000",14,2.5
3,"Williams","2017-10-01 00:00:00.000000000",17,0.21428571428571427
3,"Williams","2017-11-01 00:00:00.000000000",7,-0.5882352941176471
3,"Williams","2018-03-01 00:00:00.000000000",0,-1
3,"Williams","2018-04-01 00:00:00.000000000",4,\N
3,"Williams","2018-05-01 00:00:00.000000000",0,-1
3,"Williams","2018-06-01 00:00:00.000000000",0,\N
3,"Williams","2018-07-01 00:00:00.000000000",0,\N
3,"Williams","2018-08-01 00:00:00.000000000",0,\N
3,"Williams","2018-09-01 00:00:00.000000000",3,\N
3,"Williams","2018-10-01 00:00:00.000000000",0,-1
3,"Williams","2018-11-01 00:00:00.000000000",0,\N
3,"Williams","2019-03-01 00:00:00.000000000",0,\N
3,"Williams","2019-04-01 00:00:00.000000000",0,\N
3,"Williams","2019-05-01 00:00:00.000000000",0,\N
3,"Williams","2019-06-01 00:00:00.000000000",0,\N
3,"Williams","2019-07-01 00:00:00.000000000",1,\N
3,"Williams","2019-08-01 00:00:00.000000000",0,-1
3,"Williams","2019-09-01 00:00:00.000000000",0,\N
3,"Williams","2019-10-01 00:00:00.000000000",0,\N
3,"Williams","2019-11-01 00:00:00.000000000",0,\N
3,"Williams","2019-12-01 00:00:00.000000000",0,\N
3,"Williams","2020-07-01 00:00:00.000000000",0,\N
3,"Williams","2020-08-01 00:00:00.000000000",0,\N
3,"Williams","2020-09-01 00:00:00.000000000",0,\N
3,"Williams","2020-10-01 00:00:00.000000000",0,\N
3,"Williams","2020-11-01 00:00:00.000000000",0,\N
3,"Williams","2020-12-01 00:00:00.000000000",0,\N
3,"Williams","2021-03-01 00:00:00.000000000",0,\N
3,"Williams","2021-04-01 00:00:00.000000000",0,\N
3,"Williams","2021-05-01 00:00:00.000000000",0,\N
3,"Williams","2021-06-01 00:00:00.000000000",0,\N
3,"Williams","2021-07-01 00:00:00.000000000",0,\N
3,"Williams","2021-08-01 00:00:00.000000000",20,\N
3,"Williams","2021-09-01 00:00:00.000000000",3,-0.85
3,"Williams","2021-10-01 00:00:00.000000000",0,-1
3,"Williams","2021-11-01 00:00:00.000000000",0,\N
3,"Williams","2021-12-01 00:00:00.000000000",0,\N
3,"Williams","2022-03-01 00:00:00.000000000",0,\N
3,"Williams","2022-04-01 00:00:00.000000000",1,\N
3,"Williams","2022-05-01 00:00:00.000000000",2,1
3,"Williams","2022-06-01 00:00:00.000000000",0,-1
3,"Williams","2022-07-01 00:00:00.000000000",0,\N
3,"Williams","2022-08-01 00:00:00.000000000",1,\N
3,"Williams","2022-09-01 00:00:00.000000000",2,1
3,"Williams","2022-10-01 00:00:00.000000000",2,0
3,"Williams","2022-11-01 00:00:00.000000000",0,-1
3,"Williams","2023-03-01 00:00:00.000000000",1,\N
3,"Williams","2023-04-01 00:00:00.000000000",0,-1
3,"Williams","2023-05-01 00:00:00.000000000",0,\N
3,"Williams","2023-06-01 00:00:00.000000000",6,\N
3,"Williams","2023-07-01 00:00:00.000000000",4,-0.3333333333333333
3,"Williams","2023-08-01 00:00:00.000000000",4,0
3,"Williams","2023-09-01 00:00:00.000000000",6,0.5
3,"Williams","2023-10-01 00:00:00.000000000",7,0.16666666666666666
3,"Williams","2023-11-01 00:00:00.000000000",0,-1
3,"Williams","2024-03-01 00:00:00.000000000",0,\N
3,"Williams","2024-04-01 00:00:00.000000000",0,\N
3,"Williams","2024-05-01 00:00:00.000000000",2,\N
3,"Williams","2024-06-01 00:00:00.000000000",0,-1
3,"Williams","2024-07-01 00:00:00.000000000",2,\N
3,"Williams","2024-08-01 00:00:00.000000000",0,-1
3,"Williams","2024-09-01 00:00:00.000000000",12,\N
3,"Williams","2024-10-01 00:00:00.000000000",1,-0.9166666666666666
3,"Williams","2024-11-01 00:00:00.000000000",0,-1
3,"Williams","2024-12-01 00:00:00.000000000",0,\N
3,"Williams","2025-03-01 00:00:00.000000000",17,\N
3,"Williams","2025-04-01 00:00:00.000000000",8,-0.5294117647058824
3,"Williams","2025-05-01 00:00:00.000000000",29,2.625
3,"Williams","2025-06-01 00:00:00.000000000",1,-0.9655172413793104
3,"Williams","2025-07-01 00:00:00.000000000",12,11
3,"Williams","2025-08-01 00:00:00.000000000",10,-0.16666666666666666
4,"Renault","1977-07-01 00:00:00.000000000",0,\N
4,"Renault","1977-08-01 00:00:00.000000000",0,\N
4,"Renault","1977-09-01 00:00:00.000000000",0,\N
4,"Renault","1977-10-01 00:00:00.000000000",0,\N
4,"Renault","1978-03-01 00:00:00.000000000",0,\N
4,"Renault","1978-04-01 00:00:00.000000000",0,\N
4,"Renault","1978-05-01 00:00:00.000000000",0,\N
4,"Renault","1978-06-01 00:00:00.000000000",0,\N
4,"Renault","1978-07-01 00:00:00.000000000",0,\N
4,"Renault","1978-08-01 00:00:00.000000000",0,\N
4,"Renault","1978-09-01 00:00:00.000000000",0,\N
4,"Renault","1978-10-01 00:00:00.000000000",3,\N
4,"Renault","1979-01-01 00:00:00.000000000",0,-1
4,"Renault","1979-02-01 00:00:00.000000000",0,\N
4,"Renault","1979-03-01 00:00:00.000000000",0,\N
4,"Renault","1979-04-01 00:00:00.000000000",0,\N
4,"Renault","1979-05-01 00:00:00.000000000",0,\N
4,"Renault","1979-07-01 00:00:00.000000000",19,\N
4,"Renault","1979-08-01 00:00:00.000000000",1,-0.9473684210526315
4,"Renault","1979-09-01 00:00:00.000000000",0,-1
4,"Renault","1979-10-01 00:00:00.000000000",6,\N
4,"Renault","1980-01-01 00:00:00.000000000",9,0.5
4,"Renault","1980-03-01 00:00:00.000000000",9,0
4,"Renault","1980-05-01 00:00:00.000000000",3,-0.6666666666666666
4,"Renault","1980-06-01 00:00:00.000000000",2,-0.3333333333333333
4,"Renault","1980-07-01 00:00:00.000000000",0,-1
4,"Renault","1980-08-01 00:00:00.000000000",15,\N
4,"Renault","1980-09-01 00:00:00.000000000",0,-1
4,"Renault","1980-10-01 00:00:00.000000000",0,\N
4,"Renault","1981-03-01 00:00:00.000000000",0,\N
4,"Renault","1981-04-01 00:00:00.000000000",6,\N
4,"Renault","1981-05-01 00:00:00.000000000",0,-1
4,"Renault","1981-06-01 00:00:00.000000000",0,\N
4,"Renault","1981-07-01 00:00:00.000000000",12,\N
4,"Renault","1981-08-01 00:00:00.000000000",21,0.75
4,"Renault","1981-09-01 00:00:00.000000000",9,-0.5714285714285714
4,"Renault","1981-10-01 00:00:00.000000000",6,-0.3333333333333333
4,"Renault","1982-01-01 00:00:00.000000000",13,1.1666666666666667
4,"Renault","1982-03-01 00:00:00.000000000",9,-0.3076923076923077
4,"Renault","1982-04-01 00:00:00.000000000",0,-1
4,"Renault","1982-05-01 00:00:00.000000000",0,\N
4,"Renault","1982-06-01 00:00:00.000000000",0,\N
4,"Renault","1982-07-01 00:00:00.000000000",16,\N
4,"Renault","1982-08-01 00:00:00.000000000",12,-0.25
4,"Renault","1982-09-01 00:00:00.000000000",12,0
4,"Renault","1983-03-01 00:00:00.000000000",0,-1
4,"Renault","1983-04-01 00:00:00.000000000",13,\N
4,"Renault","1983-05-01 00:00:00.000000000",23,0.7692307692307693
4,"Renault","1983-06-01 00:00:00.000000000",8,-0.6521739130434783
4,"Renault","1983-07-01 00:00:00.000000000",9,0.125
4,"Renault","1983-08-01 00:00:00.000000000",15,0.6666666666666666
4,"Renault","1983-09-01 00:00:00.000000000",10,-0.3333333333333333
4,"Renault","1983-10-01 00:00:00.000000000",1,-0.9
4,"Renault","1984-03-01 00:00:00.000000000",2,1
4,"Renault","1984-04-01 00:00:00.000000000",10,4
4,"Renault","1984-05-01 00:00:00.000000000",9,-0.1
4,"Renault","1984-06-01 00:00:00.000000000",0,-1
4,"Renault","1984-07-01 00:00:00.000000000",6,\N
4,"Renault","1984-08-01 00:00:00.000000000",7,0.16666666666666666
4,"Renault","1984-09-01 00:00:00.000000000",0,-1
4,"Renault","1984-10-01 00:00:00.000000000",0,\N
4,"Renault","1985-04-01 00:00:00.000000000",6,\N
4,"Renault","1985-05-01 00:00:00.000000000",6,0
4,"Renault","1985-06-01 00:00:00.000000000",0,-1
4,"Renault","1985-07-01 00:00:00.000000000",3,\N
4,"Renault","1985-08-01 00:00:00.000000000",0,-1
4,"Renault","1985-09-01 00:00:00.000000000",1,\N
4,"Renault","1985-10-01 00:00:00.000000000",0,-1
4,"Renault","1985-11-01 00:00:00.000000000",0,\N
4,"Renault","2002-03-01 00:00:00.000000000",6,\N
4,"Renault","2002-04-01 00:00:00.000000000",2,-0.6666666666666666
4,"Renault","2002-05-01 00:00:00.000000000",3,0.5
4,"Renault","2002-06-01 00:00:00.000000000",3,0
4,"Renault","2002-07-01 00:00:00.000000000",1,-0.6666666666666666
4,"Renault","2002-08-01 00:00:00.000000000",0,-1
4,"Renault","2002-09-01 00:00:00.000000000",7,\N
4,"Renault","2002-10-01 00:00:00.000000000",1,-0.8571428571428571
4,"Renault","2003-03-01 00:00:00.000000000",16,15
4,"Renault","2003-04-01 00:00:00.000000000",10,-0.375
4,"Renault","2003-05-01 00:00:00.000000000",9,-0.1
4,"Renault","2003-06-01 00:00:00.000000000",17,0.8888888888888888
4,"Renault","2003-07-01 00:00:00.000000000",3,-0.8235294117647058
4,"Renault","2003-08-01 00:00:00.000000000",23,6.666666666666667
4,"Renault","2003-09-01 00:00:00.000000000",6,-0.7391304347826086
4,"Renault","2003-10-01 00:00:00.000000000",4,-0.3333333333333333
4,"Renault","2004-03-01 00:00:00.000000000",14,2.5
4,"Renault","2004-04-01 00:00:00.000000000",17,0.21428571428571427
4,"Renault","2004-05-01 00:00:00.000000000",30,0.7647058823529411
4,"Renault","2004-06-01 00:00:00.000000000",5,-0.8333333333333334
4,"Renault","2004-07-01 00:00:00.000000000",19,2.8
4,"Renault","2004-08-01 00:00:00.000000000",6,-0.6842105263157895
4,"Renault","2004-09-01 00:00:00.000000000",5,-0.16666666666666666
4,"Renault","2004-10-01 00:00:00.000000000",9,0.8
4,"Renault","2005-03-01 00:00:00.000000000",26,1.8888888888888888
4,"Renault","2005-04-01 00:00:00.000000000",20,-0.23076923076923078
4,"Renault","2005-05-01 00:00:00.000000000",30,0.5
4,"Renault","2005-06-01 00:00:00.000000000",0,-1
4,"Renault","2005-07-01 00:00:00.000000000",41,\N
4,"Renault","2005-08-01 00:00:00.000000000",13,-0.6829268292682927
4,"Renault","2005-09-01 00:00:00.000000000",32,1.4615384615384615
4,"Renault","2005-10-01 00:00:00.000000000",29,-0.09375
4,"Renault","2006-03-01 00:00:00.000000000",28,-0.034482758620689655
4,"Renault","2006-04-01 00:00:00.000000000",23,-0.17857142857142858
4,"Renault","2006-05-01 00:00:00.000000000",40,0.7391304347826086
4,"Renault","2006-06-01 00:00:00.000000000",30,-0.25
4,"Renault","2006-07-01 00:00:00.000000000",28,-0.06666666666666667
4,"Renault","2006-08-01 00:00:00.000000000",11,-0.6071428571428571
4,"Renault","2006-09-01 00:00:00.000000000",5,-0.5454545454545454
4,"Renault","2006-10-01 00:00:00.000000000",41,7.2
4,"Renault","2007-03-01 00:00:00.000000000",4,-0.9024390243902439
4,"Renault","2007-04-01 00:00:00.000000000",5,0.25
4,"Renault","2007-05-01 00:00:00.000000000",7,0.4
4,"Renault","2007-06-01 00:00:00.000000000",9,0.2857142857142857
4,"Renault","2007-07-01 00:00:00.000000000",7,-0.2222222222222222
4,"Renault","2007-08-01 00:00:00.000000000",4,-0.42857142857142855
4,"Renault","2007-09-01 00:00:00.000000000",15,2.75
4,"Renault","2007-10-01 00:00:00.000000000",0,-1
4,"Renault","2008-03-01 00:00:00.000000000",6,\N
4,"Renault","2008-04-01 00:00:00.000000000",0,-1
4,"Renault","2008-05-01 00:00:00.000000000",3,\N
4,"Renault","2008-06-01 00:00:00.000000000",3,0
4,"Renault","2008-07-01 00:00:00.000000000",11,2.6666666666666665
4,"Renault","2008-08-01 00:00:00.000000000",8,-0.2727272727272727
4,"Renault","2008-09-01 00:00:00.000000000",20,1.5
4,"Renault","2008-10-01 00:00:00.000000000",21,0.05
4,"Renault","2008-11-01 00:00:00.000000000",8,-0.6190476190476191
4,"Renault","2009-03-01 00:00:00.000000000",4,-0.5
4,"Renault","2009-04-01 00:00:00.000000000",1,-0.75
4,"Renault","2009-05-01 00:00:00.000000000",6,5
4,"Renault","2009-06-01 00:00:00.000000000",0,-1
4,"Renault","2009-07-01 00:00:00.000000000",2,\N
4,"Renault","2009-08-01 00:00:00.000000000",3,0.5
4,"Renault","2009-09-01 00:00:00.000000000",10,2.3333333333333335
4,"Renault","2009-10-01 00:00:00.000000000",0,-1
4,"Renault","2009-11-01 00:00:00.000000000",0,\N
4,"Renault","2010-03-01 00:00:00.000000000",18,\N
4,"Renault","2010-04-01 00:00:00.000000000",28,0.5555555555555556
4,"Renault","2010-05-01 00:00:00.000000000",27,-0.03571428571428571
4,"Renault","2010-06-01 00:00:00.000000000",16,-0.4074074074074074
4,"Renault","2010-07-01 00:00:00.000000000",7,-0.5625
4,"Renault","2010-08-01 00:00:00.000000000",27,2.857142857142857
4,"Renault","2010-09-01 00:00:00.000000000",10,-0.6296296296296297
4,"Renault","2010-10-01 00:00:00.000000000",10,0
4,"Renault","2010-11-01 00:00:00.000000000",20,1
4,"Renault","2011-03-01 00:00:00.000000000",15,-0.25
4,"Renault","2011-04-01 00:00:00.000000000",17,0.13333333333333333
4,"Renault","2011-05-01 00:00:00.000000000",18,0.058823529411764705
4,"Renault","2011-06-01 00:00:00.000000000",11,-0.3888888888888889
4,"Renault","2011-07-01 00:00:00.000000000",5,-0.5454545454545454
4,"Renault","2011-08-01 00:00:00.000000000",2,-0.6
4,"Renault","2011-09-01 00:00:00.000000000",2,0
4,"Renault","2011-10-01 00:00:00.000000000",2,0
4,"Renault","2011-11-01 00:00:00.000000000",1,-0.5
4,"Renault","2016-03-01 00:00:00.000000000",0,-1
4,"Renault","2016-04-01 00:00:00.000000000",0,\N
4,"Renault","2016-05-01 00:00:00.000000000",6,\N
4,"Renault","2016-06-01 00:00:00.000000000",0,-1
4,"Renault","2016-07-01 00:00:00.000000000",0,\N
4,"Renault","2016-08-01 00:00:00.000000000",0,\N
4,"Renault","2016-09-01 00:00:00.000000000",1,\N
4,"Renault","2016-10-01 00:00:00.000000000",1,0
4,"Renault","2016-11-01 00:00:00.000000000",0,-1
4,"Renault","2017-03-01 00:00:00.000000000",0,\N
4,"Renault","2017-04-01 00:00:00.000000000",6,\N
4,"Renault","2017-05-01 00:00:00.000000000",8,0.3333333333333333
4,"Renault","2017-06-01 00:00:00.000000000",4,-0.5
4,"Renault","2017-07-01 00:00:00.000000000",8,1
4,"Renault","2017-08-01 00:00:00.000000000",8,0
4,"Renault","2017-09-01 00:00:00.000000000",8,0
4,"Renault","2017-10-01 00:00:00.000000000",6,-0.25
4,"Renault","2017-11-01 00:00:00.000000000",9,0.5
4,"Renault","2018-03-01 00:00:00.000000000",7,-0.2222222222222222
4,"Renault","2018-04-01 00:00:00.000000000",28,3
4,"Renault","2018-05-01 00:00:00.000000000",11,-0.6071428571428571
4,"Renault","2018-06-01 00:00:00.000000000",16,0.45454545454545453
4,"Renault","2018-07-01 00:00:00.000000000",20,0.25
4,"Renault","2018-08-01 00:00:00.000000000",0,-1
4,"Renault","2018-09-01 00:00:00.000000000",9,\N
4,"Renault","2018-10-01 00:00:00.000000000",23,1.5555555555555556
4,"Renault","2018-11-01 00:00:00.000000000",8,-0.6521739130434783
4,"Renault","2019-03-01 00:00:00.000000000",6,-0.25
4,"Renault","2019-04-01 00:00:00.000000000",6,0
4,"Renault","2019-05-01 00:00:00.000000000",2,-0.6666666666666666
4,"Renault","2019-06-01 00:00:00.000000000",18,8
4,"Renault","2019-07-01 00:00:00.000000000",7,-0.6111111111111112
4,"Renault","2019-08-01 00:00:00.000000000",0,-1
4,"Renault","2019-09-01 00:00:00.000000000",29,\N
4,"Renault","2019-10-01 00:00:00.000000000",5,-0.8275862068965517
4,"Renault","2019-11-01 00:00:00.000000000",18,2.6
4,"Renault","2019-12-01 00:00:00.000000000",0,-1
4,"Renault","2020-07-01 00:00:00.000000000",12,\N
4,"Renault","2020-08-01 00:00:00.000000000",47,2.9166666666666665
4,"Renault","2020-09-01 00:00:00.000000000",40,-0.14893617021276595
4,"Renault","2020-10-01 00:00:00.000000000",21,-0.475
4,"Renault","2020-11-01 00:00:00.000000000",24,0.14285714285714285
4,"Renault","2020-12-01 00:00:00.000000000",37,0.5416666666666666
5,"Toro Rosso","2006-03-01 00:00:00.000000000",0,\N
5,"Toro Rosso","2006-04-01 00:00:00.000000000",0,\N
5,"Toro Rosso","2006-05-01 00:00:00.000000000",0,\N
5,"Toro Rosso","2006-06-01 00:00:00.000000000",0,\N
5,"Toro Rosso","2006-07-01 00:00:00.000000000",1,\N
5,"Toro Rosso","2006-08-01 00:00:00.000000000",0,-1
5,"Toro Rosso","2006-09-01 00:00:00.000000000",0,\N
5,"Toro Rosso","2006-10-01 00:00:00.000000000",0,\N
5,"Toro Rosso","2007-03-01 00:00:00.000000000",0,\N
5,"Toro Rosso","2007-04-01 00:00:00.000000000",0,\N
5,"Toro Rosso","2007-05-01 00:00:00.000000000",0,\N
5,"Toro Rosso","2007-06-01 00:00:00.000000000",0,\N
5,"Toro Rosso","2007-07-01 00:00:00.000000000",0,\N
5,"Toro Rosso","2007-08-01 00:00:00.000000000",0,\N
5,"Toro Rosso","2007-09-01 00:00:00.000000000",0,\N
5,"Toro Rosso","2007-10-01 00:00:00.000000000",8,\N
5,"Toro Rosso","2008-03-01 00:00:00.000000000",2,-0.75
5,"Toro Rosso","2008-04-01 00:00:00.000000000",0,-1
5,"Toro Rosso","2008-05-01 00:00:00.000000000",4,\N
5,"Toro Rosso","2008-06-01 00:00:00.000000000",1,-0.75
5,"Toro Rosso","2008-07-01 00:00:00.000000000",1,0
5,"Toro Rosso","2008-08-01 00:00:00.000000000",3,2
5,"Toro Rosso","2008-09-01 00:00:00.000000000",20,5.666666666666667
5,"Toro Rosso","2008-10-01 00:00:00.000000000",3,-0.85
5,"Toro Rosso","2008-11-01 00:00:00.000000000",5,0.6666666666666666
5,"Toro Rosso","2009-03-01 00:00:00.000000000",3,-0.4
5,"Toro Rosso","2009-04-01 00:00:00.000000000",1,-0.6666666666666666
5,"Toro Rosso","2009-05-01 00:00:00.000000000",1,0
5,"Toro Rosso","2009-06-01 00:00:00.000000000",0,-1
5,"Toro Rosso","2009-07-01 00:00:00.000000000",0,\N
5,"Toro Rosso","2009-08-01 00:00:00.000000000",0,\N
5,"Toro Rosso","2009-09-01 00:00:00.000000000",0,\N
5,"Toro Rosso","2009-10-01 00:00:00.000000000",2,\N
5,"Toro Rosso","2009-11-01 00:00:00.000000000",1,-0.5
5,"Toro Rosso","2010-03-01 00:00:00.000000000",0,-1
5,"Toro Rosso","2010-04-01 00:00:00.000000000",2,\N
5,"Toro Rosso","2010-05-01 00:00:00.000000000",2,0
5,"Toro Rosso","2010-06-01 00:00:00.000000000",6,2
5,"Toro Rosso","2010-07-01 00:00:00.000000000",0,-1
5,"Toro Rosso","2010-08-01 00:00:00.000000000",0,\N
5,"Toro Rosso","2010-09-01 00:00:00.000000000",0,\N
5,"Toro Rosso","2010-10-01 00:00:00.000000000",1,\N
5,"Toro Rosso","2010-11-01 00:00:00.000000000",2,1
5,"Toro Rosso","2011-03-01 00:00:00.000000000",4,1
5,"Toro Rosso","2011-04-01 00:00:00.000000000",0,-1
5,"Toro Rosso","2011-05-01 00:00:00.000000000",3,\N
5,"Toro Rosso","2011-06-01 00:00:00.000000000",9,2
5,"Toro Rosso","2011-07-01 00:00:00.000000000",6,-0.3333333333333333
5,"Toro Rosso","2011-08-01 00:00:00.000000000",0,-1
5,"Toro Rosso","2011-09-01 00:00:00.000000000",7,\N
5,"Toro Rosso","2011-10-01 00:00:00.000000000",12,0.7142857142857143
5,"Toro Rosso","2011-11-01 00:00:00.000000000",0,-1
5,"Toro Rosso","2012-03-01 00:00:00.000000000",6,\N
5,"Toro Rosso","2012-04-01 00:00:00.000000000",0,-1
5,"Toro Rosso","2012-05-01 00:00:00.000000000",0,\N
5,"Toro Rosso","2012-06-01 00:00:00.000000000",0,\N
5,"Toro Rosso","2012-07-01 00:00:00.000000000",0,\N
5,"Toro Rosso","2012-09-01 00:00:00.000000000",8,\N
5,"Toro Rosso","2012-10-01 00:00:00.000000000",7,-0.125
5,"Toro Rosso","2012-11-01 00:00:00.000000000",5,-0.2857142857142857
5,"Toro Rosso","2013-03-01 00:00:00.000000000",1,-0.8
5,"Toro Rosso","2013-04-01 00:00:00.000000000",6,5
5,"Toro Rosso","2013-05-01 00:00:00.000000000",5,-0.16666666666666666
5,"Toro Rosso","2013-06-01 00:00:00.000000000",12,1.4
5,"Toro Rosso","2013-07-01 00:00:00.000000000",0,-1
5,"Toro Rosso","2013-08-01 00:00:00.000000000",1,\N
5,"Toro Rosso","2013-09-01 00:00:00.000000000",6,5
5,"Toro Rosso","2013-10-01 00:00:00.000000000",1,-0.8333333333333334
5,"Toro Rosso","2013-11-01 00:00:00.000000000",1,0
5,"Toro Rosso","2014-03-01 00:00:00.000000000",7,6
5,"Toro Rosso","2014-04-01 00:00:00.000000000",1,-0.8571428571428571
5,"Toro Rosso","2014-05-01 00:00:00.000000000",0,-1
5,"Toro Rosso","2014-06-01 00:00:00.000000000",4,\N
5,"Toro Rosso","2014-07-01 00:00:00.000000000",5,0.25
5,"Toro Rosso","2014-08-01 00:00:00.000000000",2,-0.6
5,"Toro Rosso","2014-09-01 00:00:00.000000000",8,3
5,"Toro Rosso","2014-10-01 00:00:00.000000000",2,-0.75
5,"Toro Rosso","2014-11-01 00:00:00.000000000",1,-0.5
5,"Toro Rosso","2015-03-01 00:00:00.000000000",12,11
5,"Toro Rosso","2015-04-01 00:00:00.000000000",0,-1
5,"Toro Rosso","2015-05-01 00:00:00.000000000",3,\N
5,"Toro Rosso","2015-06-01 00:00:00.000000000",4,0.3333333333333333
5,"Toro Rosso","2015-07-01 00:00:00.000000000",12,2
5,"Toro Rosso","2015-08-01 00:00:00.000000000",4,-0.6666666666666666
5,"Toro Rosso","2015-09-01 00:00:00.000000000",9,1.25
5,"Toro Rosso","2015-10-01 00:00:00.000000000",19,1.1111111111111112
5,"Toro Rosso","2015-11-01 00:00:00.000000000",4,-0.7894736842105263
5,"Toro Rosso","2016-03-01 00:00:00.000000000",3,-0.25
5,"Toro Rosso","2016-04-01 00:00:00.000000000",14,3.6666666666666665
5,"Toro Rosso","2016-05-01 00:00:00.000000000",13,-0.07142857142857142
5,"Toro Rosso","2016-06-01 00:00:00.000000000",2,-0.8461538461538461
5,"Toro Rosso","2016-07-01 00:00:00.000000000",13,5.5
5,"Toro Rosso","2016-08-01 00:00:00.000000000",0,-1
5,"Toro Rosso","2016-09-01 00:00:00.000000000",2,\N
5,"Toro Rosso","2016-10-01 00:00:00.000000000",8,3
5,"Toro Rosso","2016-11-01 00:00:00.000000000",8,0
5,"Toro Rosso","2017-03-01 00:00:00.000000000",6,-0.25
5,"Toro Rosso","2017-04-01 00:00:00.000000000",7,0.16666666666666666
5,"Toro Rosso","2017-05-01 00:00:00.000000000",16,1.2857142857142858
5,"Toro Rosso","2017-06-01 00:00:00.000000000",4,-0.75
5,"Toro Rosso","2017-07-01 00:00:00.000000000",6,0.5
5,"Toro Rosso","2017-08-01 00:00:00.000000000",1,-0.8333333333333334
5,"Toro Rosso","2017-09-01 00:00:00.000000000",12,11
5,"Toro Rosso","2017-10-01 00:00:00.000000000",1,-0.9166666666666666
5,"Toro Rosso","2017-11-01 00:00:00.000000000",0,-1
5,"Toro Rosso","2018-03-01 00:00:00.000000000",0,\N
5,"Toro Rosso","2018-04-01 00:00:00.000000000",13,\N
5,"Toro Rosso","2018-05-01 00:00:00.000000000",6,-0.5384615384615384
5,"Toro Rosso","2018-06-01 00:00:00.000000000",0,-1
5,"Toro Rosso","2018-07-01 00:00:00.000000000",9,\N
5,"Toro Rosso","2018-08-01 00:00:00.000000000",2,-0.7777777777777778
5,"Toro Rosso","2018-09-01 00:00:00.000000000",0,-1
5,"Toro Rosso","2018-10-01 00:00:00.000000000",3,\N
5,"Toro Rosso","2018-11-01 00:00:00.000000000",0,-1
5,"Toro Rosso","2019-03-01 00:00:00.000000000",3,\N
5,"Toro Rosso","2019-04-01 00:00:00.000000000",1,-0.6666666666666666
5,"Toro Rosso","2019-05-01 00:00:00.000000000",12,11
5,"Toro Rosso","2019-06-01 00:00:00.000000000",1,-0.9166666666666666
5,"Toro Rosso","2019-07-01 00:00:00.000000000",25,24
5,"Toro Rosso","2019-08-01 00:00:00.000000000",1,-0.96
5,"Toro Rosso","2019-09-01 00:00:00.000000000",12,11
5,"Toro Rosso","2019-10-01 00:00:00.000000000",9,-0.25
5,"Toro Rosso","2019-11-01 00:00:00.000000000",19,1.1111111111111112
5,"Toro Rosso","2019-12-01 00:00:00.000000000",2,-0.8947368421052632
6,"Ferrari","1958-01-01 00:00:00.000000000",6,\N
6,"Ferrari","1958-05-01 00:00:00.000000000",8,0.3333333333333333
6,"Ferrari","1958-06-01 00:00:00.000000000",6,-0.25
6,"Ferrari","1958-07-01 00:00:00.000000000",16,1.6666666666666667
6,"Ferrari","1958-08-01 00:00:00.000000000",9,-0.4375
6,"Ferrari","1958-09-01 00:00:00.000000000",6,-0.3333333333333333
6,"Ferrari","1958-10-01 00:00:00.000000000",10,0.6666666666666666
6,"Ferrari","1959-05-01 00:00:00.000000000",8,-0.2
6,"Ferrari","1959-07-01 00:00:00.000000000",8,0
6,"Ferrari","1959-08-01 00:00:00.000000000",12,0.5
6,"Ferrari","1959-09-01 00:00:00.000000000",6,-0.5
6,"Ferrari","1959-12-01 00:00:00.000000000",4,-0.3333333333333333
6,"Ferrari","1960-02-01 00:00:00.000000000",8,1
6,"Ferrari","1960-05-01 00:00:00.000000000",4,-0.5
6,"Ferrari","1960-06-01 00:00:00.000000000",5,0.25
6,"Ferrari","1960-07-01 00:00:00.000000000",1,-0.8
6,"Ferrari","1960-08-01 00:00:00.000000000",3,2
6,"Ferrari","1960-09-01 00:00:00.000000000",8,1.6666666666666667
6,"Ferrari","1961-05-01 00:00:00.000000000",15,0.875
6,"Ferrari","1961-06-01 00:00:00.000000000",9,-0.4
6,"Ferrari","1961-07-01 00:00:00.000000000",28,2.111111111111111
6,"Ferrari","1961-08-01 00:00:00.000000000",6,-0.7857142857142857
6,"Ferrari","1961-09-01 00:00:00.000000000",9,0.5
6,"Ferrari","1962-05-01 00:00:00.000000000",4,-0.5555555555555556
6,"Ferrari","1962-06-01 00:00:00.000000000",10,1.5
6,"Ferrari","1962-07-01 00:00:00.000000000",0,-1
6,"Ferrari","1962-08-01 00:00:00.000000000",1,\N
6,"Ferrari","1962-09-01 00:00:00.000000000",3,2
6,"Ferrari","1963-05-01 00:00:00.000000000",3,0
6,"Ferrari","1963-06-01 00:00:00.000000000",4,0.3333333333333333
6,"Ferrari","1963-07-01 00:00:00.000000000",6,0.5
6,"Ferrari","1963-08-01 00:00:00.000000000",9,0.5
6,"Ferrari","1963-09-01 00:00:00.000000000",0,-1
6,"Ferrari","1963-10-01 00:00:00.000000000",2,\N
6,"Ferrari","1963-12-01 00:00:00.000000000",2,0
6,"Ferrari","1964-05-01 00:00:00.000000000",6,2
6,"Ferrari","1964-06-01 00:00:00.000000000",0,-1
6,"Ferrari","1964-07-01 00:00:00.000000000",4,\N
6,"Ferrari","1964-08-01 00:00:00.000000000",18,3.5
6,"Ferrari","1964-09-01 00:00:00.000000000",9,-0.5
6,"Ferrari","1964-10-01 00:00:00.000000000",12,0.3333333333333333
6,"Ferrari","1965-01-01 00:00:00.000000000",6,-0.5
6,"Ferrari","1965-05-01 00:00:00.000000000",6,0
6,"Ferrari","1965-06-01 00:00:00.000000000",4,-0.3333333333333333
6,"Ferrari","1965-07-01 00:00:00.000000000",4,0
6,"Ferrari","1965-08-01 00:00:00.000000000",1,-0.75
6,"Ferrari","1965-09-01 00:00:00.000000000",3,2
6,"Ferrari","1965-10-01 00:00:00.000000000",3,0
6,"Ferrari","1966-05-01 00:00:00.000000000",6,1
6,"Ferrari","1966-06-01 00:00:00.000000000",9,0.5
6,"Ferrari","1966-07-01 00:00:00.000000000",7,-0.2222222222222222
6,"Ferrari","1966-08-01 00:00:00.000000000",1,-0.8571428571428571
6,"Ferrari","1966-09-01 00:00:00.000000000",9,8
6,"Ferrari","1966-10-01 00:00:00.000000000",0,-1
6,"Ferrari","1967-05-01 00:00:00.000000000",4,\N
6,"Ferrari","1967-06-01 00:00:00.000000000",7,0.75
6,"Ferrari","1967-07-01 00:00:00.000000000",4,-0.42857142857142855
6,"Ferrari","1967-08-01 00:00:00.000000000",5,0.25
6,"Ferrari","1967-09-01 00:00:00.000000000",0,-1
6,"Ferrari","1967-10-01 00:00:00.000000000",0,\N
6,"Ferrari","1968-01-01 00:00:00.000000000",3,\N
6,"Ferrari","1968-05-01 00:00:00.000000000",0,-1
6,"Ferrari","1968-06-01 00:00:00.000000000",7,\N
6,"Ferrari","1968-07-01 00:00:00.000000000",15,1.1428571428571428
6,"Ferrari","1968-08-01 00:00:00.000000000",3,-0.8
6,"Ferrari","1968-09-01 00:00:00.000000000",4,0.3333333333333333
6,"Ferrari","1968-10-01 00:00:00.000000000",0,-1
6,"Ferrari","1968-11-01 00:00:00.000000000",0,\N
6,"Ferrari","1969-03-01 00:00:00.000000000",0,\N
6,"Ferrari","1969-05-01 00:00:00.000000000",0,\N
6,"Ferrari","1969-06-01 00:00:00.000000000",4,\N
6,"Ferrari","1969-07-01 00:00:00.000000000",0,-1
6,"Ferrari","1969-09-01 00:00:00.000000000",1,\N
6,"Ferrari","1969-10-01 00:00:00.000000000",2,1
6,"Ferrari","1970-03-01 00:00:00.000000000",0,-1
6,"Ferrari","1970-04-01 00:00:00.000000000",0,\N
6,"Ferrari","1970-05-01 00:00:00.000000000",0,\N
6,"Ferrari","1970-06-01 00:00:00.000000000",7,\N
6,"Ferrari","1970-07-01 00:00:00.000000000",3,-0.5714285714285714
6,"Ferrari","1970-08-01 00:00:00.000000000",21,6
6,"Ferrari","1970-09-01 00:00:00.000000000",18,-0.14285714285714285
6,"Ferrari","1970-10-01 00:00:00.000000000",12,-0.3333333333333333
6,"Ferrari","1971-03-01 00:00:00.000000000",9,-0.25
6,"Ferrari","1971-04-01 00:00:00.000000000",6,-0.3333333333333333
6,"Ferrari","1971-05-01 00:00:00.000000000",4,-0.3333333333333333
6,"Ferrari","1971-06-01 00:00:00.000000000",9,1.25
6,"Ferrari","1971-07-01 00:00:00.000000000",0,-1
6,"Ferrari","1971-08-01 00:00:00.000000000",4,\N
6,"Ferrari","1971-09-01 00:00:00.000000000",0,-1
6,"Ferrari","1971-10-01 00:00:00.000000000",1,\N
6,"Ferrari","1972-01-01 00:00:00.000000000",4,3
6,"Ferrari","1972-03-01 00:00:00.000000000",3,-0.25
6,"Ferrari","1972-05-01 00:00:00.000000000",12,3
6,"Ferrari","1972-06-01 00:00:00.000000000",0,-1
6,"Ferrari","1972-07-01 00:00:00.000000000",10,\N
6,"Ferrari","1972-08-01 00:00:00.000000000",0,-1
6,"Ferrari","1972-09-01 00:00:00.000000000",2,\N
6,"Ferrari","1972-10-01 00:00:00.000000000",2,0
6,"Ferrari","1973-01-01 00:00:00.000000000",3,0.5
6,"Ferrari","1973-02-01 00:00:00.000000000",3,0
6,"Ferrari","1973-03-01 00:00:00.000000000",3,0
6,"Ferrari","1973-04-01 00:00:00.000000000",0,-1
6,"Ferrari","1973-05-01 00:00:00.000000000",0,\N
6,"Ferrari","1973-06-01 00:00:00.000000000",1,\N
6,"Ferrari","1973-07-01 00:00:00.000000000",2,1
6,"Ferrari","1973-08-01 00:00:00.000000000",0,-1
6,"Ferrari","1973-09-01 00:00:00.000000000",0,\N
6,"Ferrari","1973-10-01 00:00:00.000000000",0,\N
6,"Ferrari","1974-01-01 00:00:00.000000000",12,\N
6,"Ferrari","1974-03-01 00:00:00.000000000",0,-1
6,"Ferrari","1974-04-01 00:00:00.000000000",9,\N
6,"Ferrari","1974-05-01 00:00:00.000000000",9,0
6,"Ferrari","1974-06-01 00:00:00.000000000",9,0
6,"Ferrari","1974-07-01 00:00:00.000000000",9,0
6,"Ferrari","1974-08-01 00:00:00.000000000",11,0.2222222222222222
6,"Ferrari","1974-09-01 00:00:00.000000000",6,-0.45454545454545453
6,"Ferrari","1974-10-01 00:00:00.000000000",0,-1
6,"Ferrari","1975-01-01 00:00:00.000000000",6,\N
6,"Ferrari","1975-03-01 00:00:00.000000000",2,-0.6666666666666666
6,"Ferrari","1975-04-01 00:00:00.000000000",0,-1
6,"Ferrari","1975-05-01 00:00:00.000000000",18,\N
6,"Ferrari","1975-06-01 00:00:00.000000000",15,-0.16666666666666666
6,"Ferrari","1975-07-01 00:00:00.000000000",9,-0.4
6,"Ferrari","1975-08-01 00:00:00.000000000",4.5,-0.5
6,"Ferrari","1975-09-01 00:00:00.000000000",9,1
6,"Ferrari","1975-10-01 00:00:00.000000000",9,0
6,"Ferrari","1976-01-01 00:00:00.000000000",9,0
6,"Ferrari","1976-03-01 00:00:00.000000000",18,1
6,"Ferrari","1976-05-01 00:00:00.000000000",24,0.3333333333333333
6,"Ferrari","1976-06-01 00:00:00.000000000",4,-0.8333333333333334
6,"Ferrari","1976-07-01 00:00:00.000000000",9,1.25
6,"Ferrari","1976-08-01 00:00:00.000000000",6,-0.3333333333333333
6,"Ferrari","1976-09-01 00:00:00.000000000",6,0
6,"Ferrari","1976-10-01 00:00:00.000000000",7,0.16666666666666666
6,"Ferrari","1977-01-01 00:00:00.000000000",13,0.8571428571428571
6,"Ferrari","1977-03-01 00:00:00.000000000",9,-0.3076923076923077
6,"Ferrari","1977-04-01 00:00:00.000000000",6,-0.3333333333333333
6,"Ferrari","1977-05-01 00:00:00.000000000",12,1
6,"Ferrari","1977-06-01 00:00:00.000000000",10,-0.16666666666666666
6,"Ferrari","1977-07-01 00:00:00.000000000",17,0.7
6,"Ferrari","1977-08-01 00:00:00.000000000",15,-0.11764705882352941
6,"Ferrari","1977-09-01 00:00:00.000000000",6,-0.6
6,"Ferrari","1977-10-01 00:00:00.000000000",9,0.5
6,"Ferrari","1978-01-01 00:00:00.000000000",9,0
6,"Ferrari","1978-03-01 00:00:00.000000000",0,-1
6,"Ferrari","1978-04-01 00:00:00.000000000",9,\N
6,"Ferrari","1978-05-01 00:00:00.000000000",4,-0.5555555555555556
6,"Ferrari","1978-06-01 00:00:00.000000000",0,-1
6,"Ferrari","1978-07-01 00:00:00.000000000",9,\N
6,"Ferrari","1978-08-01 00:00:00.000000000",5,-0.4444444444444444
6,"Ferrari","1978-09-01 00:00:00.000000000",4,-0.2
6,"Ferrari","1978-10-01 00:00:00.000000000",18,3.5
6,"Ferrari","1979-01-01 00:00:00.000000000",0,-1
6,"Ferrari","1979-02-01 00:00:00.000000000",3,\N
6,"Ferrari","1979-03-01 00:00:00.000000000",15,4
6,"Ferrari","1979-04-01 00:00:00.000000000",18,0.2
6,"Ferrari","1979-05-01 00:00:00.000000000",18,0
6,"Ferrari","1979-07-01 00:00:00.000000000",11,-0.3888888888888889
6,"Ferrari","1979-08-01 00:00:00.000000000",15,0.36363636363636365
6,"Ferrari","1979-09-01 00:00:00.000000000",24,0.6
6,"Ferrari","1979-10-01 00:00:00.000000000",9,-0.625
6,"Ferrari","1980-01-01 00:00:00.000000000",0,-1
6,"Ferrari","1980-03-01 00:00:00.000000000",2,\N
6,"Ferrari","1980-05-01 00:00:00.000000000",3,0.5
6,"Ferrari","1980-06-01 00:00:00.000000000",0,-1
6,"Ferrari","1980-07-01 00:00:00.000000000",0,\N
6,"Ferrari","1980-08-01 00:00:00.000000000",1,\N
6,"Ferrari","1980-09-01 00:00:00.000000000",2,1
6,"Ferrari","1980-10-01 00:00:00.000000000",0,-1
6,"Ferrari","1981-03-01 00:00:00.000000000",0,\N
6,"Ferrari","1981-04-01 00:00:00.000000000",0,\N
6,"Ferrari","1981-05-01 00:00:00.000000000",17,\N
6,"Ferrari","1981-06-01 00:00:00.000000000",9,-0.47058823529411764
6,"Ferrari","1981-07-01 00:00:00.000000000",2,-0.7777777777777778
6,"Ferrari","1981-08-01 00:00:00.000000000",0,-1
6,"Ferrari","1981-09-01 00:00:00.000000000",6,\N
6,"Ferrari","1981-10-01 00:00:00.000000000",0,-1
6,"Ferrari","1982-01-01 00:00:00.000000000",0,\N
6,"Ferrari","1982-03-01 00:00:00.000000000",1,\N
6,"Ferrari","1982-04-01 00:00:00.000000000",15,14
6,"Ferrari","1982-05-01 00:00:00.000000000",6,-0.6
6,"Ferrari","1982-06-01 00:00:00.000000000",4,-0.3333333333333333
6,"Ferrari","1982-07-01 00:00:00.000000000",26,5.5
6,"Ferrari","1982-08-01 00:00:00.000000000",12,-0.5384615384615384
6,"Ferrari","1982-09-01 00:00:00.000000000",10,-0.16666666666666666
6,"Ferrari","1983-03-01 00:00:00.000000000",6,-0.4
6,"Ferrari","1983-04-01 00:00:00.000000000",3,-0.5
6,"Ferrari","1983-05-01 00:00:00.000000000",22,6.333333333333333
6,"Ferrari","1983-06-01 00:00:00.000000000",13,-0.4090909090909091
6,"Ferrari","1983-07-01 00:00:00.000000000",6,-0.5384615384615384
6,"Ferrari","1983-08-01 00:00:00.000000000",30,4
6,"Ferrari","1983-09-01 00:00:00.000000000",9,-0.7
6,"Ferrari","1983-10-01 00:00:00.000000000",0,-1
6,"Ferrari","1984-03-01 00:00:00.000000000",0,\N
6,"Ferrari","1984-04-01 00:00:00.000000000",13,\N
6,"Ferrari","1984-05-01 00:00:00.000000000",9,-0.3076923076923077
6,"Ferrari","1984-06-01 00:00:00.000000000",4.5,-0.5
6,"Ferrari","1984-07-01 00:00:00.000000000",9,1
6,"Ferrari","1984-08-01 00:00:00.000000000",5,-0.4444444444444444
6,"Ferrari","1984-09-01 00:00:00.000000000",6,0.2
6,"Ferrari","1984-10-01 00:00:00.000000000",11,0.8333333333333334
6,"Ferrari","1985-04-01 00:00:00.000000000",15,0.36363636363636365
6,"Ferrari","1985-05-01 00:00:00.000000000",7,-0.5333333333333333
6,"Ferrari","1985-06-01 00:00:00.000000000",25,2.5714285714285716
6,"Ferrari","1985-07-01 00:00:00.000000000",9,-0.64
6,"Ferrari","1985-08-01 00:00:00.000000000",19,1.1111111111111112
6,"Ferrari","1985-09-01 00:00:00.000000000",2,-0.8947368421052632
6,"Ferrari","1985-10-01 00:00:00.000000000",3,0.5
6,"Ferrari","1985-11-01 00:00:00.000000000",2,-0.3333333333333333
6,"Ferrari","1986-03-01 00:00:00.000000000",0,-1
6,"Ferrari","1986-04-01 00:00:00.000000000",3,\N
6,"Ferrari","1986-05-01 00:00:00.000000000",7,1.3333333333333333
6,"Ferrari","1986-06-01 00:00:00.000000000",3,-0.5714285714285714
6,"Ferrari","1986-07-01 00:00:00.000000000",0,-1
6,"Ferrari","1986-08-01 00:00:00.000000000",13,\N
6,"Ferrari","1986-09-01 00:00:00.000000000",7,-0.46153846153846156
6,"Ferrari","1986-10-01 00:00:00.000000000",4,-0.42857142857142855
6,"Ferrari","1987-04-01 00:00:00.000000000",3,-0.25
6,"Ferrari","1987-05-01 00:00:00.000000000",11,2.6666666666666665
6,"Ferrari","1987-06-01 00:00:00.000000000",3,-0.7272727272727273
6,"Ferrari","1987-07-01 00:00:00.000000000",0,-1
6,"Ferrari","1987-08-01 00:00:00.000000000",0,\N
6,"Ferrari","1987-09-01 00:00:00.000000000",9,\N
6,"Ferrari","1987-10-01 00:00:00.000000000",0,-1
6,"Ferrari","1987-11-01 00:00:00.000000000",27,\N
6,"Ferrari","1988-04-01 00:00:00.000000000",8,-0.7037037037037037
6,"Ferrari","1988-05-01 00:00:00.000000000",19,1.375
6,"Ferrari","1988-06-01 00:00:00.000000000",0,-1
6,"Ferrari","1988-07-01 00:00:00.000000000",14,\N
6,"Ferrari","1988-08-01 00:00:00.000000000",3,-0.7857142857142857
6,"Ferrari","1988-09-01 00:00:00.000000000",17,4.666666666666667
6,"Ferrari","1988-10-01 00:00:00.000000000",4,-0.7647058823529411
6,"Ferrari","1988-11-01 00:00:00.000000000",0,-1
6,"Ferrari","1989-03-01 00:00:00.000000000",9,\N
6,"Ferrari","1989-04-01 00:00:00.000000000",0,-1
6,"Ferrari","1989-05-01 00:00:00.000000000",0,\N
6,"Ferrari","1989-06-01 00:00:00.000000000",0,\N
6,"Ferrari","1989-07-01 00:00:00.000000000",16,\N
6,"Ferrari","1989-08-01 00:00:00.000000000",13,-0.1875
6,"Ferrari","1989-09-01 00:00:00.000000000",15,0.15384615384615385
6,"Ferrari","1989-10-01 00:00:00.000000000",6,-0.6
6,"Ferrari","1989-11-01 00:00:00.000000000",0,-1
6,"Ferrari","1990-03-01 00:00:00.000000000",12,\N
6,"Ferrari","1990-05-01 00:00:00.000000000",3,-0.75
6,"Ferrari","1990-06-01 00:00:00.000000000",21,6
6,"Ferrari","1990-07-01 00:00:00.000000000",21,0
6,"Ferrari","1990-08-01 00:00:00.000000000",6,-0.7142857142857143
6,"Ferrari","1990-09-01 00:00:00.000000000",37,5.166666666666667
6,"Ferrari","1990-10-01 00:00:00.000000000",0,-1
6,"Ferrari","1990-11-01 00:00:00.000000000",10,\N
6,"Ferrari","1991-03-01 00:00:00.000000000",10,0
6,"Ferrari","1991-04-01 00:00:00.000000000",0,-1
6,"Ferrari","1991-05-01 00:00:00.000000000",6,\N
6,"Ferrari","1991-06-01 00:00:00.000000000",0,-1
6,"Ferrari","1991-07-01 00:00:00.000000000",17,\N
6,"Ferrari","1991-08-01 00:00:00.000000000",2,-0.8823529411764706
6,"Ferrari","1991-09-01 00:00:00.000000000",17,7.5
6,"Ferrari","1991-10-01 00:00:00.000000000",3,-0.8235294117647058
6,"Ferrari","1991-11-01 00:00:00.000000000",0.5,-0.8333333333333334
6,"Ferrari","1992-03-01 00:00:00.000000000",0,-1
6,"Ferrari","1992-04-01 00:00:00.000000000",5,\N
6,"Ferrari","1992-05-01 00:00:00.000000000",4,-0.2
6,"Ferrari","1992-06-01 00:00:00.000000000",4,0
6,"Ferrari","1992-07-01 00:00:00.000000000",2,-0.5
6,"Ferrari","1992-08-01 00:00:00.000000000",1,-0.5
6,"Ferrari","1992-09-01 00:00:00.000000000",0,-1
6,"Ferrari","1992-10-01 00:00:00.000000000",2,\N
6,"Ferrari","1992-11-01 00:00:00.000000000",3,0.5
6,"Ferrari","1993-03-01 00:00:00.000000000",1,-0.6666666666666666
6,"Ferrari","1993-04-01 00:00:00.000000000",0,-1
6,"Ferrari","1993-05-01 00:00:00.000000000",5,\N
6,"Ferrari","1993-06-01 00:00:00.000000000",3,-0.4
6,"Ferrari","1993-07-01 00:00:00.000000000",1,-0.6666666666666666
6,"Ferrari","1993-08-01 00:00:00.000000000",4,3
6,"Ferrari","1993-09-01 00:00:00.000000000",9,1.25
6,"Ferrari","1993-10-01 00:00:00.000000000",0,-1
6,"Ferrari","1993-11-01 00:00:00.000000000",5,\N
6,"Ferrari","1994-03-01 00:00:00.000000000",4,-0.2
6,"Ferrari","1994-04-01 00:00:00.000000000",6,0.5
6,"Ferrari","1994-05-01 00:00:00.000000000",15,1.5
6,"Ferrari","1994-06-01 00:00:00.000000000",7,-0.5333333333333333
6,"Ferrari","1994-07-01 00:00:00.000000000",20,1.8571428571428572
6,"Ferrari","1994-08-01 00:00:00.000000000",0,-1
6,"Ferrari","1994-09-01 00:00:00.000000000",6,\N
6,"Ferrari","1994-10-01 00:00:00.000000000",2,-0.6666666666666666
6,"Ferrari","1994-11-01 00:00:00.000000000",11,4.5
6,"Ferrari","1995-03-01 00:00:00.000000000",6,-0.45454545454545453
6,"Ferrari","1995-04-01 00:00:00.000000000",17,1.8333333333333333
6,"Ferrari","1995-05-01 00:00:00.000000000",8,-0.5294117647058824
6,"Ferrari","1995-06-01 00:00:00.000000000",10,0.25
6,"Ferrari","1995-07-01 00:00:00.000000000",12,0.2
6,"Ferrari","1995-08-01 00:00:00.000000000",4,-0.6666666666666666
6,"Ferrari","1995-09-01 00:00:00.000000000",5,0.25
6,"Ferrari","1995-10-01 00:00:00.000000000",11,1.2
6,"Ferrari","1995-11-01 00:00:00.000000000",0,-1
6,"Ferrari","1996-03-01 00:00:00.000000000",8,\N
6,"Ferrari","1996-04-01 00:00:00.000000000",8,0
6,"Ferrari","1996-05-01 00:00:00.000000000",9,0.125
6,"Ferrari","1996-06-01 00:00:00.000000000",10,0.1111111111111111
6,"Ferrari","1996-07-01 00:00:00.000000000",3,-0.7
6,"Ferrari","1996-08-01 00:00:00.000000000",10,2.3333333333333335
6,"Ferrari","1996-09-01 00:00:00.000000000",16,0.6
6,"Ferrari","1996-10-01 00:00:00.000000000",6,-0.625
6,"Ferrari","1997-03-01 00:00:00.000000000",8,0.3333333333333333
6,"Ferrari","1997-04-01 00:00:00.000000000",16,1
6,"Ferrari","1997-05-01 00:00:00.000000000",17,0.0625
6,"Ferrari","1997-06-01 00:00:00.000000000",24,0.4117647058823529
6,"Ferrari","1997-07-01 00:00:00.000000000",6,-0.75
6,"Ferrari","1997-08-01 00:00:00.000000000",13,1.1666666666666667
6,"Ferrari","1997-09-01 00:00:00.000000000",2,-0.8461538461538461
6,"Ferrari","1997-10-01 00:00:00.000000000",16,7
6,"Ferrari","1998-03-01 00:00:00.000000000",7,-0.5625
6,"Ferrari","1998-04-01 00:00:00.000000000",24,2.4285714285714284
6,"Ferrari","1998-05-01 00:00:00.000000000",8,-0.6666666666666666
6,"Ferrari","1998-06-01 00:00:00.000000000",30,2.75
6,"Ferrari","1998-07-01 00:00:00.000000000",21,-0.3
6,"Ferrari","1998-08-01 00:00:00.000000000",12,-0.42857142857142855
6,"Ferrari","1998-09-01 00:00:00.000000000",25,1.0833333333333333
6,"Ferrari","1998-11-01 00:00:00.000000000",6,-0.76
6,"Ferrari","1999-03-01 00:00:00.000000000",10,0.6666666666666666
6,"Ferrari","1999-04-01 00:00:00.000000000",8,-0.2
6,"Ferrari","1999-05-01 00:00:00.000000000",33,3.125
6,"Ferrari","1999-06-01 00:00:00.000000000",7,-0.7878787878787878
6,"Ferrari","1999-07-01 00:00:00.000000000",16,1.2857142857142858
6,"Ferrari","1999-08-01 00:00:00.000000000",23,0.4375
6,"Ferrari","1999-09-01 00:00:00.000000000",5,-0.782608695652174
6,"Ferrari","1999-10-01 00:00:00.000000000",26,4.2
6,"Ferrari","2000-03-01 00:00:00.000000000",26,0
6,"Ferrari","2000-04-01 00:00:00.000000000",17,-0.34615384615384615
6,"Ferrari","2000-05-01 00:00:00.000000000",19,0.11764705882352941
6,"Ferrari","2000-06-01 00:00:00.000000000",22,0.15789473684210525
6,"Ferrari","2000-07-01 00:00:00.000000000",18,-0.18181818181818182
6,"Ferrari","2000-08-01 00:00:00.000000000",15,-0.16666666666666666
6,"Ferrari","2000-09-01 00:00:00.000000000",26,0.7333333333333333
6,"Ferrari","2000-10-01 00:00:00.000000000",27,0.038461538461538464
6,"Ferrari","2001-03-01 00:00:00.000000000",30,0.1111111111111111
6,"Ferrari","2001-04-01 00:00:00.000000000",20,-0.3333333333333333
6,"Ferrari","2001-05-01 00:00:00.000000000",26,0.3
6,"Ferrari","2001-06-01 00:00:00.000000000",18,-0.3076923076923077
6,"Ferrari","2001-07-01 00:00:00.000000000",30,0.6666666666666666
6,"Ferrari","2001-08-01 00:00:00.000000000",16,-0.4666666666666667
6,"Ferrari","2001-09-01 00:00:00.000000000",27,0.6875
6,"Ferrari","2001-10-01 00:00:00.000000000",12,-0.5555555555555556
6,"Ferrari","2002-03-01 00:00:00.000000000",24,1
6,"Ferrari","2002-04-01 00:00:00.000000000",26,0.08333333333333333
6,"Ferrari","2002-05-01 00:00:00.000000000",22,-0.15384615384615385
6,"Ferrari","2002-06-01 00:00:00.000000000",30,0.36363636363636365
6,"Ferrari","2002-07-01 00:00:00.000000000",39,0.3
6,"Ferrari","2002-08-01 00:00:00.000000000",16,-0.5897435897435898
6,"Ferrari","2002-09-01 00:00:00.000000000",48,2
6,"Ferrari","2002-10-01 00:00:00.000000000",16,-0.6666666666666666
6,"Ferrari","2003-03-01 00:00:00.000000000",16,0
6,"Ferrari","2003-04-01 00:00:00.000000000",16,0
6,"Ferrari","2003-05-01 00:00:00.000000000",32,1
6,"Ferrari","2003-06-01 00:00:00.000000000",31,-0.03125
6,"Ferrari","2003-07-01 00:00:00.000000000",23,-0.25806451612903225
6,"Ferrari","2003-08-01 00:00:00.000000000",3,-0.8695652173913043
6,"Ferrari","2003-09-01 00:00:00.000000000",26,7.666666666666667
6,"Ferrari","2003-10-01 00:00:00.000000000",11,-0.5769230769230769
6,"Ferrari","2004-03-01 00:00:00.000000000",33,2
6,"Ferrari","2004-04-01 00:00:00.000000000",31,-0.06060606060606061
6,"Ferrari","2004-05-01 00:00:00.000000000",42,0.3548387096774194
6,"Ferrari","2004-06-01 00:00:00.000000000",36,-0.14285714285714285
6,"Ferrari","2004-07-01 00:00:00.000000000",42,0.16666666666666666
6,"Ferrari","2004-08-01 00:00:00.000000000",32,-0.23809523809523808
6,"Ferrari","2004-09-01 00:00:00.000000000",28,-0.125
6,"Ferrari","2004-10-01 00:00:00.000000000",18,-0.35714285714285715
6,"Ferrari","2005-03-01 00:00:00.000000000",10,-0.4444444444444444
6,"Ferrari","2005-04-01 00:00:00.000000000",8,-0.2
6,"Ferrari","2005-05-01 00:00:00.000000000",13,0.625
6,"Ferrari","2005-06-01 00:00:00.000000000",32,1.4615384615384615
6,"Ferrari","2005-07-01 00:00:00.000000000",23,-0.28125
6,"Ferrari","2005-08-01 00:00:00.000000000",0,-1
6,"Ferrari","2005-09-01 00:00:00.000000000",12,\N
6,"Ferrari","2005-10-01 00:00:00.000000000",2,-0.8333333333333334
6,"Ferrari","2006-03-01 00:00:00.000000000",15,6.5
6,"Ferrari","2006-04-01 00:00:00.000000000",15,0
6,"Ferrari","2006-05-01 00:00:00.000000000",33,1.2
6,"Ferrari","2006-06-01 00:00:00.000000000",24,-0.2727272727272727
6,"Ferrari","2006-07-01 00:00:00.000000000",52,1.1666666666666667
6,"Ferrari","2006-08-01 00:00:00.000000000",19,-0.6346153846153846
6,"Ferrari","2006-09-01 00:00:00.000000000",10,-0.47368421052631576
6,"Ferrari","2006-10-01 00:00:00.000000000",33,2.3
6,"Ferrari","2007-03-01 00:00:00.000000000",13,-0.6060606060606061
6,"Ferrari","2007-04-01 00:00:00.000000000",26,1
6,"Ferrari","2007-05-01 00:00:00.000000000",17,-0.34615384615384615
6,"Ferrari","2007-06-01 00:00:00.000000000",15,-0.11764705882352941
6,"Ferrari","2007-07-01 00:00:00.000000000",40,1.6666666666666667
6,"Ferrari","2007-08-01 00:00:00.000000000",26,-0.35
6,"Ferrari","2007-09-01 00:00:00.000000000",33,0.2692307692307692
6,"Ferrari","2007-10-01 00:00:00.000000000",34,0.030303030303030304
6,"Ferrari","2008-03-01 00:00:00.000000000",11,-0.6764705882352942
6,"Ferrari","2008-04-01 00:00:00.000000000",36,2.272727272727273
6,"Ferrari","2008-05-01 00:00:00.000000000",22,-0.3888888888888889
6,"Ferrari","2008-06-01 00:00:00.000000000",22,0
6,"Ferrari","2008-07-01 00:00:00.000000000",14,-0.36363636363636365
6,"Ferrari","2008-08-01 00:00:00.000000000",16,0.14285714285714285
6,"Ferrari","2008-09-01 00:00:00.000000000",13,-0.1875
6,"Ferrari","2008-10-01 00:00:00.000000000",22,0.6923076923076923
6,"Ferrari","2008-11-01 00:00:00.000000000",16,-0.2727272727272727
6,"Ferrari","2009-03-01 00:00:00.000000000",0,-1
6,"Ferrari","2009-04-01 00:00:00.000000000",3,\N
6,"Ferrari","2009-05-01 00:00:00.000000000",14,3.6666666666666665
6,"Ferrari","2009-06-01 00:00:00.000000000",9,-0.35714285714285715
6,"Ferrari","2009-07-01 00:00:00.000000000",14,0.5555555555555556
6,"Ferrari","2009-08-01 00:00:00.000000000",16,0.14285714285714285
6,"Ferrari","2009-09-01 00:00:00.000000000",6,-0.625
6,"Ferrari","2009-10-01 00:00:00.000000000",8,0.3333333333333333
6,"Ferrari","2009-11-01 00:00:00.000000000",0,-1
6,"Ferrari","2010-03-01 00:00:00.000000000",70,\N
6,"Ferrari","2010-04-01 00:00:00.000000000",20,-0.7142857142857143
6,"Ferrari","2010-05-01 00:00:00.000000000",56,1.8
6,"Ferrari","2010-06-01 00:00:00.000000000",19,-0.6607142857142857
6,"Ferrari","2010-07-01 00:00:00.000000000",43,1.263157894736842
6,"Ferrari","2010-08-01 00:00:00.000000000",42,-0.023255813953488372
6,"Ferrari","2010-09-01 00:00:00.000000000",69,0.6428571428571429
6,"Ferrari","2010-10-01 00:00:00.000000000",55,-0.2028985507246377
6,"Ferrari","2010-11-01 00:00:00.000000000",22,-0.6
6,"Ferrari","2011-03-01 00:00:00.000000000",18,-0.18181818181818182
6,"Ferrari","2011-04-01 00:00:00.000000000",32,0.7777777777777778
6,"Ferrari","2011-05-01 00:00:00.000000000",43,0.34375
6,"Ferrari","2011-06-01 00:00:00.000000000",36,-0.16279069767441862
6,"Ferrari","2011-07-01 00:00:00.000000000",86,1.3888888888888888
6,"Ferrari","2011-08-01 00:00:00.000000000",16,-0.813953488372093
6,"Ferrari","2011-09-01 00:00:00.000000000",37,1.3125
6,"Ferrari","2011-10-01 00:00:00.000000000",57,0.5405405405405406
6,"Ferrari","2011-11-01 00:00:00.000000000",50,-0.12280701754385964
6,"Ferrari","2012-03-01 00:00:00.000000000",35,-0.3
6,"Ferrari","2012-04-01 00:00:00.000000000",10,-0.7142857142857143
6,"Ferrari","2012-05-01 00:00:00.000000000",41,3.1
6,"Ferrari","2012-06-01 00:00:00.000000000",36,-0.12195121951219512
6,"Ferrari","2012-07-01 00:00:00.000000000",67,0.8611111111111112
6,"Ferrari","2012-09-01 00:00:00.000000000",56,-0.16417910447761194
6,"Ferrari","2012-10-01 00:00:00.000000000",71,0.26785714285714285
6,"Ferrari","2012-11-01 00:00:00.000000000",84,0.18309859154929578
6,"Ferrari","2013-03-01 00:00:00.000000000",40,-0.5238095238095238
6,"Ferrari","2013-04-01 00:00:00.000000000",37,-0.075
6,"Ferrari","2013-05-01 00:00:00.000000000",46,0.24324324324324326
6,"Ferrari","2013-06-01 00:00:00.000000000",45,-0.021739130434782608
6,"Ferrari","2013-07-01 00:00:00.000000000",26,-0.4222222222222222
6,"Ferrari","2013-08-01 00:00:00.000000000",24,-0.07692307692307693
6,"Ferrari","2013-09-01 00:00:00.000000000",56,1.3333333333333333
6,"Ferrari","2013-10-01 00:00:00.000000000",35,-0.375
6,"Ferrari","2013-11-01 00:00:00.000000000",45,0.2857142857142857
6,"Ferrari","2014-03-01 00:00:00.000000000",30,-0.3333333333333333
6,"Ferrari","2014-04-01 00:00:00.000000000",22,-0.26666666666666666
6,"Ferrari","2014-05-01 00:00:00.000000000",26,0.18181818181818182
6,"Ferrari","2014-06-01 00:00:00.000000000",20,-0.23076923076923078
6,"Ferrari","2014-07-01 00:00:00.000000000",44,1.2
6,"Ferrari","2014-08-01 00:00:00.000000000",18,-0.5909090909090909
6,"Ferrari","2014-09-01 00:00:00.000000000",18,0
6,"Ferrari","2014-10-01 00:00:00.000000000",10,-0.4444444444444444
6,"Ferrari","2014-11-01 00:00:00.000000000",28,1.8
6,"Ferrari","2015-03-01 00:00:00.000000000",52,0.8571428571428571
6,"Ferrari","2015-04-01 00:00:00.000000000",55,0.057692307692307696
6,"Ferrari","2015-05-01 00:00:00.000000000",51,-0.07272727272727272
6,"Ferrari","2015-06-01 00:00:00.000000000",34,-0.3333333333333333
6,"Ferrari","2015-07-01 00:00:00.000000000",44,0.29411764705882354
6,"Ferrari","2015-08-01 00:00:00.000000000",6,-0.8636363636363636
6,"Ferrari","2015-09-01 00:00:00.000000000",95,14.833333333333334
6,"Ferrari","2015-10-01 00:00:00.000000000",37,-0.6105263157894737
6,"Ferrari","2015-11-01 00:00:00.000000000",54,0.4594594594594595
6,"Ferrari","2016-03-01 00:00:00.000000000",15,-0.7222222222222222
6,"Ferrari","2016-04-01 00:00:00.000000000",46,2.066666666666667
6,"Ferrari","2016-05-01 00:00:00.000000000",60,0.30434782608695654
6,"Ferrari","2016-06-01 00:00:00.000000000",56,-0.06666666666666667
6,"Ferrari","2016-07-01 00:00:00.000000000",65,0.16071428571428573
6,"Ferrari","2016-08-01 00:00:00.000000000",10,-0.8461538461538461
6,"Ferrari","2016-09-01 00:00:00.000000000",49,3.9
6,"Ferrari","2016-10-01 00:00:00.000000000",64,0.30612244897959184
6,"Ferrari","2016-11-01 00:00:00.000000000",33,-0.484375
6,"Ferrari","2017-03-01 00:00:00.000000000",37,0.12121212121212122
6,"Ferrari","2017-04-01 00:00:00.000000000",98,1.6486486486486487
6,"Ferrari","2017-05-01 00:00:00.000000000",61,-0.37755102040816324
6,"Ferrari","2017-06-01 00:00:00.000000000",30,-0.5081967213114754
6,"Ferrari","2017-07-01 00:00:00.000000000",92,2.066666666666667
6,"Ferrari","2017-08-01 00:00:00.000000000",30,-0.6739130434782609
6,"Ferrari","2017-09-01 00:00:00.000000000",25,-0.16666666666666666
6,"Ferrari","2017-10-01 00:00:00.000000000",82,2.28
6,"Ferrari","2017-11-01 00:00:00.000000000",67,-0.18292682926829268
6,"Ferrari","2018-03-01 00:00:00.000000000",40,-0.40298507462686567
6,"Ferrari","2018-04-01 00:00:00.000000000",74,0.85
6,"Ferrari","2018-05-01 00:00:00.000000000",42,-0.43243243243243246
6,"Ferrari","2018-06-01 00:00:00.000000000",58,0.38095238095238093
6,"Ferrari","2018-07-01 00:00:00.000000000",121,1.0862068965517242
6,"Ferrari","2018-08-01 00:00:00.000000000",25,-0.7933884297520661
6,"Ferrari","2018-09-01 00:00:00.000000000",82,2.28
6,"Ferrari","2018-10-01 00:00:00.000000000",88,0.07317073170731707
6,"Ferrari","2018-11-01 00:00:00.000000000",41,-0.5340909090909091
6,"Ferrari","2019-03-01 00:00:00.000000000",48,0.17073170731707318
6,"Ferrari","2019-04-01 00:00:00.000000000",51,0.0625
6,"Ferrari","2019-05-01 00:00:00.000000000",40,-0.21568627450980393
6,"Ferrari","2019-06-01 00:00:00.000000000",89,1.225
6,"Ferrari","2019-07-01 00:00:00.000000000",33,-0.6292134831460674
6,"Ferrari","2019-08-01 00:00:00.000000000",27,-0.18181818181818182
6,"Ferrari","2019-09-01 00:00:00.000000000",121,3.4814814814814814
6,"Ferrari","2019-10-01 00:00:00.000000000",57,-0.5289256198347108
6,"Ferrari","2019-11-01 00:00:00.000000000",13,-0.7719298245614035
6,"Ferrari","2019-12-01 00:00:00.000000000",25,0.9230769230769231
6,"Ferrari","2020-07-01 00:00:00.000000000",27,0.08
6,"Ferrari","2020-08-01 00:00:00.000000000",34,0.25925925925925924
6,"Ferrari","2020-09-01 00:00:00.000000000",13,-0.6176470588235294
6,"Ferrari","2020-10-01 00:00:00.000000000",19,0.46153846153846156
6,"Ferrari","2020-11-01 00:00:00.000000000",38,1
6,"Ferrari","2020-12-01 00:00:00.000000000",0,-1
6,"Ferrari","2021-03-01 00:00:00.000000000",12,\N
6,"Ferrari","2021-04-01 00:00:00.000000000",22,0.8333333333333334
6,"Ferrari","2021-05-01 00:00:00.000000000",44,1
6,"Ferrari","2021-06-01 00:00:00.000000000",30,-0.3181818181818182
6,"Ferrari","2021-07-01 00:00:00.000000000",40,0.3333333333333333
6,"Ferrari","2021-08-01 00:00:00.000000000",17.5,-0.5625
6,"Ferrari","2021-09-01 00:00:00.000000000",51,1.9142857142857144
6,"Ferrari","2021-10-01 00:00:00.000000000",34,-0.3333333333333333
6,"Ferrari","2021-11-01 00:00:00.000000000",47,0.38235294117647056
6,"Ferrari","2021-12-01 00:00:00.000000000",26,-0.44680851063829785
6,"Ferrari","2022-03-01 00:00:00.000000000",78,2
6,"Ferrari","2022-04-01 00:00:00.000000000",46,-0.41025641025641024
6,"Ferrari","2022-05-01 00:00:00.000000000",75,0.6304347826086957
6,"Ferrari","2022-06-01 00:00:00.000000000",29,-0.6133333333333333
6,"Ferrari","2022-07-01 00:00:00.000000000",106,2.6551724137931036
6,"Ferrari","2022-08-01 00:00:00.000000000",23,-0.7830188679245284
6,"Ferrari","2022-09-01 00:00:00.000000000",49,1.1304347826086956
6,"Ferrari","2022-10-01 00:00:00.000000000",81,0.6530612244897959
6,"Ferrari","2022-11-01 00:00:00.000000000",67,-0.1728395061728395
6,"Ferrari","2023-03-01 00:00:00.000000000",26,-0.6119402985074627
6,"Ferrari","2023-04-01 00:00:00.000000000",36,0.38461538461538464
6,"Ferrari","2023-05-01 00:00:00.000000000",28,-0.2222222222222222
6,"Ferrari","2023-06-01 00:00:00.000000000",32,0.14285714285714285
6,"Ferrari","2023-07-01 00:00:00.000000000",69,1.15625
6,"Ferrari","2023-08-01 00:00:00.000000000",10,-0.855072463768116
6,"Ferrari","2023-09-01 00:00:00.000000000",84,7.4
6,"Ferrari","2023-10-01 00:00:00.000000000",64,-0.23809523809523808
6,"Ferrari","2023-11-01 00:00:00.000000000",57,-0.109375
6,"Ferrari","2024-03-01 00:00:00.000000000",93,0.631578947368421
6,"Ferrari","2024-04-01 00:00:00.000000000",58,-0.3763440860215054
6,"Ferrari","2024-05-01 00:00:00.000000000",101,0.7413793103448276
6,"Ferrari","2024-06-01 00:00:00.000000000",39,-0.6138613861386139
6,"Ferrari","2024-07-01 00:00:00.000000000",54,0.38461538461538464
6,"Ferrari","2024-08-01 00:00:00.000000000",25,-0.5370370370370371
6,"Ferrari","2024-09-01 00:00:00.000000000",71,1.84
6,"Ferrari","2024-10-01 00:00:00.000000000",96,0.352112676056338
6,"Ferrari","2024-11-01 00:00:00.000000000",47,-0.5104166666666666
6,"Ferrari","2024-12-01 00:00:00.000000000",68,0.44680851063829785
6,"Ferrari","2025-03-01 00:00:00.000000000",5,-0.9264705882352942
6,"Ferrari","2025-04-01 00:00:00.000000000",61,11.2
6,"Ferrari","2025-05-01 00:00:00.000000000",58,-0.04918032786885246
6,"Ferrari","2025-06-01 00:00:00.000000000",68,0.1724137931034483
6,"Ferrari","2025-07-01 00:00:00.000000000",33,-0.5147058823529411
6,"Ferrari","2025-08-01 00:00:00.000000000",12,-0.6363636363636364
7,"Toyota","2002-03-01 00:00:00.000000000",2,\N
7,"Toyota","2002-04-01 00:00:00.000000000",0,-1
7,"Toyota","2002-05-01 00:00:00.000000000",0,\N
7,"Toyota","2002-06-01 00:00:00.000000000",0,\N
7,"Toyota","2002-07-01 00:00:00.000000000",0,\N
7,"Toyota","2002-08-01 00:00:00.000000000",0,\N
7,"Toyota","2002-09-01 00:00:00.000000000",0,\N
7,"Toyota","2002-10-01 00:00:00.000000000",0,\N
7,"Toyota","2003-03-01 00:00:00.000000000",0,\N
7,"Toyota","2003-04-01 00:00:00.000000000",0,\N
7,"Toyota","2003-05-01 00:00:00.000000000",3,\N
7,"Toyota","2003-06-01 00:00:00.000000000",1,-0.6666666666666666
7,"Toyota","2003-07-01 00:00:00.000000000",3,2
7,"Toyota","2003-08-01 00:00:00.000000000",7,1.3333333333333333
7,"Toyota","2003-09-01 00:00:00.000000000",0,-1
7,"Toyota","2003-10-01 00:00:00.000000000",2,\N
7,"Toyota","2004-03-01 00:00:00.000000000",0,-1
7,"Toyota","2004-04-01 00:00:00.000000000",0,\N
7,"Toyota","2004-05-01 00:00:00.000000000",4,\N
7,"Toyota","2004-06-01 00:00:00.000000000",4,0
7,"Toyota","2004-07-01 00:00:00.000000000",0,-1
7,"Toyota","2004-08-01 00:00:00.000000000",1,\N
7,"Toyota","2004-09-01 00:00:00.000000000",0,-1
7,"Toyota","2004-10-01 00:00:00.000000000",0,\N
7,"Toyota","2005-03-01 00:00:00.000000000",12,\N
7,"Toyota","2005-04-01 00:00:00.000000000",17,0.4166666666666667
7,"Toyota","2005-05-01 00:00:00.000000000",15,-0.11764705882352941
7,"Toyota","2005-06-01 00:00:00.000000000",3,-0.8
7,"Toyota","2005-07-01 00:00:00.000000000",21,6
7,"Toyota","2005-08-01 00:00:00.000000000",3,-0.8571428571428571
7,"Toyota","2005-09-01 00:00:00.000000000",10,2.3333333333333335
7,"Toyota","2005-10-01 00:00:00.000000000",7,-0.3
7,"Toyota","2006-03-01 00:00:00.000000000",1,-0.8571428571428571
7,"Toyota","2006-04-01 00:00:00.000000000",6,5
7,"Toyota","2006-05-01 00:00:00.000000000",1,-0.8333333333333334
7,"Toyota","2006-06-01 00:00:00.000000000",3,2
7,"Toyota","2006-07-01 00:00:00.000000000",12,3
7,"Toyota","2006-08-01 00:00:00.000000000",5,-0.5833333333333334
7,"Toyota","2006-09-01 00:00:00.000000000",2,-0.6
7,"Toyota","2006-10-01 00:00:00.000000000",5,1.5
7,"Toyota","2007-03-01 00:00:00.000000000",1,-0.8
7,"Toyota","2007-04-01 00:00:00.000000000",4,3
7,"Toyota","2007-05-01 00:00:00.000000000",0,-1
7,"Toyota","2007-06-01 00:00:00.000000000",4,\N
7,"Toyota","2007-07-01 00:00:00.000000000",0,-1
7,"Toyota","2007-08-01 00:00:00.000000000",3,\N
7,"Toyota","2007-09-01 00:00:00.000000000",0,-1
7,"Toyota","2007-10-01 00:00:00.000000000",1,\N
7,"Toyota","2008-03-01 00:00:00.000000000",5,4
7,"Toyota","2008-04-01 00:00:00.000000000",4,-0.2
7,"Toyota","2008-05-01 00:00:00.000000000",0,-1
7,"Toyota","2008-06-01 00:00:00.000000000",14,\N
7,"Toyota","2008-07-01 00:00:00.000000000",2,-0.8571428571428571
7,"Toyota","2008-08-01 00:00:00.000000000",16,7
7,"Toyota","2008-09-01 00:00:00.000000000",5,-0.6875
7,"Toyota","2008-10-01 00:00:00.000000000",6,0.2
7,"Toyota","2008-11-01 00:00:00.000000000",4,-0.3333333333333333
7,"Toyota","2009-03-01 00:00:00.000000000",11,1.75
7,"Toyota","2009-04-01 00:00:00.000000000",15.5,0.4090909090909091
7,"Toyota","2009-05-01 00:00:00.000000000",0,-1
7,"Toyota","2009-06-01 00:00:00.000000000",8,\N
7,"Toyota","2009-07-01 00:00:00.000000000",4,-0.5
7,"Toyota","2009-08-01 00:00:00.000000000",0,-1
7,"Toyota","2009-09-01 00:00:00.000000000",8,\N
7,"Toyota","2009-10-01 00:00:00.000000000",8,0
7,"Toyota","2009-11-01 00:00:00.000000000",5,-0.375
8,"Super Aguri","2006-03-01 00:00:00.000000000",0,\N
8,"Super Aguri","2006-04-01 00:00:00.000000000",0,\N
8,"Super Aguri","2006-05-01 00:00:00.000000000",0,\N
8,"Super Aguri","2006-06-01 00:00:00.000000000",0,\N
8,"Super Aguri","2006-07-01 00:00:00.000000000",0,\N
8,"Super Aguri","2006-08-01 00:00:00.000000000",0,\N
8,"Super Aguri","2006-09-01 00:00:00.000000000",0,\N
8,"Super Aguri","2006-10-01 00:00:00.000000000",0,\N
8,"Super Aguri","2007-03-01 00:00:00.000000000",0,\N
8,"Super Aguri","2007-04-01 00:00:00.000000000",0,\N
8,"Super Aguri","2007-05-01 00:00:00.000000000",1,\N
8,"Super Aguri","2007-06-01 00:00:00.000000000",3,2
8,"Super Aguri","2007-07-01 00:00:00.000000000",0,-1
8,"Super Aguri","2007-08-01 00:00:00.000000000",0,\N
8,"Super Aguri","2007-09-01 00:00:00.000000000",0,\N
8,"Super Aguri","2007-10-01 00:00:00.000000000",0,\N
8,"Super Aguri","2008-03-01 00:00:00.000000000",0,\N
8,"Super Aguri","2008-04-01 00:00:00.000000000",0,\N
9,"Red Bull","2005-03-01 00:00:00.000000000",11,\N
9,"Red Bull","2005-04-01 00:00:00.000000000",2,-0.8181818181818182
9,"Red Bull","2005-05-01 00:00:00.000000000",6,2
9,"Red Bull","2005-06-01 00:00:00.000000000",3,-0.5
9,"Red Bull","2005-07-01 00:00:00.000000000",2,-0.3333333333333333
9,"Red Bull","2005-08-01 00:00:00.000000000",3,0.5
9,"Red Bull","2005-09-01 00:00:00.000000000",0,-1
9,"Red Bull","2005-10-01 00:00:00.000000000",7,\N
9,"Red Bull","2006-03-01 00:00:00.000000000",1,-0.8571428571428571
9,"Red Bull","2006-04-01 00:00:00.000000000",1,0
9,"Red Bull","2006-05-01 00:00:00.000000000",6,5
9,"Red Bull","2006-06-01 00:00:00.000000000",1,-0.8333333333333334
9,"Red Bull","2006-07-01 00:00:00.000000000",3,2
9,"Red Bull","2006-08-01 00:00:00.000000000",4,0.3333333333333333
9,"Red Bull","2006-09-01 00:00:00.000000000",0,-1
9,"Red Bull","2006-10-01 00:00:00.000000000",0,\N
9,"Red Bull","2007-03-01 00:00:00.000000000",0,\N
9,"Red Bull","2007-04-01 00:00:00.000000000",0,\N
9,"Red Bull","2007-05-01 00:00:00.000000000",4,\N
9,"Red Bull","2007-06-01 00:00:00.000000000",2,-0.5
9,"Red Bull","2007-07-01 00:00:00.000000000",10,4
9,"Red Bull","2007-08-01 00:00:00.000000000",0,-1
9,"Red Bull","2007-09-01 00:00:00.000000000",7,\N
9,"Red Bull","2007-10-01 00:00:00.000000000",1,-0.8571428571428571
9,"Red Bull","2008-03-01 00:00:00.000000000",2,1
9,"Red Bull","2008-04-01 00:00:00.000000000",6,2
9,"Red Bull","2008-05-01 00:00:00.000000000",7,0.16666666666666666
9,"Red Bull","2008-06-01 00:00:00.000000000",9,0.2857142857142857
9,"Red Bull","2008-07-01 00:00:00.000000000",0,-1
9,"Red Bull","2008-08-01 00:00:00.000000000",0,\N
9,"Red Bull","2008-09-01 00:00:00.000000000",4,\N
9,"Red Bull","2008-10-01 00:00:00.000000000",1,-0.75
9,"Red Bull","2008-11-01 00:00:00.000000000",0,-1
9,"Red Bull","2009-03-01 00:00:00.000000000",0,\N
9,"Red Bull","2009-04-01 00:00:00.000000000",27.5,\N
9,"Red Bull","2009-05-01 00:00:00.000000000",15,-0.45454545454545453
9,"Red Bull","2009-06-01 00:00:00.000000000",32,1.1333333333333333
9,"Red Bull","2009-07-01 00:00:00.000000000",24,-0.25
9,"Red Bull","2009-08-01 00:00:00.000000000",6,-0.75
9,"Red Bull","2009-09-01 00:00:00.000000000",6,0
9,"Red Bull","2009-10-01 00:00:00.000000000",25,3.1666666666666665
9,"Red Bull","2009-11-01 00:00:00.000000000",18,-0.28
9,"Red Bull","2010-03-01 00:00:00.000000000",18,0
9,"Red Bull","2010-04-01 00:00:00.000000000",55,2.0555555555555554
9,"Red Bull","2010-05-01 00:00:00.000000000",98,0.7818181818181819
9,"Red Bull","2010-06-01 00:00:00.000000000",47,-0.5204081632653061
9,"Red Bull","2010-07-01 00:00:00.000000000",54,0.14893617021276595
9,"Red Bull","2010-08-01 00:00:00.000000000",58,0.07407407407407407
9,"Red Bull","2010-09-01 00:00:00.000000000",53,-0.08620689655172414
9,"Red Bull","2010-10-01 00:00:00.000000000",43,-0.18867924528301888
9,"Red Bull","2010-11-01 00:00:00.000000000",72,0.6744186046511628
9,"Red Bull","2011-03-01 00:00:00.000000000",35,-0.5138888888888888
9,"Red Bull","2011-04-01 00:00:00.000000000",70,1
9,"Red Bull","2011-05-01 00:00:00.000000000",117,0.6714285714285714
9,"Red Bull","2011-06-01 00:00:00.000000000",73,-0.37606837606837606
9,"Red Bull","2011-07-01 00:00:00.000000000",88,0.2054794520547945
9,"Red Bull","2011-08-01 00:00:00.000000000",43,-0.5113636363636364
9,"Red Bull","2011-09-01 00:00:00.000000000",65,0.5116279069767442
9,"Red Bull","2011-10-01 00:00:00.000000000",104,0.6
9,"Red Bull","2011-11-01 00:00:00.000000000",55,-0.47115384615384615
9,"Red Bull","2012-03-01 00:00:00.000000000",42,-0.23636363636363636
9,"Red Bull","2012-04-01 00:00:00.000000000",59,0.40476190476190477
9,"Red Bull","2012-05-01 00:00:00.000000000",45,-0.23728813559322035
9,"Red Bull","2012-06-01 00:00:00.000000000",30,-0.3333333333333333
9,"Red Bull","2012-07-01 00:00:00.000000000",70,1.3333333333333333
9,"Red Bull","2012-09-01 00:00:00.000000000",51,-0.2714285714285714
9,"Red Bull","2012-10-01 00:00:00.000000000",110,1.1568627450980393
9,"Red Bull","2012-11-01 00:00:00.000000000",53,-0.5181818181818182
9,"Red Bull","2013-03-01 00:00:00.000000000",66,0.24528301886792453
9,"Red Bull","2013-04-01 00:00:00.000000000",43,-0.3484848484848485
9,"Red Bull","2013-05-01 00:00:00.000000000",55,0.27906976744186046
9,"Red Bull","2013-06-01 00:00:00.000000000",55,0
9,"Red Bull","2013-07-01 00:00:00.000000000",58,0.05454545454545454
9,"Red Bull","2013-08-01 00:00:00.000000000",35,-0.39655172413793105
9,"Red Bull","2013-09-01 00:00:00.000000000",65,0.8571428571428571
9,"Red Bull","2013-10-01 00:00:00.000000000",93,0.4307692307692308
9,"Red Bull","2013-11-01 00:00:00.000000000",126,0.3548387096774194
9,"Red Bull","2014-03-01 00:00:00.000000000",15,-0.8809523809523809
9,"Red Bull","2014-04-01 00:00:00.000000000",42,1.8
9,"Red Bull","2014-05-01 00:00:00.000000000",42,0
9,"Red Bull","2014-06-01 00:00:00.000000000",44,0.047619047619047616
9,"Red Bull","2014-07-01 00:00:00.000000000",76,0.7272727272727273
9,"Red Bull","2014-08-01 00:00:00.000000000",35,-0.5394736842105263
9,"Red Bull","2014-09-01 00:00:00.000000000",51,0.45714285714285713
9,"Red Bull","2014-10-01 00:00:00.000000000",37,-0.27450980392156865
9,"Red Bull","2014-11-01 00:00:00.000000000",63,0.7027027027027027
9,"Red Bull","2015-03-01 00:00:00.000000000",11,-0.8253968253968254
9,"Red Bull","2015-04-01 00:00:00.000000000",12,0.09090909090909091
9,"Red Bull","2015-05-01 00:00:00.000000000",29,1.4166666666666667
9,"Red Bull","2015-06-01 00:00:00.000000000",3,-0.896551724137931
9,"Red Bull","2015-07-01 00:00:00.000000000",41,12.666666666666666
9,"Red Bull","2015-08-01 00:00:00.000000000",12,-0.7073170731707317
9,"Red Bull","2015-09-01 00:00:00.000000000",31,1.5833333333333333
9,"Red Bull","2015-10-01 00:00:00.000000000",11,-0.6451612903225806
9,"Red Bull","2015-11-01 00:00:00.000000000",37,2.3636363636363638
9,"Red Bull","2016-03-01 00:00:00.000000000",12,-0.6756756756756757
9,"Red Bull","2016-04-01 00:00:00.000000000",45,2.75
9,"Red Bull","2016-05-01 00:00:00.000000000",55,0.2222222222222222
9,"Red Bull","2016-06-01 00:00:00.000000000",28,-0.4909090909090909
9,"Red Bull","2016-07-01 00:00:00.000000000",116,3.142857142857143
9,"Red Bull","2016-08-01 00:00:00.000000000",18,-0.8448275862068966
9,"Red Bull","2016-09-01 00:00:00.000000000",42,1.3333333333333333
9,"Red Bull","2016-10-01 00:00:00.000000000",111,1.6428571428571428
9,"Red Bull","2016-11-01 00:00:00.000000000",41,-0.6306306306306306
9,"Red Bull","2017-03-01 00:00:00.000000000",10,-0.7560975609756098
9,"Red Bull","2017-04-01 00:00:00.000000000",47,3.7
9,"Red Bull","2017-05-01 00:00:00.000000000",40,-0.14893617021276595
9,"Red Bull","2017-06-01 00:00:00.000000000",40,0
9,"Red Bull","2017-07-01 00:00:00.000000000",47,0.175
9,"Red Bull","2017-08-01 00:00:00.000000000",15,-0.6808510638297872
9,"Red Bull","2017-09-01 00:00:00.000000000",31,1.0666666666666667
9,"Red Bull","2017-10-01 00:00:00.000000000",110,2.5483870967741935
9,"Red Bull","2017-11-01 00:00:00.000000000",28,-0.7454545454545455
9,"Red Bull","2018-03-01 00:00:00.000000000",20,-0.2857142857142857
9,"Red Bull","2018-04-01 00:00:00.000000000",35,0.75
9,"Red Bull","2018-05-01 00:00:00.000000000",52,0.4857142857142857
9,"Red Bull","2018-06-01 00:00:00.000000000",57,0.09615384615384616
9,"Red Bull","2018-07-01 00:00:00.000000000",59,0.03508771929824561
9,"Red Bull","2018-08-01 00:00:00.000000000",15,-0.7457627118644068
9,"Red Bull","2018-09-01 00:00:00.000000000",54,2.6
9,"Red Bull","2018-10-01 00:00:00.000000000",70,0.2962962962962963
9,"Red Bull","2018-11-01 00:00:00.000000000",57,-0.18571428571428572
9,"Red Bull","2019-03-01 00:00:00.000000000",31,-0.45614035087719296
9,"Red Bull","2019-04-01 00:00:00.000000000",33,0.06451612903225806
9,"Red Bull","2019-05-01 00:00:00.000000000",46,0.3939393939393939
9,"Red Bull","2019-06-01 00:00:00.000000000",59,0.2826086956521739
9,"Red Bull","2019-07-01 00:00:00.000000000",48,-0.1864406779661017
9,"Red Bull","2019-08-01 00:00:00.000000000",27,-0.4375
9,"Red Bull","2019-09-01 00:00:00.000000000",67,1.4814814814814814
9,"Red Bull","2019-10-01 00:00:00.000000000",30,-0.5522388059701493
9,"Red Bull","2019-11-01 00:00:00.000000000",50,0.6666666666666666
9,"Red Bull","2019-12-01 00:00:00.000000000",26,-0.48
9,"Red Bull","2020-07-01 00:00:00.000000000",55,1.1153846153846154
9,"Red Bull","2020-08-01 00:00:00.000000000",103,0.8727272727272727
9,"Red Bull","2020-09-01 00:00:00.000000000",34,-0.6699029126213593
9,"Red Bull","2020-10-01 00:00:00.000000000",34,0
9,"Red Bull","2020-11-01 00:00:00.000000000",48,0.4117647058823529
9,"Red Bull","2020-12-01 00:00:00.000000000",45,-0.0625
9,"Red Bull","2021-03-01 00:00:00.000000000",28,-0.37777777777777777
9,"Red Bull","2021-04-01 00:00:00.000000000",25,-0.10714285714285714
9,"Red Bull","2021-05-01 00:00:00.000000000",96,2.84
9,"Red Bull","2021-06-01 00:00:00.000000000",103,0.07291666666666667
9,"Red Bull","2021-07-01 00:00:00.000000000",37,-0.6407766990291263
9,"Red Bull","2021-08-01 00:00:00.000000000",14.5,-0.6081081081081081
9,"Red Bull","2021-09-01 00:00:00.000000000",61,3.206896551724138
9,"Red Bull","2021-10-01 00:00:00.000000000",73,0.19672131147540983
9,"Red Bull","2021-11-01 00:00:00.000000000",104,0.4246575342465753
9,"Red Bull","2021-12-01 00:00:00.000000000",44,-0.5769230769230769
9,"Red Bull","2022-03-01 00:00:00.000000000",37,-0.1590909090909091
9,"Red Bull","2022-04-01 00:00:00.000000000",76,1.054054054054054
9,"Red Bull","2022-05-01 00:00:00.000000000",122,0.6052631578947368
9,"Red Bull","2022-06-01 00:00:00.000000000",69,-0.4344262295081967
9,"Red Bull","2022-07-01 00:00:00.000000000",127,0.8405797101449275
9,"Red Bull","2022-08-01 00:00:00.000000000",44,-0.6535433070866141
9,"Red Bull","2022-09-01 00:00:00.000000000",70,0.5909090909090909
9,"Red Bull","2022-10-01 00:00:00.000000000",151,1.1571428571428573
9,"Red Bull","2022-11-01 00:00:00.000000000",63,-0.5827814569536424
9,"Red Bull","2023-03-01 00:00:00.000000000",87,0.38095238095238093
9,"Red Bull","2023-04-01 00:00:00.000000000",93,0.06896551724137931
9,"Red Bull","2023-05-01 00:00:00.000000000",69,-0.25806451612903225
9,"Red Bull","2023-06-01 00:00:00.000000000",72,0.043478260869565216
9,"Red Bull","2023-07-01 00:00:00.000000000",182,1.5277777777777777
9,"Red Bull","2023-08-01 00:00:00.000000000",37,-0.7967032967032966
9,"Red Bull","2023-09-01 00:00:00.000000000",83,1.2432432432432432
9,"Red Bull","2023-10-01 00:00:00.000000000",108,0.30120481927710846
9,"Red Bull","2023-11-01 00:00:00.000000000",129,0.19444444444444445
9,"Red Bull","2024-03-01 00:00:00.000000000",97,-0.24806201550387597
9,"Red Bull","2024-04-01 00:00:00.000000000",98,0.010309278350515464
9,"Red Bull","2024-05-01 00:00:00.000000000",81,-0.17346938775510204
9,"Red Bull","2024-06-01 00:00:00.000000000",79,-0.024691358024691357
9,"Red Bull","2024-07-01 00:00:00.000000000",53,-0.3291139240506329
9,"Red Bull","2024-08-01 00:00:00.000000000",26,-0.5094339622641509
9,"Red Bull","2024-09-01 00:00:00.000000000",41,0.5769230769230769
9,"Red Bull","2024-10-01 00:00:00.000000000",37,-0.0975609756097561
9,"Red Bull","2024-11-01 00:00:00.000000000",43,0.16216216216216217
9,"Red Bull","2024-12-01 00:00:00.000000000",34,-0.20930232558139536
9,"Red Bull","2025-03-01 00:00:00.000000000",30,-0.11764705882352941
9,"Red Bull","2025-04-01 00:00:00.000000000",53,0.7666666666666667
9,"Red Bull","2025-05-01 00:00:00.000000000",51,-0.03773584905660377
9,"Red Bull","2025-06-01 00:00:00.000000000",19,-0.6274509803921569
9,"Red Bull","2025-07-01 00:00:00.000000000",22,0.15789473684210525
9,"Red Bull","2025-08-01 00:00:00.000000000",22,0
10,"Force India","2008-03-01 00:00:00.000000000",0,\N
10,"Force India","2008-04-01 00:00:00.000000000",0,\N
10,"Force India","2008-05-01 00:00:00.000000000",0,\N
10,"Force India","2008-06-01 00:00:00.000000000",0,\N
10,"Force India","2008-07-01 00:00:00.000000000",0,\N
10,"Force India","2008-08-01 00:00:00.000000000",0,\N
10,"Force India","2008-09-01 00:00:00.000000000",0,\N
10,"Force India","2008-10-01 00:00:00.000000000",0,\N
10,"Force India","2008-11-01 00:00:00.000000000",0,\N
10,"Force India","2009-03-01 00:00:00.000000000",0,\N
10,"Force India","2009-04-01 00:00:00.000000000",0,\N
10,"Force India","2009-05-01 00:00:00.000000000",0,\N
10,"Force India","2009-06-01 00:00:00.000000000",0,\N
10,"Force India","2009-07-01 00:00:00.000000000",0,\N
10,"Force India","2009-08-01 00:00:00.000000000",8,\N
10,"Force India","2009-09-01 00:00:00.000000000",5,-0.375
10,"Force India","2009-10-01 00:00:00.000000000",0,-1
10,"Force India","2009-11-01 00:00:00.000000000",0,\N
10,"Force India","2010-03-01 00:00:00.000000000",8,\N
10,"Force India","2010-04-01 00:00:00.000000000",10,0.25
10,"Force India","2010-05-01 00:00:00.000000000",14,0.4
10,"Force India","2010-06-01 00:00:00.000000000",11,-0.21428571428571427
10,"Force India","2010-07-01 00:00:00.000000000",4,-0.6363636363636364
10,"Force India","2010-08-01 00:00:00.000000000",11,1.75
10,"Force India","2010-09-01 00:00:00.000000000",2,-0.8181818181818182
10,"Force India","2010-10-01 00:00:00.000000000",8,3
10,"Force India","2010-11-01 00:00:00.000000000",0,-1
10,"Force India","2011-03-01 00:00:00.000000000",3,\N
10,"Force India","2011-04-01 00:00:00.000000000",1,-0.6666666666666666
10,"Force India","2011-05-01 00:00:00.000000000",6,5
10,"Force India","2011-06-01 00:00:00.000000000",2,-0.6666666666666666
10,"Force India","2011-07-01 00:00:00.000000000",14,6
10,"Force India","2011-08-01 00:00:00.000000000",6,-0.5714285714285714
10,"Force India","2011-09-01 00:00:00.000000000",16,1.6666666666666667
10,"Force India","2011-10-01 00:00:00.000000000",3,-0.8125
10,"Force India","2011-11-01 00:00:00.000000000",18,5
10,"Force India","2012-03-01 00:00:00.000000000",9,-0.5
10,"Force India","2012-04-01 00:00:00.000000000",8,-0.1111111111111111
10,"Force India","2012-05-01 00:00:00.000000000",11,0.375
10,"Force India","2012-06-01 00:00:00.000000000",16,0.45454545454545453
10,"Force India","2012-07-01 00:00:00.000000000",2,-0.875
10,"Force India","2012-09-01 00:00:00.000000000",29,13.5
10,"Force India","2012-10-01 00:00:00.000000000",18,-0.3793103448275862
10,"Force India","2012-11-01 00:00:00.000000000",16,-0.1111111111111111
10,"Force India","2013-03-01 00:00:00.000000000",10,-0.375
10,"Force India","2013-04-01 00:00:00.000000000",16,0.6
10,"Force India","2013-05-01 00:00:00.000000000",18,0.125
10,"Force India","2013-06-01 00:00:00.000000000",15,-0.16666666666666666
10,"Force India","2013-07-01 00:00:00.000000000",0,-1
10,"Force India","2013-08-01 00:00:00.000000000",2,\N
10,"Force India","2013-09-01 00:00:00.000000000",1,-0.5
10,"Force India","2013-10-01 00:00:00.000000000",6,5
10,"Force India","2013-11-01 00:00:00.000000000",9,0.5
10,"Force India","2014-03-01 00:00:00.000000000",19,1.1111111111111112
10,"Force India","2014-04-01 00:00:00.000000000",35,0.8421052631578947
10,"Force India","2014-05-01 00:00:00.000000000",13,-0.6285714285714286
10,"Force India","2014-06-01 00:00:00.000000000",20,0.5384615384615384
10,"Force India","2014-07-01 00:00:00.000000000",11,-0.45
10,"Force India","2014-08-01 00:00:00.000000000",5,-0.5454545454545454
10,"Force India","2014-09-01 00:00:00.000000000",14,1.8
10,"Force India","2014-10-01 00:00:00.000000000",6,-0.5714285714285714
10,"Force India","2014-11-01 00:00:00.000000000",32,4.333333333333333
10,"Force India","2015-03-01 00:00:00.000000000",7,-0.78125
10,"Force India","2015-04-01 00:00:00.000000000",4,-0.42857142857142855
10,"Force India","2015-05-01 00:00:00.000000000",6,0.5
10,"Force India","2015-06-01 00:00:00.000000000",14,1.3333333333333333
10,"Force India","2015-07-01 00:00:00.000000000",8,-0.42857142857142855
10,"Force India","2015-08-01 00:00:00.000000000",10,0.25
10,"Force India","2015-09-01 00:00:00.000000000",28,1.8
10,"Force India","2015-10-01 00:00:00.000000000",25,-0.10714285714285714
10,"Force India","2015-11-01 00:00:00.000000000",34,0.36
10,"Force India","2016-03-01 00:00:00.000000000",6,-0.8235294117647058
10,"Force India","2016-04-01 00:00:00.000000000",0,-1
10,"Force India","2016-05-01 00:00:00.000000000",31,\N
10,"Force India","2016-06-01 00:00:00.000000000",22,-0.2903225806451613
10,"Force India","2016-07-01 00:00:00.000000000",22,0
10,"Force India","2016-08-01 00:00:00.000000000",22,0
10,"Force India","2016-09-01 00:00:00.000000000",9,-0.5909090909090909
10,"Force India","2016-10-01 00:00:00.000000000",33,2.6666666666666665
10,"Force India","2016-11-01 00:00:00.000000000",28,-0.15151515151515152
10,"Force India","2017-03-01 00:00:00.000000000",7,-0.75
10,"Force India","2017-04-01 00:00:00.000000000",24,2.4285714285714284
10,"Force India","2017-05-01 00:00:00.000000000",22,-0.08333333333333333
10,"Force India","2017-06-01 00:00:00.000000000",26,0.18181818181818182
10,"Force India","2017-07-01 00:00:00.000000000",22,-0.15384615384615385
10,"Force India","2017-08-01 00:00:00.000000000",2,-0.9090909090909091
10,"Force India","2017-09-01 00:00:00.000000000",21,9.5
10,"Force India","2017-10-01 00:00:00.000000000",51,1.4285714285714286
10,"Force India","2017-11-01 00:00:00.000000000",12,-0.7647058823529411
10,"Force India","2018-03-01 00:00:00.000000000",0,-1
10,"Force India","2018-04-01 00:00:00.000000000",16,\N
10,"Force India","2018-05-01 00:00:00.000000000",10,-0.375
10,"Force India","2018-06-01 00:00:00.000000000",2,-0.8
10,"Force India","2018-07-01 00:00:00.000000000",31,14.5
10,"Force India","2018-08-01 00:00:00.000000000",18,-0.41935483870967744
10,"Force India","2018-09-01 00:00:00.000000000",17,-0.05555555555555555
10,"Force India","2018-10-01 00:00:00.000000000",12,-0.29411764705882354
10,"Force India","2018-11-01 00:00:00.000000000",5,-0.5833333333333334
11,"Honda","1964-08-01 00:00:00.000000000",0,\N
11,"Honda","1964-09-01 00:00:00.000000000",0,\N
11,"Honda","1964-10-01 00:00:00.000000000",0,\N
11,"Honda","1965-05-01 00:00:00.000000000",0,\N
11,"Honda","1965-06-01 00:00:00.000000000",1,\N
11,"Honda","1965-07-01 00:00:00.000000000",1,0
11,"Honda","1965-09-01 00:00:00.000000000",0,-1
11,"Honda","1965-10-01 00:00:00.000000000",9,\N
11,"Honda","1966-09-01 00:00:00.000000000",0,-1
11,"Honda","1966-10-01 00:00:00.000000000",3,\N
11,"Honda","1967-01-01 00:00:00.000000000",4,0.3333333333333333
11,"Honda","1967-05-01 00:00:00.000000000",0,-1
11,"Honda","1967-06-01 00:00:00.000000000",0,\N
11,"Honda","1967-07-01 00:00:00.000000000",1,\N
11,"Honda","1967-08-01 00:00:00.000000000",3,2
11,"Honda","1967-09-01 00:00:00.000000000",9,2
11,"Honda","1967-10-01 00:00:00.000000000",3,-0.6666666666666666
11,"Honda","1968-01-01 00:00:00.000000000",0,-1
11,"Honda","1968-05-01 00:00:00.000000000",0,\N
11,"Honda","1968-06-01 00:00:00.000000000",0,\N
11,"Honda","1968-07-01 00:00:00.000000000",8,\N
11,"Honda","1968-08-01 00:00:00.000000000",0,-1
11,"Honda","1968-09-01 00:00:00.000000000",0,\N
11,"Honda","1968-10-01 00:00:00.000000000",4,\N
11,"Honda","1968-11-01 00:00:00.000000000",2,-0.5
11,"Honda","2006-03-01 00:00:00.000000000",11,4.5
11,"Honda","2006-04-01 00:00:00.000000000",4,-0.6363636363636364
11,"Honda","2006-05-01 00:00:00.000000000",14,2.5
11,"Honda","2006-06-01 00:00:00.000000000",0,-1
11,"Honda","2006-07-01 00:00:00.000000000",8,\N
11,"Honda","2006-08-01 00:00:00.000000000",21,1.625
11,"Honda","2006-09-01 00:00:00.000000000",7,-0.6666666666666666
11,"Honda","2006-10-01 00:00:00.000000000",21,2
11,"Honda","2007-03-01 00:00:00.000000000",0,-1
11,"Honda","2007-04-01 00:00:00.000000000",0,\N
11,"Honda","2007-05-01 00:00:00.000000000",0,\N
11,"Honda","2007-06-01 00:00:00.000000000",0,\N
11,"Honda","2007-07-01 00:00:00.000000000",1,\N
11,"Honda","2007-08-01 00:00:00.000000000",0,-1
11,"Honda","2007-09-01 00:00:00.000000000",1,\N
11,"Honda","2007-10-01 00:00:00.000000000",4,3
11,"Honda","2008-03-01 00:00:00.000000000",0,-1
11,"Honda","2008-04-01 00:00:00.000000000",3,\N
11,"Honda","2008-05-01 00:00:00.000000000",3,0
11,"Honda","2008-06-01 00:00:00.000000000",2,-0.3333333333333333
11,"Honda","2008-07-01 00:00:00.000000000",6,2
11,"Honda","2008-08-01 00:00:00.000000000",0,-1
11,"Honda","2008-09-01 00:00:00.000000000",0,\N
11,"Honda","2008-10-01 00:00:00.000000000",0,\N
11,"Honda","2008-11-01 00:00:00.000000000",0,\N
12,"Spyker","2007-03-01 00:00:00.000000000",0,\N
12,"Spyker","2007-04-01 00:00:00.000000000",0,\N
12,"Spyker","2007-05-01 00:00:00.000000000",0,\N
12,"Spyker","2007-06-01 00:00:00.000000000",0,\N
12,"Spyker","2007-07-01 00:00:00.000000000",0,\N
12,"Spyker","2007-08-01 00:00:00.000000000",0,\N
12,"Spyker","2007-09-01 00:00:00.000000000",1,\N
12,"Spyker","2007-10-01 00:00:00.000000000",0,-1
13,"MF1","2006-03-01 00:00:00.000000000",0,\N
13,"MF1","2006-04-01 00:00:00.000000000",0,\N
13,"MF1","2006-05-01 00:00:00.000000000",0,\N
13,"MF1","2006-06-01 00:00:00.000000000",0,\N
13,"MF1","2006-07-01 00:00:00.000000000",0,\N
13,"MF1","2006-08-01 00:00:00.000000000",0,\N
14,"Spyker MF1","2006-09-01 00:00:00.000000000",0,\N
14,"Spyker MF1","2006-10-01 00:00:00.000000000",0,\N
15,"Sauber","1993-03-01 00:00:00.000000000",2,\N
15,"Sauber","1993-04-01 00:00:00.000000000",3,0.5
15,"Sauber","1993-05-01 00:00:00.000000000",0,-1
15,"Sauber","1993-06-01 00:00:00.000000000",1,\N
15,"Sauber","1993-07-01 00:00:00.000000000",0,-1
15,"Sauber","1993-08-01 00:00:00.000000000",1,\N
15,"Sauber","1993-09-01 00:00:00.000000000",5,4
15,"Sauber","1993-10-01 00:00:00.000000000",0,-1
15,"Sauber","1993-11-01 00:00:00.000000000",0,\N
15,"Sauber","1994-03-01 00:00:00.000000000",1,\N
15,"Sauber","1994-04-01 00:00:00.000000000",2,1
15,"Sauber","1994-05-01 00:00:00.000000000",3,0.5
15,"Sauber","1994-06-01 00:00:00.000000000",0,-1
15,"Sauber","1994-07-01 00:00:00.000000000",4,\N
15,"Sauber","1994-08-01 00:00:00.000000000",0,-1
15,"Sauber","1994-09-01 00:00:00.000000000",0,\N
15,"Sauber","1994-10-01 00:00:00.000000000",1,\N
15,"Sauber","1994-11-01 00:00:00.000000000",1,0
15,"Sauber","1995-03-01 00:00:00.000000000",0,-1
15,"Sauber","1995-04-01 00:00:00.000000000",3,\N
15,"Sauber","1995-05-01 00:00:00.000000000",1,-0.6666666666666666
15,"Sauber","1995-06-01 00:00:00.000000000",0,-1
15,"Sauber","1995-07-01 00:00:00.000000000",3,\N
15,"Sauber","1995-08-01 00:00:00.000000000",5,0.6666666666666666
15,"Sauber","1995-09-01 00:00:00.000000000",6,0.2
15,"Sauber","1995-10-01 00:00:00.000000000",0,-1
15,"Sauber","1995-11-01 00:00:00.000000000",0,\N
15,"Sauber","1996-03-01 00:00:00.000000000",0,\N
15,"Sauber","1996-04-01 00:00:00.000000000",0,\N
15,"Sauber","1996-05-01 00:00:00.000000000",7,\N
15,"Sauber","1996-06-01 00:00:00.000000000",3,-0.5714285714285714
15,"Sauber","1996-07-01 00:00:00.000000000",0,-1
15,"Sauber","1996-08-01 00:00:00.000000000",0,\N
15,"Sauber","1996-09-01 00:00:00.000000000",0,\N
15,"Sauber","1996-10-01 00:00:00.000000000",1,\N
15,"Sauber","1997-03-01 00:00:00.000000000",1,0
15,"Sauber","1997-04-01 00:00:00.000000000",3,2
15,"Sauber","1997-05-01 00:00:00.000000000",2,-0.3333333333333333
15,"Sauber","1997-06-01 00:00:00.000000000",2,0
15,"Sauber","1997-07-01 00:00:00.000000000",0,-1
15,"Sauber","1997-08-01 00:00:00.000000000",7,\N
15,"Sauber","1997-09-01 00:00:00.000000000",0,-1
15,"Sauber","1997-10-01 00:00:00.000000000",1,\N
15,"Sauber","1998-03-01 00:00:00.000000000",1,0
15,"Sauber","1998-04-01 00:00:00.000000000",3,2
15,"Sauber","1998-05-01 00:00:00.000000000",0,-1
15,"Sauber","1998-06-01 00:00:00.000000000",0,\N
15,"Sauber","1998-07-01 00:00:00.000000000",0,\N
15,"Sauber","1998-08-01 00:00:00.000000000",4,\N
15,"Sauber","1998-09-01 00:00:00.000000000",2,-0.5
15,"Sauber","1998-11-01 00:00:00.000000000",0,-1
15,"Sauber","1999-03-01 00:00:00.000000000",0,\N
15,"Sauber","1999-04-01 00:00:00.000000000",0,\N
15,"Sauber","1999-05-01 00:00:00.000000000",1,\N
15,"Sauber","1999-06-01 00:00:00.000000000",1,0
15,"Sauber","1999-07-01 00:00:00.000000000",2,1
15,"Sauber","1999-08-01 00:00:00.000000000",0,-1
15,"Sauber","1999-09-01 00:00:00.000000000",0,\N
15,"Sauber","1999-10-01 00:00:00.000000000",1,\N
15,"Sauber","2000-03-01 00:00:00.000000000",0,-1
15,"Sauber","2000-04-01 00:00:00.000000000",1,\N
15,"Sauber","2000-05-01 00:00:00.000000000",0,-1
15,"Sauber","2000-06-01 00:00:00.000000000",2,\N
15,"Sauber","2000-07-01 00:00:00.000000000",3,0.5
15,"Sauber","2000-08-01 00:00:00.000000000",0,-1
15,"Sauber","2000-09-01 00:00:00.000000000",0,\N
15,"Sauber","2000-10-01 00:00:00.000000000",0,\N
15,"Sauber","2001-03-01 00:00:00.000000000",4,\N
15,"Sauber","2001-04-01 00:00:00.000000000",5,0.25
15,"Sauber","2001-05-01 00:00:00.000000000",3,-0.4
15,"Sauber","2001-06-01 00:00:00.000000000",3,0
15,"Sauber","2001-07-01 00:00:00.000000000",4,0.3333333333333333
15,"Sauber","2001-08-01 00:00:00.000000000",1,-0.75
15,"Sauber","2001-09-01 00:00:00.000000000",1,0
15,"Sauber","2001-10-01 00:00:00.000000000",0,-1
15,"Sauber","2002-03-01 00:00:00.000000000",3,\N
15,"Sauber","2002-04-01 00:00:00.000000000",5,0.6666666666666666
15,"Sauber","2002-05-01 00:00:00.000000000",0,-1
15,"Sauber","2002-06-01 00:00:00.000000000",1,\N
15,"Sauber","2002-07-01 00:00:00.000000000",2,1
15,"Sauber","2002-08-01 00:00:00.000000000",0,-1
15,"Sauber","2002-09-01 00:00:00.000000000",0,\N
15,"Sauber","2002-10-01 00:00:00.000000000",0,\N
15,"Sauber","2003-03-01 00:00:00.000000000",4,\N
15,"Sauber","2003-04-01 00:00:00.000000000",4,0
15,"Sauber","2003-05-01 00:00:00.000000000",0,-1
15,"Sauber","2003-06-01 00:00:00.000000000",1,\N
15,"Sauber","2003-07-01 00:00:00.000000000",0,-1
15,"Sauber","2003-08-01 00:00:00.000000000",0,\N
15,"Sauber","2003-09-01 00:00:00.000000000",10,\N
15,"Sauber","2003-10-01 00:00:00.000000000",0,-1
15,"Sauber","2004-03-01 00:00:00.000000000",1,\N
15,"Sauber","2004-04-01 00:00:00.000000000",0,-1
15,"Sauber","2004-05-01 00:00:00.000000000",9,\N
15,"Sauber","2004-06-01 00:00:00.000000000",5,-0.4444444444444444
15,"Sauber","2004-07-01 00:00:00.000000000",3,-0.4
15,"Sauber","2004-08-01 00:00:00.000000000",10,2.3333333333333335
15,"Sauber","2004-09-01 00:00:00.000000000",4,-0.6
15,"Sauber","2004-10-01 00:00:00.000000000",2,-0.5
15,"Sauber","2005-03-01 00:00:00.000000000",0,-1
15,"Sauber","2005-04-01 00:00:00.000000000",7,\N
15,"Sauber","2005-05-01 00:00:00.000000000",0,-1
15,"Sauber","2005-06-01 00:00:00.000000000",5,\N
15,"Sauber","2005-07-01 00:00:00.000000000",2,-0.6
15,"Sauber","2005-08-01 00:00:00.000000000",0,-1
15,"Sauber","2005-09-01 00:00:00.000000000",3,\N
15,"Sauber","2005-10-01 00:00:00.000000000",3,0
15,"Sauber","2010-03-01 00:00:00.000000000",0,-1
15,"Sauber","2010-04-01 00:00:00.000000000",0,\N
15,"Sauber","2010-05-01 00:00:00.000000000",1,\N
15,"Sauber","2010-06-01 00:00:00.000000000",6,5
15,"Sauber","2010-07-01 00:00:00.000000000",8,0.3333333333333333
15,"Sauber","2010-08-01 00:00:00.000000000",12,0.5
15,"Sauber","2010-09-01 00:00:00.000000000",0,-1
15,"Sauber","2010-10-01 00:00:00.000000000",16,\N
15,"Sauber","2010-11-01 00:00:00.000000000",1,-0.9375
15,"Sauber","2011-03-01 00:00:00.000000000",0,-1
15,"Sauber","2011-04-01 00:00:00.000000000",7,\N
15,"Sauber","2011-05-01 00:00:00.000000000",14,1
15,"Sauber","2011-06-01 00:00:00.000000000",6,-0.5714285714285714
15,"Sauber","2011-07-01 00:00:00.000000000",8,0.3333333333333333
15,"Sauber","2011-08-01 00:00:00.000000000",0,-1
15,"Sauber","2011-09-01 00:00:00.000000000",1,\N
15,"Sauber","2011-10-01 00:00:00.000000000",5,4
15,"Sauber","2011-11-01 00:00:00.000000000",3,-0.4
15,"Sauber","2012-03-01 00:00:00.000000000",30,9
15,"Sauber","2012-04-01 00:00:00.000000000",1,-0.9666666666666667
15,"Sauber","2012-05-01 00:00:00.000000000",10,9
15,"Sauber","2012-06-01 00:00:00.000000000",19,0.9
15,"Sauber","2012-07-01 00:00:00.000000000",20,0.05263157894736842
15,"Sauber","2012-09-01 00:00:00.000000000",21,0.05
15,"Sauber","2012-10-01 00:00:00.000000000",15,-0.2857142857142857
15,"Sauber","2012-11-01 00:00:00.000000000",10,-0.3333333333333333
15,"Sauber","2013-03-01 00:00:00.000000000",4,-0.6
15,"Sauber","2013-04-01 00:00:00.000000000",1,-0.75
15,"Sauber","2013-05-01 00:00:00.000000000",0,-1
15,"Sauber","2013-06-01 00:00:00.000000000",1,\N
15,"Sauber","2013-07-01 00:00:00.000000000",1,0
15,"Sauber","2013-08-01 00:00:00.000000000",0,-1
15,"Sauber","2013-09-01 00:00:00.000000000",12,\N
15,"Sauber","2013-10-01 00:00:00.000000000",26,1.1666666666666667
15,"Sauber","2013-11-01 00:00:00.000000000",12,-0.5384615384615384
15,"Sauber","2014-03-01 00:00:00.000000000",0,-1
15,"Sauber","2014-04-01 00:00:00.000000000",0,\N
15,"Sauber","2014-05-01 00:00:00.000000000",0,\N
15,"Sauber","2014-06-01 00:00:00.000000000",0,\N
15,"Sauber","2014-07-01 00:00:00.000000000",0,\N
15,"Sauber","2014-08-01 00:00:00.000000000",0,\N
15,"Sauber","2014-09-01 00:00:00.000000000",0,\N
15,"Sauber","2014-10-01 00:00:00.000000000",0,\N
15,"Sauber","2014-11-01 00:00:00.000000000",0,\N
15,"Sauber","2015-03-01 00:00:00.000000000",14,\N
15,"Sauber","2015-04-01 00:00:00.000000000",5,-0.6428571428571429
15,"Sauber","2015-05-01 00:00:00.000000000",2,-0.6
15,"Sauber","2015-06-01 00:00:00.000000000",0,-1
15,"Sauber","2015-07-01 00:00:00.000000000",1,\N
15,"Sauber","2015-08-01 00:00:00.000000000",1,0
15,"Sauber","2015-09-01 00:00:00.000000000",3,2
15,"Sauber","2015-10-01 00:00:00.000000000",10,2.3333333333333335
15,"Sauber","2015-11-01 00:00:00.000000000",0,-1
15,"Sauber","2016-03-01 00:00:00.000000000",0,\N
15,"Sauber","2016-04-01 00:00:00.000000000",0,\N
15,"Sauber","2016-05-01 00:00:00.000000000",0,\N
15,"Sauber","2016-06-01 00:00:00.000000000",0,\N
15,"Sauber","2016-07-01 00:00:00.000000000",0,\N
15,"Sauber","2016-08-01 00:00:00.000000000",0,\N
15,"Sauber","2016-09-01 00:00:00.000000000",0,\N
15,"Sauber","2016-10-01 00:00:00.000000000",0,\N
15,"Sauber","2016-11-01 00:00:00.000000000",2,\N
15,"Sauber","2017-03-01 00:00:00.000000000",0,-1
15,"Sauber","2017-04-01 00:00:00.000000000",0,\N
15,"Sauber","2017-05-01 00:00:00.000000000",4,\N
15,"Sauber","2017-06-01 00:00:00.000000000",1,-0.75
15,"Sauber","2017-07-01 00:00:00.000000000",0,-1
15,"Sauber","2017-08-01 00:00:00.000000000",0,\N
15,"Sauber","2017-09-01 00:00:00.000000000",0,\N
15,"Sauber","2017-10-01 00:00:00.000000000",0,\N
15,"Sauber","2017-11-01 00:00:00.000000000",0,\N
15,"Sauber","2018-03-01 00:00:00.000000000",0,\N
15,"Sauber","2018-04-01 00:00:00.000000000",10,\N
15,"Sauber","2018-05-01 00:00:00.000000000",1,-0.9
15,"Sauber","2018-06-01 00:00:00.000000000",2,1
15,"Sauber","2018-07-01 00:00:00.000000000",5,1.5
15,"Sauber","2018-08-01 00:00:00.000000000",1,-0.8
15,"Sauber","2018-09-01 00:00:00.000000000",8,7
15,"Sauber","2018-10-01 00:00:00.000000000",9,0.125
15,"Sauber","2018-11-01 00:00:00.000000000",12,0.3333333333333333
15,"Sauber","2024-03-01 00:00:00.000000000",0,-1
15,"Sauber","2024-04-01 00:00:00.000000000",0,\N
15,"Sauber","2024-05-01 00:00:00.000000000",0,\N
15,"Sauber","2024-06-01 00:00:00.000000000",0,\N
15,"Sauber","2024-07-01 00:00:00.000000000",0,\N
15,"Sauber","2024-08-01 00:00:00.000000000",0,\N
15,"Sauber","2024-09-01 00:00:00.000000000",0,\N
15,"Sauber","2024-10-01 00:00:00.000000000",0,\N
15,"Sauber","2024-11-01 00:00:00.000000000",0,\N
15,"Sauber","2024-12-01 00:00:00.000000000",4,\N
15,"Sauber","2025-03-01 00:00:00.000000000",6,0.5
15,"Sauber","2025-04-01 00:00:00.000000000",0,-1
15,"Sauber","2025-05-01 00:00:00.000000000",0,\N
15,"Sauber","2025-06-01 00:00:00.000000000",20,\N
15,"Sauber","2025-07-01 00:00:00.000000000",17,-0.15
15,"Sauber","2025-08-01 00:00:00.000000000",8,-0.5294117647058824
16,"BAR","1999-03-01 00:00:00.000000000",0,\N
16,"BAR","1999-04-01 00:00:00.000000000",0,\N
16,"BAR","1999-05-01 00:00:00.000000000",0,\N
16,"BAR","1999-06-01 00:00:00.000000000",0,\N
16,"BAR","1999-07-01 00:00:00.000000000",0,\N
16,"BAR","1999-08-01 00:00:00.000000000",0,\N
16,"BAR","1999-09-01 00:00:00.000000000",0,\N
16,"BAR","1999-10-01 00:00:00.000000000",0,\N
16,"BAR","2000-03-01 00:00:00.000000000",4,\N
16,"BAR","2000-04-01 00:00:00.000000000",2,-0.5
16,"BAR","2000-05-01 00:00:00.000000000",0,-1
16,"BAR","2000-06-01 00:00:00.000000000",0,\N
16,"BAR","2000-07-01 00:00:00.000000000",6,\N
16,"BAR","2000-08-01 00:00:00.000000000",0,-1
16,"BAR","2000-09-01 00:00:00.000000000",5,\N
16,"BAR","2000-10-01 00:00:00.000000000",3,-0.4
16,"BAR","2001-03-01 00:00:00.000000000",0,-1
16,"BAR","2001-04-01 00:00:00.000000000",7,\N
16,"BAR","2001-05-01 00:00:00.000000000",5,-0.2857142857142857
16,"BAR","2001-06-01 00:00:00.000000000",0,-1
16,"BAR","2001-07-01 00:00:00.000000000",4,\N
16,"BAR","2001-08-01 00:00:00.000000000",0,-1
16,"BAR","2001-09-01 00:00:00.000000000",1,\N
16,"BAR","2001-10-01 00:00:00.000000000",0,-1
16,"BAR","2002-03-01 00:00:00.000000000",0,\N
16,"BAR","2002-04-01 00:00:00.000000000",0,\N
16,"BAR","2002-05-01 00:00:00.000000000",0,\N
16,"BAR","2002-06-01 00:00:00.000000000",0,\N
16,"BAR","2002-07-01 00:00:00.000000000",5,\N
16,"BAR","2002-08-01 00:00:00.000000000",0,-1
16,"BAR","2002-09-01 00:00:00.000000000",2,\N
16,"BAR","2002-10-01 00:00:00.000000000",0,-1
16,"BAR","2003-03-01 00:00:00.000000000",2,\N
16,"BAR","2003-04-01 00:00:00.000000000",4,1
16,"BAR","2003-05-01 00:00:00.000000000",5,0.25
16,"BAR","2003-06-01 00:00:00.000000000",2,-0.6
16,"BAR","2003-07-01 00:00:00.000000000",1,-0.5
16,"BAR","2003-08-01 00:00:00.000000000",1,0
16,"BAR","2003-09-01 00:00:00.000000000",3,2
16,"BAR","2003-10-01 00:00:00.000000000",8,1.6666666666666667
16,"BAR","2004-03-01 00:00:00.000000000",9,0.125
16,"BAR","2004-04-01 00:00:00.000000000",18,1
16,"BAR","2004-05-01 00:00:00.000000000",19,0.05555555555555555
16,"BAR","2004-06-01 00:00:00.000000000",12,-0.3684210526315789
16,"BAR","2004-07-01 00:00:00.000000000",18,0.5
16,"BAR","2004-08-01 00:00:00.000000000",7,-0.6111111111111112
16,"BAR","2004-09-01 00:00:00.000000000",22,2.142857142857143
16,"BAR","2004-10-01 00:00:00.000000000",14,-0.36363636363636365
16,"BAR","2005-03-01 00:00:00.000000000",0,-1
16,"BAR","2005-04-01 00:00:00.000000000",0,\N
16,"BAR","2005-05-01 00:00:00.000000000",0,\N
16,"BAR","2005-06-01 00:00:00.000000000",0,\N
16,"BAR","2005-07-01 00:00:00.000000000",20,\N
16,"BAR","2005-08-01 00:00:00.000000000",4,-0.8
16,"BAR","2005-09-01 00:00:00.000000000",9,1.25
16,"BAR","2005-10-01 00:00:00.000000000",5,-0.4444444444444444
17,"Jordan","1991-03-01 00:00:00.000000000",0,\N
17,"Jordan","1991-04-01 00:00:00.000000000",0,\N
17,"Jordan","1991-05-01 00:00:00.000000000",0,\N
17,"Jordan","1991-06-01 00:00:00.000000000",8,\N
17,"Jordan","1991-07-01 00:00:00.000000000",5,-0.375
17,"Jordan","1991-08-01 00:00:00.000000000",0,-1
17,"Jordan","1991-09-01 00:00:00.000000000",0,\N
17,"Jordan","1991-10-01 00:00:00.000000000",0,\N
17,"Jordan","1991-11-01 00:00:00.000000000",0,\N
17,"Jordan","1992-03-01 00:00:00.000000000",0,\N
17,"Jordan","1992-04-01 00:00:00.000000000",0,\N
17,"Jordan","1992-05-01 00:00:00.000000000",0,\N
17,"Jordan","1992-06-01 00:00:00.000000000",0,\N
17,"Jordan","1992-07-01 00:00:00.000000000",0,\N
17,"Jordan","1992-08-01 00:00:00.000000000",0,\N
17,"Jordan","1992-09-01 00:00:00.000000000",0,\N
17,"Jordan","1992-10-01 00:00:00.000000000",0,\N
17,"Jordan","1992-11-01 00:00:00.000000000",1,\N
17,"Jordan","1993-03-01 00:00:00.000000000",0,-1
17,"Jordan","1993-04-01 00:00:00.000000000",0,\N
17,"Jordan","1993-05-01 00:00:00.000000000",0,\N
17,"Jordan","1993-06-01 00:00:00.000000000",0,\N
17,"Jordan","1993-07-01 00:00:00.000000000",0,\N
17,"Jordan","1993-08-01 00:00:00.000000000",0,\N
17,"Jordan","1993-09-01 00:00:00.000000000",0,\N
17,"Jordan","1993-10-01 00:00:00.000000000",3,\N
17,"Jordan","1993-11-01 00:00:00.000000000",0,-1
17,"Jordan","1994-03-01 00:00:00.000000000",3,\N
17,"Jordan","1994-04-01 00:00:00.000000000",4,0.3333333333333333
17,"Jordan","1994-05-01 00:00:00.000000000",4,0
17,"Jordan","1994-06-01 00:00:00.000000000",0,-1
17,"Jordan","1994-07-01 00:00:00.000000000",3,\N
17,"Jordan","1994-08-01 00:00:00.000000000",0,-1
17,"Jordan","1994-09-01 00:00:00.000000000",6,\N
17,"Jordan","1994-10-01 00:00:00.000000000",3,-0.5
17,"Jordan","1994-11-01 00:00:00.000000000",5,0.6666666666666666
17,"Jordan","1995-03-01 00:00:00.000000000",0,-1
17,"Jordan","1995-04-01 00:00:00.000000000",0,\N
17,"Jordan","1995-05-01 00:00:00.000000000",2,\N
17,"Jordan","1995-06-01 00:00:00.000000000",10,4
17,"Jordan","1995-07-01 00:00:00.000000000",1,-0.9
17,"Jordan","1995-08-01 00:00:00.000000000",1,0
17,"Jordan","1995-09-01 00:00:00.000000000",0,-1
17,"Jordan","1995-10-01 00:00:00.000000000",7,\N
17,"Jordan","1995-11-01 00:00:00.000000000",0,-1
17,"Jordan","1996-03-01 00:00:00.000000000",0,\N
17,"Jordan","1996-04-01 00:00:00.000000000",6,\N
17,"Jordan","1996-05-01 00:00:00.000000000",2,-0.6666666666666666
17,"Jordan","1996-06-01 00:00:00.000000000",1,-0.5
17,"Jordan","1996-07-01 00:00:00.000000000",5,4
17,"Jordan","1996-08-01 00:00:00.000000000",1,-0.8
17,"Jordan","1996-09-01 00:00:00.000000000",5,4
17,"Jordan","1996-10-01 00:00:00.000000000",2,-0.6
17,"Jordan","1997-03-01 00:00:00.000000000",0,-1
17,"Jordan","1997-04-01 00:00:00.000000000",7,\N
17,"Jordan","1997-05-01 00:00:00.000000000",1,-0.8571428571428571
17,"Jordan","1997-06-01 00:00:00.000000000",5,4
17,"Jordan","1997-07-01 00:00:00.000000000",4,-0.2
17,"Jordan","1997-08-01 00:00:00.000000000",8,1
17,"Jordan","1997-09-01 00:00:00.000000000",8,0
17,"Jordan","1997-10-01 00:00:00.000000000",0,-1
17,"Jordan","1998-03-01 00:00:00.000000000",0,\N
17,"Jordan","1998-04-01 00:00:00.000000000",0,\N
17,"Jordan","1998-05-01 00:00:00.000000000",0,\N
17,"Jordan","1998-06-01 00:00:00.000000000",0,\N
17,"Jordan","1998-07-01 00:00:00.000000000",3,\N
17,"Jordan","1998-08-01 00:00:00.000000000",23,6.666666666666667
17,"Jordan","1998-09-01 00:00:00.000000000",5,-0.782608695652174
17,"Jordan","1998-11-01 00:00:00.000000000",3,-0.4
17,"Jordan","1999-03-01 00:00:00.000000000",6,1
17,"Jordan","1999-04-01 00:00:00.000000000",4,-0.3333333333333333
17,"Jordan","1999-05-01 00:00:00.000000000",6,0.5
17,"Jordan","1999-06-01 00:00:00.000000000",10,0.6666666666666666
17,"Jordan","1999-07-01 00:00:00.000000000",8,-0.2
17,"Jordan","1999-08-01 00:00:00.000000000",13,0.625
17,"Jordan","1999-09-01 00:00:00.000000000",10,-0.23076923076923078
17,"Jordan","1999-10-01 00:00:00.000000000",4,-0.6
17,"Jordan","2000-03-01 00:00:00.000000000",7,0.75
17,"Jordan","2000-04-01 00:00:00.000000000",1,-0.8571428571428571
17,"Jordan","2000-05-01 00:00:00.000000000",1,0
17,"Jordan","2000-06-01 00:00:00.000000000",1,0
17,"Jordan","2000-07-01 00:00:00.000000000",1,0
17,"Jordan","2000-08-01 00:00:00.000000000",2,1
17,"Jordan","2000-09-01 00:00:00.000000000",4,1
17,"Jordan","2000-10-01 00:00:00.000000000",0,-1
17,"Jordan","2001-03-01 00:00:00.000000000",5,\N
17,"Jordan","2001-04-01 00:00:00.000000000",8,0.6
17,"Jordan","2001-05-01 00:00:00.000000000",0,-1
17,"Jordan","2001-06-01 00:00:00.000000000",0,\N
17,"Jordan","2001-07-01 00:00:00.000000000",2,\N
17,"Jordan","2001-08-01 00:00:00.000000000",0,-1
17,"Jordan","2001-09-01 00:00:00.000000000",4,\N
17,"Jordan","2001-10-01 00:00:00.000000000",0,-1
17,"Jordan","2002-03-01 00:00:00.000000000",0,\N
17,"Jordan","2002-04-01 00:00:00.000000000",0,\N
17,"Jordan","2002-05-01 00:00:00.000000000",4,\N
17,"Jordan","2002-06-01 00:00:00.000000000",2,-0.5
17,"Jordan","2002-07-01 00:00:00.000000000",0,-1
17,"Jordan","2002-08-01 00:00:00.000000000",1,\N
17,"Jordan","2002-09-01 00:00:00.000000000",0,-1
17,"Jordan","2002-10-01 00:00:00.000000000",2,\N
17,"Jordan","2003-03-01 00:00:00.000000000",0,-1
17,"Jordan","2003-04-01 00:00:00.000000000",10,\N
17,"Jordan","2003-05-01 00:00:00.000000000",1,-0.9
17,"Jordan","2003-06-01 00:00:00.000000000",0,-1
17,"Jordan","2003-07-01 00:00:00.000000000",0,\N
17,"Jordan","2003-08-01 00:00:00.000000000",0,\N
17,"Jordan","2003-09-01 00:00:00.000000000",2,\N
17,"Jordan","2003-10-01 00:00:00.000000000",0,-1
17,"Jordan","2004-03-01 00:00:00.000000000",0,\N
17,"Jordan","2004-04-01 00:00:00.000000000",0,\N
17,"Jordan","2004-05-01 00:00:00.000000000",2,\N
17,"Jordan","2004-06-01 00:00:00.000000000",3,0.5
17,"Jordan","2004-07-01 00:00:00.000000000",0,-1
17,"Jordan","2004-08-01 00:00:00.000000000",0,\N
17,"Jordan","2004-09-01 00:00:00.000000000",0,\N
17,"Jordan","2004-10-01 00:00:00.000000000",0,\N
17,"Jordan","2005-03-01 00:00:00.000000000",0,\N
17,"Jordan","2005-04-01 00:00:00.000000000",0,\N
17,"Jordan","2005-05-01 00:00:00.000000000",0,\N
17,"Jordan","2005-06-01 00:00:00.000000000",11,\N
17,"Jordan","2005-07-01 00:00:00.000000000",0,-1
17,"Jordan","2005-08-01 00:00:00.000000000",0,\N
17,"Jordan","2005-09-01 00:00:00.000000000",1,\N
17,"Jordan","2005-10-01 00:00:00.000000000",0,-1
18,"Minardi","1985-04-01 00:00:00.000000000",0,\N
18,"Minardi","1985-05-01 00:00:00.000000000",0,\N
18,"Minardi","1985-06-01 00:00:00.000000000",0,\N
18,"Minardi","1985-07-01 00:00:00.000000000",0,\N
18,"Minardi","1985-08-01 00:00:00.000000000",0,\N
18,"Minardi","1985-09-01 00:00:00.000000000",0,\N
18,"Minardi","1985-10-01 00:00:00.000000000",0,\N
18,"Minardi","1985-11-01 00:00:00.000000000",0,\N
18,"Minardi","1986-03-01 00:00:00.000000000",0,\N
18,"Minardi","1986-04-01 00:00:00.000000000",0,\N
18,"Minardi","1986-05-01 00:00:00.000000000",0,\N
18,"Minardi","1986-06-01 00:00:00.000000000",0,\N
18,"Minardi","1986-07-01 00:00:00.000000000",0,\N
18,"Minardi","1986-08-01 00:00:00.000000000",0,\N
18,"Minardi","1986-09-01 00:00:00.000000000",0,\N
18,"Minardi","1986-10-01 00:00:00.000000000",0,\N
18,"Minardi","1987-04-01 00:00:00.000000000",0,\N
18,"Minardi","1987-05-01 00:00:00.000000000",0,\N
18,"Minardi","1987-06-01 00:00:00.000000000",0,\N
18,"Minardi","1987-07-01 00:00:00.000000000",0,\N
18,"Minardi","1987-08-01 00:00:00.000000000",0,\N
18,"Minardi","1987-09-01 00:00:00.000000000",0,\N
18,"Minardi","1987-10-01 00:00:00.000000000",0,\N
18,"Minardi","1987-11-01 00:00:00.000000000",0,\N
18,"Minardi","1988-04-01 00:00:00.000000000",0,\N
18,"Minardi","1988-05-01 00:00:00.000000000",0,\N
18,"Minardi","1988-06-01 00:00:00.000000000",1,\N
18,"Minardi","1988-07-01 00:00:00.000000000",0,-1
18,"Minardi","1988-08-01 00:00:00.000000000",0,\N
18,"Minardi","1988-09-01 00:00:00.000000000",0,\N
18,"Minardi","1988-10-01 00:00:00.000000000",0,\N
18,"Minardi","1988-11-01 00:00:00.000000000",0,\N
18,"Minardi","1989-03-01 00:00:00.000000000",0,\N
18,"Minardi","1989-04-01 00:00:00.000000000",0,\N
18,"Minardi","1989-05-01 00:00:00.000000000",0,\N
18,"Minardi","1989-06-01 00:00:00.000000000",0,\N
18,"Minardi","1989-07-01 00:00:00.000000000",3,\N
18,"Minardi","1989-08-01 00:00:00.000000000",0,-1
18,"Minardi","1989-09-01 00:00:00.000000000",2,\N
18,"Minardi","1989-10-01 00:00:00.000000000",0,-1
18,"Minardi","1989-11-01 00:00:00.000000000",1,\N
18,"Minardi","1990-03-01 00:00:00.000000000",0,-1
18,"Minardi","1990-05-01 00:00:00.000000000",0,\N
18,"Minardi","1990-06-01 00:00:00.000000000",0,\N
18,"Minardi","1990-07-01 00:00:00.000000000",0,\N
18,"Minardi","1990-08-01 00:00:00.000000000",0,\N
18,"Minardi","1990-09-01 00:00:00.000000000",0,\N
18,"Minardi","1990-10-01 00:00:00.000000000",0,\N
18,"Minardi","1990-11-01 00:00:00.000000000",0,\N
18,"Minardi","1991-03-01 00:00:00.000000000",0,\N
18,"Minardi","1991-04-01 00:00:00.000000000",3,\N
18,"Minardi","1991-05-01 00:00:00.000000000",0,-1
18,"Minardi","1991-06-01 00:00:00.000000000",0,\N
18,"Minardi","1991-07-01 00:00:00.000000000",0,\N
18,"Minardi","1991-08-01 00:00:00.000000000",0,\N
18,"Minardi","1991-09-01 00:00:00.000000000",3,\N
18,"Minardi","1991-10-01 00:00:00.000000000",0,-1
18,"Minardi","1991-11-01 00:00:00.000000000",0,\N
18,"Minardi","1992-03-01 00:00:00.000000000",0,\N
18,"Minardi","1992-04-01 00:00:00.000000000",0,\N
18,"Minardi","1992-05-01 00:00:00.000000000",0,\N
18,"Minardi","1992-06-01 00:00:00.000000000",0,\N
18,"Minardi","1992-07-01 00:00:00.000000000",0,\N
18,"Minardi","1992-08-01 00:00:00.000000000",0,\N
18,"Minardi","1992-09-01 00:00:00.000000000",0,\N
18,"Minardi","1992-10-01 00:00:00.000000000",1,\N
18,"Minardi","1992-11-01 00:00:00.000000000",0,-1
18,"Minardi","1993-03-01 00:00:00.000000000",3,\N
18,"Minardi","1993-04-01 00:00:00.000000000",2,-0.3333333333333333
18,"Minardi","1993-05-01 00:00:00.000000000",2,0
18,"Minardi","1993-06-01 00:00:00.000000000",0,-1
18,"Minardi","1993-07-01 00:00:00.000000000",0,\N
18,"Minardi","1993-08-01 00:00:00.000000000",0,\N
18,"Minardi","1993-09-01 00:00:00.000000000",0,\N
18,"Minardi","1993-10-01 00:00:00.000000000",0,\N
18,"Minardi","1993-11-01 00:00:00.000000000",0,\N
18,"Minardi","1994-03-01 00:00:00.000000000",0,\N
18,"Minardi","1994-04-01 00:00:00.000000000",0,\N
18,"Minardi","1994-05-01 00:00:00.000000000",3,\N
18,"Minardi","1994-06-01 00:00:00.000000000",0,-1
18,"Minardi","1994-07-01 00:00:00.000000000",2,\N
18,"Minardi","1994-08-01 00:00:00.000000000",0,-1
18,"Minardi","1994-09-01 00:00:00.000000000",0,\N
18,"Minardi","1994-10-01 00:00:00.000000000",0,\N
18,"Minardi","1994-11-01 00:00:00.000000000",0,\N
18,"Minardi","1995-03-01 00:00:00.000000000",0,\N
18,"Minardi","1995-04-01 00:00:00.000000000",0,\N
18,"Minardi","1995-05-01 00:00:00.000000000",0,\N
18,"Minardi","1995-06-01 00:00:00.000000000",0,\N
18,"Minardi","1995-07-01 00:00:00.000000000",0,\N
18,"Minardi","1995-08-01 00:00:00.000000000",0,\N
18,"Minardi","1995-09-01 00:00:00.000000000",0,\N
18,"Minardi","1995-10-01 00:00:00.000000000",0,\N
18,"Minardi","1995-11-01 00:00:00.000000000",1,\N
18,"Minardi","1996-03-01 00:00:00.000000000",0,-1
18,"Minardi","1996-04-01 00:00:00.000000000",0,\N
18,"Minardi","1996-05-01 00:00:00.000000000",0,\N
18,"Minardi","1996-06-01 00:00:00.000000000",0,\N
18,"Minardi","1996-07-01 00:00:00.000000000",0,\N
18,"Minardi","1996-08-01 00:00:00.000000000",0,\N
18,"Minardi","1996-09-01 00:00:00.000000000",0,\N
18,"Minardi","1996-10-01 00:00:00.000000000",0,\N
18,"Minardi","1997-03-01 00:00:00.000000000",0,\N
18,"Minardi","1997-04-01 00:00:00.000000000",0,\N
18,"Minardi","1997-05-01 00:00:00.000000000",0,\N
18,"Minardi","1997-06-01 00:00:00.000000000",0,\N
18,"Minardi","1997-07-01 00:00:00.000000000",0,\N
18,"Minardi","1997-08-01 00:00:00.000000000",0,\N
18,"Minardi","1997-09-01 00:00:00.000000000",0,\N
18,"Minardi","1997-10-01 00:00:00.000000000",0,\N
18,"Minardi","1998-03-01 00:00:00.000000000",0,\N
18,"Minardi","1998-04-01 00:00:00.000000000",0,\N
18,"Minardi","1998-05-01 00:00:00.000000000",0,\N
18,"Minardi","1998-06-01 00:00:00.000000000",0,\N
18,"Minardi","1998-07-01 00:00:00.000000000",0,\N
18,"Minardi","1998-08-01 00:00:00.000000000",0,\N
18,"Minardi","1998-09-01 00:00:00.000000000",0,\N
18,"Minardi","1998-11-01 00:00:00.000000000",0,\N
18,"Minardi","1999-03-01 00:00:00.000000000",0,\N
18,"Minardi","1999-04-01 00:00:00.000000000",0,\N
18,"Minardi","1999-05-01 00:00:00.000000000",0,\N
18,"Minardi","1999-06-01 00:00:00.000000000",0,\N
18,"Minardi","1999-07-01 00:00:00.000000000",0,\N
18,"Minardi","1999-08-01 00:00:00.000000000",0,\N
18,"Minardi","1999-09-01 00:00:00.000000000",1,\N
18,"Minardi","1999-10-01 00:00:00.000000000",0,-1
18,"Minardi","2000-03-01 00:00:00.000000000",0,\N
18,"Minardi","2000-04-01 00:00:00.000000000",0,\N
18,"Minardi","2000-05-01 00:00:00.000000000",0,\N
18,"Minardi","2000-06-01 00:00:00.000000000",0,\N
18,"Minardi","2000-07-01 00:00:00.000000000",0,\N
18,"Minardi","2000-08-01 00:00:00.000000000",0,\N
18,"Minardi","2000-09-01 00:00:00.000000000",0,\N
18,"Minardi","2000-10-01 00:00:00.000000000",0,\N
18,"Minardi","2001-03-01 00:00:00.000000000",0,\N
18,"Minardi","2001-04-01 00:00:00.000000000",0,\N
18,"Minardi","2001-05-01 00:00:00.000000000",0,\N
18,"Minardi","2001-06-01 00:00:00.000000000",0,\N
18,"Minardi","2001-07-01 00:00:00.000000000",0,\N
18,"Minardi","2001-08-01 00:00:00.000000000",0,\N
18,"Minardi","2001-09-01 00:00:00.000000000",0,\N
18,"Minardi","2001-10-01 00:00:00.000000000",0,\N
18,"Minardi","2002-03-01 00:00:00.000000000",2,\N
18,"Minardi","2002-04-01 00:00:00.000000000",0,-1
18,"Minardi","2002-05-01 00:00:00.000000000",0,\N
18,"Minardi","2002-06-01 00:00:00.000000000",0,\N
18,"Minardi","2002-07-01 00:00:00.000000000",0,\N
18,"Minardi","2002-08-01 00:00:00.000000000",0,\N
18,"Minardi","2002-09-01 00:00:00.000000000",0,\N
18,"Minardi","2002-10-01 00:00:00.000000000",0,\N
18,"Minardi","2003-03-01 00:00:00.000000000",0,\N
18,"Minardi","2003-04-01 00:00:00.000000000",0,\N
18,"Minardi","2003-05-01 00:00:00.000000000",0,\N
18,"Minardi","2003-06-01 00:00:00.000000000",0,\N
18,"Minardi","2003-07-01 00:00:00.000000000",0,\N
18,"Minardi","2003-08-01 00:00:00.000000000",0,\N
18,"Minardi","2003-09-01 00:00:00.000000000",0,\N
18,"Minardi","2003-10-01 00:00:00.000000000",0,\N
18,"Minardi","2004-03-01 00:00:00.000000000",0,\N
18,"Minardi","2004-04-01 00:00:00.000000000",0,\N
18,"Minardi","2004-05-01 00:00:00.000000000",0,\N
18,"Minardi","2004-06-01 00:00:00.000000000",1,\N
18,"Minardi","2004-07-01 00:00:00.000000000",0,-1
18,"Minardi","2004-08-01 00:00:00.000000000",0,\N
18,"Minardi","2004-09-01 00:00:00.000000000",0,\N
18,"Minardi","2004-10-01 00:00:00.000000000",0,\N
18,"Minardi","2005-03-01 00:00:00.000000000",0,\N
18,"Minardi","2005-04-01 00:00:00.000000000",0,\N
18,"Minardi","2005-05-01 00:00:00.000000000",0,\N
18,"Minardi","2005-06-01 00:00:00.000000000",7,\N
18,"Minardi","2005-07-01 00:00:00.000000000",0,-1
18,"Minardi","2005-08-01 00:00:00.000000000",0,\N
18,"Minardi","2005-09-01 00:00:00.000000000",0,\N
18,"Minardi","2005-10-01 00:00:00.000000000",0,\N
19,"Jaguar","2000-03-01 00:00:00.000000000",0,\N
19,"Jaguar","2000-04-01 00:00:00.000000000",0,\N
19,"Jaguar","2000-05-01 00:00:00.000000000",0,\N
19,"Jaguar","2000-06-01 00:00:00.000000000",3,\N
19,"Jaguar","2000-07-01 00:00:00.000000000",0,-1
19,"Jaguar","2000-08-01 00:00:00.000000000",0,\N
19,"Jaguar","2000-09-01 00:00:00.000000000",0,\N
19,"Jaguar","2000-10-01 00:00:00.000000000",1,\N
19,"Jaguar","2001-03-01 00:00:00.000000000",0,-1
19,"Jaguar","2001-04-01 00:00:00.000000000",0,\N
19,"Jaguar","2001-05-01 00:00:00.000000000",4,\N
19,"Jaguar","2001-06-01 00:00:00.000000000",1,-0.75
19,"Jaguar","2001-07-01 00:00:00.000000000",0,-1
19,"Jaguar","2001-08-01 00:00:00.000000000",0,\N
19,"Jaguar","2001-09-01 00:00:00.000000000",4,\N
19,"Jaguar","2001-10-01 00:00:00.000000000",0,-1
19,"Jaguar","2002-03-01 00:00:00.000000000",3,\N
19,"Jaguar","2002-04-01 00:00:00.000000000",0,-1
19,"Jaguar","2002-05-01 00:00:00.000000000",0,\N
19,"Jaguar","2002-06-01 00:00:00.000000000",0,\N
19,"Jaguar","2002-07-01 00:00:00.000000000",0,\N
19,"Jaguar","2002-08-01 00:00:00.000000000",0,\N
19,"Jaguar","2002-09-01 00:00:00.000000000",5,\N
19,"Jaguar","2002-10-01 00:00:00.000000000",0,-1
19,"Jaguar","2003-03-01 00:00:00.000000000",0,\N
19,"Jaguar","2003-04-01 00:00:00.000000000",0,\N
19,"Jaguar","2003-05-01 00:00:00.000000000",4,\N
19,"Jaguar","2003-06-01 00:00:00.000000000",5,0.25
19,"Jaguar","2003-07-01 00:00:00.000000000",3,-0.4
19,"Jaguar","2003-08-01 00:00:00.000000000",3,0
19,"Jaguar","2003-09-01 00:00:00.000000000",3,0
19,"Jaguar","2003-10-01 00:00:00.000000000",0,-1
19,"Jaguar","2004-03-01 00:00:00.000000000",0,\N
19,"Jaguar","2004-04-01 00:00:00.000000000",1,\N
19,"Jaguar","2004-05-01 00:00:00.000000000",2,1
19,"Jaguar","2004-06-01 00:00:00.000000000",0,-1
19,"Jaguar","2004-07-01 00:00:00.000000000",4,\N
19,"Jaguar","2004-08-01 00:00:00.000000000",3,-0.25
19,"Jaguar","2004-09-01 00:00:00.000000000",0,-1
19,"Jaguar","2004-10-01 00:00:00.000000000",0,\N
20,"Prost","1997-03-01 00:00:00.000000000",6,\N
20,"Prost","1997-04-01 00:00:00.000000000",0,-1
20,"Prost","1997-05-01 00:00:00.000000000",9,\N
20,"Prost","1997-06-01 00:00:00.000000000",1,-0.8888888888888888
20,"Prost","1997-07-01 00:00:00.000000000",3,2
20,"Prost","1997-08-01 00:00:00.000000000",1,-0.6666666666666666
20,"Prost","1997-09-01 00:00:00.000000000",1,0
20,"Prost","1997-10-01 00:00:00.000000000",0,-1
20,"Prost","1998-03-01 00:00:00.000000000",0,\N
20,"Prost","1998-04-01 00:00:00.000000000",0,\N
20,"Prost","1998-05-01 00:00:00.000000000",0,\N
20,"Prost","1998-06-01 00:00:00.000000000",0,\N
20,"Prost","1998-07-01 00:00:00.000000000",0,\N
20,"Prost","1998-08-01 00:00:00.000000000",1,\N
20,"Prost","1998-09-01 00:00:00.000000000",0,-1
20,"Prost","1998-11-01 00:00:00.000000000",0,\N
20,"Prost","1999-03-01 00:00:00.000000000",0,\N
20,"Prost","1999-04-01 00:00:00.000000000",1,\N
20,"Prost","1999-05-01 00:00:00.000000000",1,0
20,"Prost","1999-06-01 00:00:00.000000000",0,-1
20,"Prost","1999-07-01 00:00:00.000000000",0,\N
20,"Prost","1999-08-01 00:00:00.000000000",1,\N
20,"Prost","1999-09-01 00:00:00.000000000",6,5
20,"Prost","1999-10-01 00:00:00.000000000",0,-1
20,"Prost","2000-03-01 00:00:00.000000000",0,\N
20,"Prost","2000-04-01 00:00:00.000000000",0,\N
20,"Prost","2000-05-01 00:00:00.000000000",0,\N
20,"Prost","2000-06-01 00:00:00.000000000",0,\N
20,"Prost","2000-07-01 00:00:00.000000000",0,\N
20,"Prost","2000-08-01 00:00:00.000000000",0,\N
20,"Prost","2000-09-01 00:00:00.000000000",0,\N
20,"Prost","2000-10-01 00:00:00.000000000",0,\N
20,"Prost","2001-03-01 00:00:00.000000000",0,\N
20,"Prost","2001-04-01 00:00:00.000000000",0,\N
20,"Prost","2001-05-01 00:00:00.000000000",1,\N
20,"Prost","2001-06-01 00:00:00.000000000",2,1
20,"Prost","2001-07-01 00:00:00.000000000",1,-0.5
20,"Prost","2001-08-01 00:00:00.000000000",0,-1
20,"Prost","2001-09-01 00:00:00.000000000",0,\N
20,"Prost","2001-10-01 00:00:00.000000000",0,\N
21,"Arrows","1978-01-01 00:00:00.000000000",0,\N
21,"Arrows","1978-03-01 00:00:00.000000000",0,\N
21,"Arrows","1978-04-01 00:00:00.000000000",1,\N
21,"Arrows","1978-05-01 00:00:00.000000000",1,0
21,"Arrows","1978-06-01 00:00:00.000000000",6,5
21,"Arrows","1978-07-01 00:00:00.000000000",0,-1
21,"Arrows","1978-08-01 00:00:00.000000000",0,\N
21,"Arrows","1978-09-01 00:00:00.000000000",0,\N
21,"Arrows","1978-10-01 00:00:00.000000000",3,\N
21,"Arrows","1979-01-01 00:00:00.000000000",0,-1
21,"Arrows","1979-02-01 00:00:00.000000000",0,\N
21,"Arrows","1979-03-01 00:00:00.000000000",0,\N
21,"Arrows","1979-04-01 00:00:00.000000000",0,\N
21,"Arrows","1979-05-01 00:00:00.000000000",3,\N
21,"Arrows","1979-07-01 00:00:00.000000000",1,-0.6666666666666666
21,"Arrows","1979-08-01 00:00:00.000000000",1,0
21,"Arrows","1979-09-01 00:00:00.000000000",0,-1
21,"Arrows","1979-10-01 00:00:00.000000000",0,\N
21,"Arrows","1980-01-01 00:00:00.000000000",1,\N
21,"Arrows","1980-03-01 00:00:00.000000000",7,6
21,"Arrows","1980-05-01 00:00:00.000000000",3,-0.5714285714285714
21,"Arrows","1980-06-01 00:00:00.000000000",0,-1
21,"Arrows","1980-07-01 00:00:00.000000000",0,\N
21,"Arrows","1980-08-01 00:00:00.000000000",0,\N
21,"Arrows","1980-09-01 00:00:00.000000000",0,\N
21,"Arrows","1980-10-01 00:00:00.000000000",0,\N
21,"Arrows","1981-03-01 00:00:00.000000000",4,\N
21,"Arrows","1981-04-01 00:00:00.000000000",0,-1
21,"Arrows","1981-05-01 00:00:00.000000000",6,\N
21,"Arrows","1981-06-01 00:00:00.000000000",0,-1
21,"Arrows","1981-07-01 00:00:00.000000000",0,\N
21,"Arrows","1981-08-01 00:00:00.000000000",0,\N
21,"Arrows","1981-09-01 00:00:00.000000000",0,\N
21,"Arrows","1981-10-01 00:00:00.000000000",0,\N
21,"Arrows","1982-01-01 00:00:00.000000000",0,\N
21,"Arrows","1982-03-01 00:00:00.000000000",0,\N
21,"Arrows","1982-04-01 00:00:00.000000000",0,\N
21,"Arrows","1982-05-01 00:00:00.000000000",0,\N
21,"Arrows","1982-06-01 00:00:00.000000000",2,\N
21,"Arrows","1982-07-01 00:00:00.000000000",1,-0.5
21,"Arrows","1982-08-01 00:00:00.000000000",2,1
21,"Arrows","1982-09-01 00:00:00.000000000",0,-1
21,"Arrows","1983-03-01 00:00:00.000000000",3,\N
21,"Arrows","1983-04-01 00:00:00.000000000",0,-1
21,"Arrows","1983-05-01 00:00:00.000000000",1,\N
21,"Arrows","1983-06-01 00:00:00.000000000",0,-1
21,"Arrows","1983-07-01 00:00:00.000000000",0,\N
21,"Arrows","1983-08-01 00:00:00.000000000",0,\N
21,"Arrows","1983-09-01 00:00:00.000000000",0,\N
21,"Arrows","1983-10-01 00:00:00.000000000",0,\N
21,"Arrows","1984-03-01 00:00:00.000000000",1,\N
21,"Arrows","1984-04-01 00:00:00.000000000",0,-1
21,"Arrows","1984-05-01 00:00:00.000000000",2,\N
21,"Arrows","1984-06-01 00:00:00.000000000",0,-1
21,"Arrows","1984-07-01 00:00:00.000000000",0,\N
21,"Arrows","1984-08-01 00:00:00.000000000",3,\N
21,"Arrows","1984-09-01 00:00:00.000000000",0,-1
21,"Arrows","1984-10-01 00:00:00.000000000",0,\N
21,"Arrows","1985-04-01 00:00:00.000000000",0,\N
21,"Arrows","1985-05-01 00:00:00.000000000",6,\N
21,"Arrows","1985-06-01 00:00:00.000000000",0,-1
21,"Arrows","1985-07-01 00:00:00.000000000",0,\N
21,"Arrows","1985-08-01 00:00:00.000000000",3,\N
21,"Arrows","1985-09-01 00:00:00.000000000",0,-1
21,"Arrows","1985-10-01 00:00:00.000000000",4,\N
21,"Arrows","1985-11-01 00:00:00.000000000",1,-0.75
21,"Arrows","1986-03-01 00:00:00.000000000",0,-1
21,"Arrows","1986-04-01 00:00:00.000000000",0,\N
21,"Arrows","1986-05-01 00:00:00.000000000",0,\N
21,"Arrows","1986-06-01 00:00:00.000000000",0,\N
21,"Arrows","1986-07-01 00:00:00.000000000",0,\N
21,"Arrows","1986-08-01 00:00:00.000000000",1,\N
21,"Arrows","1986-09-01 00:00:00.000000000",0,-1
21,"Arrows","1986-10-01 00:00:00.000000000",0,\N
21,"Arrows","1987-04-01 00:00:00.000000000",0,\N
21,"Arrows","1987-05-01 00:00:00.000000000",3,\N
21,"Arrows","1987-06-01 00:00:00.000000000",1,-0.6666666666666666
21,"Arrows","1987-07-01 00:00:00.000000000",2,1
21,"Arrows","1987-08-01 00:00:00.000000000",1,-0.5
21,"Arrows","1987-09-01 00:00:00.000000000",1,0
21,"Arrows","1987-10-01 00:00:00.000000000",3,2
21,"Arrows","1987-11-01 00:00:00.000000000",0,-1
21,"Arrows","1988-04-01 00:00:00.000000000",3,\N
21,"Arrows","1988-05-01 00:00:00.000000000",6,1
21,"Arrows","1988-06-01 00:00:00.000000000",0,-1
21,"Arrows","1988-07-01 00:00:00.000000000",1,\N
21,"Arrows","1988-08-01 00:00:00.000000000",3,2
21,"Arrows","1988-09-01 00:00:00.000000000",10,2.3333333333333335
21,"Arrows","1988-10-01 00:00:00.000000000",0,-1
21,"Arrows","1988-11-01 00:00:00.000000000",0,\N
21,"Arrows","1989-03-01 00:00:00.000000000",2,\N
21,"Arrows","1989-04-01 00:00:00.000000000",2,0
21,"Arrows","1989-05-01 00:00:00.000000000",0,-1
21,"Arrows","1989-06-01 00:00:00.000000000",4,\N
21,"Arrows","1989-07-01 00:00:00.000000000",1,-0.75
21,"Arrows","1989-08-01 00:00:00.000000000",3,2
21,"Arrows","1989-09-01 00:00:00.000000000",0,-1
21,"Arrows","1989-10-01 00:00:00.000000000",1,\N
21,"Arrows","1989-11-01 00:00:00.000000000",0,-1
21,"Arrows","1990-03-01 00:00:00.000000000",0,\N
21,"Arrows","1990-05-01 00:00:00.000000000",2,\N
21,"Arrows","1990-06-01 00:00:00.000000000",0,-1
21,"Arrows","1990-07-01 00:00:00.000000000",0,\N
21,"Arrows","1990-08-01 00:00:00.000000000",0,\N
21,"Arrows","1990-09-01 00:00:00.000000000",0,\N
21,"Arrows","1990-10-01 00:00:00.000000000",0,\N
21,"Arrows","1990-11-01 00:00:00.000000000",0,\N
21,"Arrows","1997-03-01 00:00:00.000000000",0,\N
21,"Arrows","1997-04-01 00:00:00.000000000",0,\N
21,"Arrows","1997-05-01 00:00:00.000000000",0,\N
21,"Arrows","1997-06-01 00:00:00.000000000",0,\N
21,"Arrows","1997-07-01 00:00:00.000000000",1,\N
21,"Arrows","1997-08-01 00:00:00.000000000",6,5
21,"Arrows","1997-09-01 00:00:00.000000000",2,-0.6666666666666666
21,"Arrows","1997-10-01 00:00:00.000000000",0,-1
21,"Arrows","1998-03-01 00:00:00.000000000",0,\N
21,"Arrows","1998-04-01 00:00:00.000000000",0,\N
21,"Arrows","1998-05-01 00:00:00.000000000",4,\N
21,"Arrows","1998-06-01 00:00:00.000000000",0,-1
21,"Arrows","1998-07-01 00:00:00.000000000",0,\N
21,"Arrows","1998-08-01 00:00:00.000000000",2,\N
21,"Arrows","1998-09-01 00:00:00.000000000",0,-1
21,"Arrows","1998-11-01 00:00:00.000000000",0,\N
21,"Arrows","1999-03-01 00:00:00.000000000",1,\N
21,"Arrows","1999-04-01 00:00:00.000000000",0,-1
21,"Arrows","1999-05-01 00:00:00.000000000",0,\N
21,"Arrows","1999-06-01 00:00:00.000000000",0,\N
21,"Arrows","1999-07-01 00:00:00.000000000",0,\N
21,"Arrows","1999-08-01 00:00:00.000000000",0,\N
21,"Arrows","1999-09-01 00:00:00.000000000",0,\N
21,"Arrows","1999-10-01 00:00:00.000000000",0,\N
21,"Arrows","2000-03-01 00:00:00.000000000",0,\N
21,"Arrows","2000-04-01 00:00:00.000000000",0,\N
21,"Arrows","2000-05-01 00:00:00.000000000",1,\N
21,"Arrows","2000-06-01 00:00:00.000000000",2,1
21,"Arrows","2000-07-01 00:00:00.000000000",1,-0.5
21,"Arrows","2000-08-01 00:00:00.000000000",0,-1
21,"Arrows","2000-09-01 00:00:00.000000000",3,\N
21,"Arrows","2000-10-01 00:00:00.000000000",0,-1
21,"Arrows","2001-03-01 00:00:00.000000000",0,\N
21,"Arrows","2001-04-01 00:00:00.000000000",0,\N
21,"Arrows","2001-05-01 00:00:00.000000000",1,\N
21,"Arrows","2001-06-01 00:00:00.000000000",0,-1
21,"Arrows","2001-07-01 00:00:00.000000000",0,\N
21,"Arrows","2001-08-01 00:00:00.000000000",0,\N
21,"Arrows","2001-09-01 00:00:00.000000000",0,\N
21,"Arrows","2001-10-01 00:00:00.000000000",0,\N
21,"Arrows","2002-03-01 00:00:00.000000000",0,\N
21,"Arrows","2002-04-01 00:00:00.000000000",1,\N
21,"Arrows","2002-05-01 00:00:00.000000000",1,0
21,"Arrows","2002-06-01 00:00:00.000000000",0,-1
21,"Arrows","2002-07-01 00:00:00.000000000",0,\N
22,"Benetton","1986-03-01 00:00:00.000000000",1,\N
22,"Benetton","1986-04-01 00:00:00.000000000",7,6
22,"Benetton","1986-05-01 00:00:00.000000000",0,-1
22,"Benetton","1986-06-01 00:00:00.000000000",0,\N
22,"Benetton","1986-07-01 00:00:00.000000000",0,\N
22,"Benetton","1986-08-01 00:00:00.000000000",0,\N
22,"Benetton","1986-09-01 00:00:00.000000000",2,\N
22,"Benetton","1986-10-01 00:00:00.000000000",9,3.5
22,"Benetton","1987-04-01 00:00:00.000000000",2,-0.7777777777777778
22,"Benetton","1987-05-01 00:00:00.000000000",0,-1
22,"Benetton","1987-06-01 00:00:00.000000000",0,\N
22,"Benetton","1987-07-01 00:00:00.000000000",3,\N
22,"Benetton","1987-08-01 00:00:00.000000000",10,2.3333333333333335
22,"Benetton","1987-09-01 00:00:00.000000000",5,-0.5
22,"Benetton","1987-10-01 00:00:00.000000000",2,-0.6
22,"Benetton","1987-11-01 00:00:00.000000000",6,2
22,"Benetton","1988-04-01 00:00:00.000000000",0,-1
22,"Benetton","1988-05-01 00:00:00.000000000",4,\N
22,"Benetton","1988-06-01 00:00:00.000000000",8,1
22,"Benetton","1988-07-01 00:00:00.000000000",6,-0.25
22,"Benetton","1988-08-01 00:00:00.000000000",4,-0.3333333333333333
22,"Benetton","1988-09-01 00:00:00.000000000",5,0.25
22,"Benetton","1988-10-01 00:00:00.000000000",10,1
22,"Benetton","1988-11-01 00:00:00.000000000",2,-0.8
22,"Benetton","1989-03-01 00:00:00.000000000",4,1
22,"Benetton","1989-04-01 00:00:00.000000000",4,0
22,"Benetton","1989-05-01 00:00:00.000000000",3,-0.25
22,"Benetton","1989-06-01 00:00:00.000000000",2,-0.3333333333333333
22,"Benetton","1989-07-01 00:00:00.000000000",4,1
22,"Benetton","1989-08-01 00:00:00.000000000",2,-0.5
22,"Benetton","1989-09-01 00:00:00.000000000",3,0.5
22,"Benetton","1989-10-01 00:00:00.000000000",9,2
22,"Benetton","1989-11-01 00:00:00.000000000",8,-0.1111111111111111
22,"Benetton","1990-03-01 00:00:00.000000000",4,-0.5
22,"Benetton","1990-05-01 00:00:00.000000000",6,0.5
22,"Benetton","1990-06-01 00:00:00.000000000",10,0.6666666666666666
22,"Benetton","1990-07-01 00:00:00.000000000",11,0.1
22,"Benetton","1990-08-01 00:00:00.000000000",9,-0.18181818181818182
22,"Benetton","1990-09-01 00:00:00.000000000",7,-0.2222222222222222
22,"Benetton","1990-10-01 00:00:00.000000000",15,1.1428571428571428
22,"Benetton","1990-11-01 00:00:00.000000000",9,-0.4
22,"Benetton","1991-03-01 00:00:00.000000000",6,-0.3333333333333333
22,"Benetton","1991-04-01 00:00:00.000000000",0,-1
22,"Benetton","1991-05-01 00:00:00.000000000",3,\N
22,"Benetton","1991-06-01 00:00:00.000000000",12,3
22,"Benetton","1991-07-01 00:00:00.000000000",2,-0.8333333333333334
22,"Benetton","1991-08-01 00:00:00.000000000",7,2.5
22,"Benetton","1991-09-01 00:00:00.000000000",7,0
22,"Benetton","1991-10-01 00:00:00.000000000",0,-1
22,"Benetton","1991-11-01 00:00:00.000000000",1.5,\N
22,"Benetton","1992-03-01 00:00:00.000000000",7,3.6666666666666665
22,"Benetton","1992-04-01 00:00:00.000000000",4,-0.42857142857142855
22,"Benetton","1992-05-01 00:00:00.000000000",14,2.5
22,"Benetton","1992-06-01 00:00:00.000000000",6,-0.5714285714285714
22,"Benetton","1992-07-01 00:00:00.000000000",18,2
22,"Benetton","1992-08-01 00:00:00.000000000",15,-0.16666666666666666
22,"Benetton","1992-09-01 00:00:00.000000000",13,-0.13333333333333333
22,"Benetton","1992-10-01 00:00:00.000000000",4,-0.6923076923076923
22,"Benetton","1992-11-01 00:00:00.000000000",10,1.5
22,"Benetton","1993-03-01 00:00:00.000000000",4,-0.6
22,"Benetton","1993-04-01 00:00:00.000000000",8,1
22,"Benetton","1993-05-01 00:00:00.000000000",7,-0.125
22,"Benetton","1993-06-01 00:00:00.000000000",6,-0.14285714285714285
22,"Benetton","1993-07-01 00:00:00.000000000",22,2.6666666666666665
22,"Benetton","1993-08-01 00:00:00.000000000",13,-0.4090909090909091
22,"Benetton","1993-09-01 00:00:00.000000000",12,-0.07692307692307693
22,"Benetton","1993-10-01 00:00:00.000000000",0,-1
22,"Benetton","1993-11-01 00:00:00.000000000",0,\N
22,"Benetton","1994-03-01 00:00:00.000000000",10,\N
22,"Benetton","1994-04-01 00:00:00.000000000",10,0
22,"Benetton","1994-05-01 00:00:00.000000000",26,1.6
22,"Benetton","1994-06-01 00:00:00.000000000",11,-0.5769230769230769
22,"Benetton","1994-07-01 00:00:00.000000000",10,-0.09090909090909091
22,"Benetton","1994-08-01 00:00:00.000000000",18,0.8
22,"Benetton","1994-09-01 00:00:00.000000000",2,-0.8888888888888888
22,"Benetton","1994-10-01 00:00:00.000000000",10,4
22,"Benetton","1994-11-01 00:00:00.000000000",6,-0.4
22,"Benetton","1995-03-01 00:00:00.000000000",10,0.6666666666666666
22,"Benetton","1995-04-01 00:00:00.000000000",7,-0.3
22,"Benetton","1995-05-01 00:00:00.000000000",29,3.142857142857143
22,"Benetton","1995-06-01 00:00:00.000000000",2,-0.9310344827586207
22,"Benetton","1995-07-01 00:00:00.000000000",33,15.5
22,"Benetton","1995-08-01 00:00:00.000000000",13,-0.6060606060606061
22,"Benetton","1995-09-01 00:00:00.000000000",16,0.23076923076923078
22,"Benetton","1995-10-01 00:00:00.000000000",37,1.3125
22,"Benetton","1995-11-01 00:00:00.000000000",0,-1
22,"Benetton","1996-03-01 00:00:00.000000000",9,\N
22,"Benetton","1996-04-01 00:00:00.000000000",4,-0.5555555555555556
22,"Benetton","1996-05-01 00:00:00.000000000",5,0.25
22,"Benetton","1996-06-01 00:00:00.000000000",17,2.4
22,"Benetton","1996-07-01 00:00:00.000000000",12,-0.29411764705882354
22,"Benetton","1996-08-01 00:00:00.000000000",8,-0.3333333333333333
22,"Benetton","1996-09-01 00:00:00.000000000",10,0.25
22,"Benetton","1996-10-01 00:00:00.000000000",3,-0.7
22,"Benetton","1997-03-01 00:00:00.000000000",10,2.3333333333333335
22,"Benetton","1997-04-01 00:00:00.000000000",3,-0.7
22,"Benetton","1997-05-01 00:00:00.000000000",4,0.3333333333333333
22,"Benetton","1997-06-01 00:00:00.000000000",8,1
22,"Benetton","1997-07-01 00:00:00.000000000",21,1.625
22,"Benetton","1997-08-01 00:00:00.000000000",1,-0.9523809523809523
22,"Benetton","1997-09-01 00:00:00.000000000",15,14
22,"Benetton","1997-10-01 00:00:00.000000000",5,-0.6666666666666666
22,"Benetton","1998-03-01 00:00:00.000000000",4,-0.2
22,"Benetton","1998-04-01 00:00:00.000000000",3,-0.25
22,"Benetton","1998-05-01 00:00:00.000000000",9,2
22,"Benetton","1998-06-01 00:00:00.000000000",11,0.2222222222222222
22,"Benetton","1998-07-01 00:00:00.000000000",5,-0.5454545454545454
22,"Benetton","1998-08-01 00:00:00.000000000",0,-1
22,"Benetton","1998-09-01 00:00:00.000000000",1,\N
22,"Benetton","1998-11-01 00:00:00.000000000",0,-1
22,"Benetton","1999-03-01 00:00:00.000000000",3,\N
22,"Benetton","1999-04-01 00:00:00.000000000",0,-1
22,"Benetton","1999-05-01 00:00:00.000000000",5,\N
22,"Benetton","1999-06-01 00:00:00.000000000",6,0.2
22,"Benetton","1999-07-01 00:00:00.000000000",2,-0.6666666666666666
22,"Benetton","1999-08-01 00:00:00.000000000",0,-1
22,"Benetton","1999-09-01 00:00:00.000000000",0,\N
22,"Benetton","1999-10-01 00:00:00.000000000",0,\N
22,"Benetton","2000-03-01 00:00:00.000000000",8,\N
22,"Benetton","2000-04-01 00:00:00.000000000",0,-1
22,"Benetton","2000-05-01 00:00:00.000000000",2,\N
22,"Benetton","2000-06-01 00:00:00.000000000",8,3
22,"Benetton","2000-07-01 00:00:00.000000000",0,-1
22,"Benetton","2000-08-01 00:00:00.000000000",0,\N
22,"Benetton","2000-09-01 00:00:00.000000000",2,\N
22,"Benetton","2000-10-01 00:00:00.000000000",0,-1
22,"Benetton","2001-03-01 00:00:00.000000000",0,\N
22,"Benetton","2001-04-01 00:00:00.000000000",1,\N
22,"Benetton","2001-05-01 00:00:00.000000000",0,-1
22,"Benetton","2001-06-01 00:00:00.000000000",0,\N
22,"Benetton","2001-07-01 00:00:00.000000000",5,\N
22,"Benetton","2001-08-01 00:00:00.000000000",0,-1
22,"Benetton","2001-09-01 00:00:00.000000000",4,\N
22,"Benetton","2001-10-01 00:00:00.000000000",0,-1
23,"Brawn","2009-03-01 00:00:00.000000000",18,\N
23,"Brawn","2009-04-01 00:00:00.000000000",32,0.7777777777777778
23,"Brawn","2009-05-01 00:00:00.000000000",36,0.125
23,"Brawn","2009-06-01 00:00:00.000000000",19,-0.4722222222222222
23,"Brawn","2009-07-01 00:00:00.000000000",9,-0.5263157894736842
23,"Brawn","2009-08-01 00:00:00.000000000",14,0.5555555555555556
23,"Brawn","2009-09-01 00:00:00.000000000",25,0.7857142857142857
23,"Brawn","2009-10-01 00:00:00.000000000",8,-0.68
23,"Brawn","2009-11-01 00:00:00.000000000",11,0.375
24,"Stewart","1997-03-01 00:00:00.000000000",0,\N
24,"Stewart","1997-04-01 00:00:00.000000000",0,\N
24,"Stewart","1997-05-01 00:00:00.000000000",6,\N
24,"Stewart","1997-06-01 00:00:00.000000000",0,-1
24,"Stewart","1997-07-01 00:00:00.000000000",0,\N
24,"Stewart","1997-08-01 00:00:00.000000000",0,\N
24,"Stewart","1997-09-01 00:00:00.000000000",0,\N
24,"Stewart","1997-10-01 00:00:00.000000000",0,\N
24,"Stewart","1998-03-01 00:00:00.000000000",0,\N
24,"Stewart","1998-04-01 00:00:00.000000000",0,\N
24,"Stewart","1998-05-01 00:00:00.000000000",2,\N
24,"Stewart","1998-06-01 00:00:00.000000000",3,0.5
24,"Stewart","1998-07-01 00:00:00.000000000",0,-1
24,"Stewart","1998-08-01 00:00:00.000000000",0,\N
24,"Stewart","1998-09-01 00:00:00.000000000",0,\N
24,"Stewart","1998-11-01 00:00:00.000000000",0,\N
24,"Stewart","1999-03-01 00:00:00.000000000",2,\N
24,"Stewart","1999-04-01 00:00:00.000000000",0,-1
24,"Stewart","1999-05-01 00:00:00.000000000",4,\N
24,"Stewart","1999-06-01 00:00:00.000000000",6,0.5
24,"Stewart","1999-07-01 00:00:00.000000000",0,-1
24,"Stewart","1999-08-01 00:00:00.000000000",2,\N
24,"Stewart","1999-09-01 00:00:00.000000000",17,7.5
24,"Stewart","1999-10-01 00:00:00.000000000",5,-0.7058823529411765
25,"Tyrrell","1970-09-01 00:00:00.000000000",0,\N
25,"Tyrrell","1970-10-01 00:00:00.000000000",0,\N
25,"Tyrrell","1971-03-01 00:00:00.000000000",6,\N
25,"Tyrrell","1971-04-01 00:00:00.000000000",9,0.5
25,"Tyrrell","1971-05-01 00:00:00.000000000",9,0
25,"Tyrrell","1971-06-01 00:00:00.000000000",0,-1
25,"Tyrrell","1971-07-01 00:00:00.000000000",18,\N
25,"Tyrrell","1971-08-01 00:00:00.000000000",9,-0.5
25,"Tyrrell","1971-09-01 00:00:00.000000000",13,0.4444444444444444
25,"Tyrrell","1971-10-01 00:00:00.000000000",9,-0.3076923076923077
25,"Tyrrell","1972-01-01 00:00:00.000000000",9,0
25,"Tyrrell","1972-03-01 00:00:00.000000000",0,-1
25,"Tyrrell","1972-05-01 00:00:00.000000000",3,\N
25,"Tyrrell","1972-06-01 00:00:00.000000000",6,1
25,"Tyrrell","1972-07-01 00:00:00.000000000",15,1.5
25,"Tyrrell","1972-08-01 00:00:00.000000000",0,-1
25,"Tyrrell","1972-09-01 00:00:00.000000000",9,\N
25,"Tyrrell","1972-10-01 00:00:00.000000000",9,0
25,"Tyrrell","1973-01-01 00:00:00.000000000",6,-0.3333333333333333
25,"Tyrrell","1973-02-01 00:00:00.000000000",6,0
25,"Tyrrell","1973-03-01 00:00:00.000000000",9,0.5
25,"Tyrrell","1973-04-01 00:00:00.000000000",6,-0.3333333333333333
25,"Tyrrell","1973-05-01 00:00:00.000000000",9,0.5
25,"Tyrrell","1973-06-01 00:00:00.000000000",13,0.4444444444444444
25,"Tyrrell","1973-07-01 00:00:00.000000000",17,0.3076923076923077
25,"Tyrrell","1973-08-01 00:00:00.000000000",15,-0.11764705882352941
25,"Tyrrell","1973-09-01 00:00:00.000000000",5,-0.6666666666666666
25,"Tyrrell","1973-10-01 00:00:00.000000000",0,-1
25,"Tyrrell","1974-01-01 00:00:00.000000000",1,\N
25,"Tyrrell","1974-03-01 00:00:00.000000000",3,2
25,"Tyrrell","1974-04-01 00:00:00.000000000",2,-0.3333333333333333
25,"Tyrrell","1974-05-01 00:00:00.000000000",10,4
25,"Tyrrell","1974-06-01 00:00:00.000000000",11,0.1
25,"Tyrrell","1974-07-01 00:00:00.000000000",12,0.09090909090909091
25,"Tyrrell","1974-08-01 00:00:00.000000000",6,-0.5
25,"Tyrrell","1974-09-01 00:00:00.000000000",6,0
25,"Tyrrell","1974-10-01 00:00:00.000000000",1,-0.8333333333333334
25,"Tyrrell","1975-01-01 00:00:00.000000000",2,1
25,"Tyrrell","1975-03-01 00:00:00.000000000",9,3.5
25,"Tyrrell","1975-04-01 00:00:00.000000000",0,-1
25,"Tyrrell","1975-05-01 00:00:00.000000000",8,\N
25,"Tyrrell","1975-06-01 00:00:00.000000000",0,-1
25,"Tyrrell","1975-07-01 00:00:00.000000000",5,\N
25,"Tyrrell","1975-08-01 00:00:00.000000000",0,-1
25,"Tyrrell","1975-09-01 00:00:00.000000000",0,\N
25,"Tyrrell","1975-10-01 00:00:00.000000000",1,\N
25,"Tyrrell","1976-01-01 00:00:00.000000000",6,5
25,"Tyrrell","1976-03-01 00:00:00.000000000",7,0.16666666666666666
25,"Tyrrell","1976-05-01 00:00:00.000000000",9,0.2857142857142857
25,"Tyrrell","1976-06-01 00:00:00.000000000",9,0
25,"Tyrrell","1976-07-01 00:00:00.000000000",12,0.3333333333333333
25,"Tyrrell","1976-08-01 00:00:00.000000000",8,-0.3333333333333333
25,"Tyrrell","1976-09-01 00:00:00.000000000",2,-0.75
25,"Tyrrell","1976-10-01 00:00:00.000000000",18,8
25,"Tyrrell","1977-01-01 00:00:00.000000000",0,-1
25,"Tyrrell","1977-03-01 00:00:00.000000000",4,\N
25,"Tyrrell","1977-04-01 00:00:00.000000000",3,-0.25
25,"Tyrrell","1977-05-01 00:00:00.000000000",0,-1
25,"Tyrrell","1977-06-01 00:00:00.000000000",7,\N
25,"Tyrrell","1977-07-01 00:00:00.000000000",0,-1
25,"Tyrrell","1977-08-01 00:00:00.000000000",2,\N
25,"Tyrrell","1977-09-01 00:00:00.000000000",1,-0.5
25,"Tyrrell","1977-10-01 00:00:00.000000000",10,9
25,"Tyrrell","1978-01-01 00:00:00.000000000",5,-0.5
25,"Tyrrell","1978-03-01 00:00:00.000000000",6,0.2
25,"Tyrrell","1978-04-01 00:00:00.000000000",4,-0.3333333333333333
25,"Tyrrell","1978-05-01 00:00:00.000000000",10,1.5
25,"Tyrrell","1978-06-01 00:00:00.000000000",0,-1
25,"Tyrrell","1978-07-01 00:00:00.000000000",5,\N
25,"Tyrrell","1978-08-01 00:00:00.000000000",6,0.2
25,"Tyrrell","1978-09-01 00:00:00.000000000",0,-1
25,"Tyrrell","1978-10-01 00:00:00.000000000",2,\N
25,"Tyrrell","1979-01-01 00:00:00.000000000",0,-1
25,"Tyrrell","1979-02-01 00:00:00.000000000",3,\N
25,"Tyrrell","1979-03-01 00:00:00.000000000",4,0.3333333333333333
25,"Tyrrell","1979-04-01 00:00:00.000000000",4,0
25,"Tyrrell","1979-05-01 00:00:00.000000000",4,0
25,"Tyrrell","1979-07-01 00:00:00.000000000",6,0.5
25,"Tyrrell","1979-08-01 00:00:00.000000000",0,-1
25,"Tyrrell","1979-09-01 00:00:00.000000000",3,\N
25,"Tyrrell","1979-10-01 00:00:00.000000000",4,0.3333333333333333
25,"Tyrrell","1980-01-01 00:00:00.000000000",3,-0.25
25,"Tyrrell","1980-03-01 00:00:00.000000000",0,-1
25,"Tyrrell","1980-05-01 00:00:00.000000000",2,\N
25,"Tyrrell","1980-06-01 00:00:00.000000000",0,-1
25,"Tyrrell","1980-07-01 00:00:00.000000000",5,\N
25,"Tyrrell","1980-08-01 00:00:00.000000000",2,-0.6
25,"Tyrrell","1980-09-01 00:00:00.000000000",0,-1
25,"Tyrrell","1980-10-01 00:00:00.000000000",0,\N
25,"Tyrrell","1981-03-01 00:00:00.000000000",2,\N
25,"Tyrrell","1981-04-01 00:00:00.000000000",0,-1
25,"Tyrrell","1981-05-01 00:00:00.000000000",3,\N
25,"Tyrrell","1981-06-01 00:00:00.000000000",0,-1
25,"Tyrrell","1981-07-01 00:00:00.000000000",3,\N
25,"Tyrrell","1981-08-01 00:00:00.000000000",2,-0.3333333333333333
25,"Tyrrell","1981-09-01 00:00:00.000000000",0,-1
25,"Tyrrell","1981-10-01 00:00:00.000000000",0,\N
25,"Tyrrell","1982-01-01 00:00:00.000000000",0,\N
25,"Tyrrell","1982-03-01 00:00:00.000000000",3,\N
25,"Tyrrell","1982-04-01 00:00:00.000000000",7,1.3333333333333333
25,"Tyrrell","1982-05-01 00:00:00.000000000",0,-1
25,"Tyrrell","1982-06-01 00:00:00.000000000",0,\N
25,"Tyrrell","1982-07-01 00:00:00.000000000",1,\N
25,"Tyrrell","1982-08-01 00:00:00.000000000",3,2
25,"Tyrrell","1982-09-01 00:00:00.000000000",11,2.6666666666666665
25,"Tyrrell","1983-03-01 00:00:00.000000000",0,-1
25,"Tyrrell","1983-04-01 00:00:00.000000000",0,\N
25,"Tyrrell","1983-05-01 00:00:00.000000000",2,\N
25,"Tyrrell","1983-06-01 00:00:00.000000000",9,3.5
25,"Tyrrell","1983-07-01 00:00:00.000000000",0,-1
25,"Tyrrell","1983-08-01 00:00:00.000000000",1,\N
25,"Tyrrell","1983-09-01 00:00:00.000000000",0,-1
25,"Tyrrell","1983-10-01 00:00:00.000000000",0,\N
25,"Tyrrell","1984-03-01 00:00:00.000000000",0,\N
25,"Tyrrell","1984-04-01 00:00:00.000000000",0,\N
25,"Tyrrell","1984-05-01 00:00:00.000000000",0,\N
25,"Tyrrell","1984-06-01 00:00:00.000000000",0,\N
25,"Tyrrell","1984-07-01 00:00:00.000000000",0,\N
25,"Tyrrell","1984-08-01 00:00:00.000000000",0,\N
25,"Tyrrell","1985-04-01 00:00:00.000000000",1,\N
25,"Tyrrell","1985-05-01 00:00:00.000000000",0,-1
25,"Tyrrell","1985-06-01 00:00:00.000000000",3,\N
25,"Tyrrell","1985-07-01 00:00:00.000000000",0,-1
25,"Tyrrell","1985-08-01 00:00:00.000000000",0,\N
25,"Tyrrell","1985-09-01 00:00:00.000000000",0,\N
25,"Tyrrell","1985-10-01 00:00:00.000000000",0,\N
25,"Tyrrell","1985-11-01 00:00:00.000000000",3,\N
25,"Tyrrell","1986-03-01 00:00:00.000000000",2,-0.3333333333333333
25,"Tyrrell","1986-04-01 00:00:00.000000000",0,-1
25,"Tyrrell","1986-05-01 00:00:00.000000000",0,\N
25,"Tyrrell","1986-06-01 00:00:00.000000000",0,\N
25,"Tyrrell","1986-07-01 00:00:00.000000000",3,\N
25,"Tyrrell","1986-08-01 00:00:00.000000000",1,-0.6666666666666666
25,"Tyrrell","1986-09-01 00:00:00.000000000",0,-1
25,"Tyrrell","1986-10-01 00:00:00.000000000",5,\N
25,"Tyrrell","1987-04-01 00:00:00.000000000",0,-1
25,"Tyrrell","1987-05-01 00:00:00.000000000",2,\N
25,"Tyrrell","1987-06-01 00:00:00.000000000",0,-1
25,"Tyrrell","1987-07-01 00:00:00.000000000",6,\N
25,"Tyrrell","1987-08-01 00:00:00.000000000",0,-1
25,"Tyrrell","1987-09-01 00:00:00.000000000",0,\N
25,"Tyrrell","1987-10-01 00:00:00.000000000",0,\N
25,"Tyrrell","1987-11-01 00:00:00.000000000",3,\N
25,"Tyrrell","1988-04-01 00:00:00.000000000",0,-1
25,"Tyrrell","1988-05-01 00:00:00.000000000",2,\N
25,"Tyrrell","1988-06-01 00:00:00.000000000",3,0.5
25,"Tyrrell","1988-07-01 00:00:00.000000000",0,-1
25,"Tyrrell","1988-08-01 00:00:00.000000000",0,\N
25,"Tyrrell","1988-09-01 00:00:00.000000000",0,\N
25,"Tyrrell","1988-10-01 00:00:00.000000000",0,\N
25,"Tyrrell","1988-11-01 00:00:00.000000000",0,\N
25,"Tyrrell","1989-03-01 00:00:00.000000000",0,\N
25,"Tyrrell","1989-04-01 00:00:00.000000000",1,\N
25,"Tyrrell","1989-05-01 00:00:00.000000000",6,5
25,"Tyrrell","1989-06-01 00:00:00.000000000",0,-1
25,"Tyrrell","1989-07-01 00:00:00.000000000",3,\N
25,"Tyrrell","1989-08-01 00:00:00.000000000",0,-1
25,"Tyrrell","1989-09-01 00:00:00.000000000",3,\N
25,"Tyrrell","1989-10-01 00:00:00.000000000",3,0
25,"Tyrrell","1989-11-01 00:00:00.000000000",0,-1
25,"Tyrrell","1990-03-01 00:00:00.000000000",7,\N
25,"Tyrrell","1990-05-01 00:00:00.000000000",7,0
25,"Tyrrell","1990-06-01 00:00:00.000000000",0,-1
25,"Tyrrell","1990-07-01 00:00:00.000000000",0,\N
25,"Tyrrell","1990-08-01 00:00:00.000000000",0,\N
25,"Tyrrell","1990-09-01 00:00:00.000000000",1,\N
25,"Tyrrell","1990-10-01 00:00:00.000000000",1,0
25,"Tyrrell","1990-11-01 00:00:00.000000000",0,-1
25,"Tyrrell","1991-03-01 00:00:00.000000000",5,\N
25,"Tyrrell","1991-04-01 00:00:00.000000000",0,-1
25,"Tyrrell","1991-05-01 00:00:00.000000000",0,\N
25,"Tyrrell","1991-06-01 00:00:00.000000000",6,\N
25,"Tyrrell","1991-07-01 00:00:00.000000000",0,-1
25,"Tyrrell","1991-08-01 00:00:00.000000000",0,\N
25,"Tyrrell","1991-09-01 00:00:00.000000000",0,\N
25,"Tyrrell","1991-10-01 00:00:00.000000000",1,\N
25,"Tyrrell","1991-11-01 00:00:00.000000000",0,-1
25,"Tyrrell","1992-03-01 00:00:00.000000000",2,\N
25,"Tyrrell","1992-04-01 00:00:00.000000000",0,-1
25,"Tyrrell","1992-05-01 00:00:00.000000000",0,\N
25,"Tyrrell","1992-06-01 00:00:00.000000000",2,\N
25,"Tyrrell","1992-07-01 00:00:00.000000000",0,-1
25,"Tyrrell","1992-08-01 00:00:00.000000000",0,\N
25,"Tyrrell","1992-09-01 00:00:00.000000000",1,\N
25,"Tyrrell","1992-10-01 00:00:00.000000000",3,2
25,"Tyrrell","1992-11-01 00:00:00.000000000",0,-1
25,"Tyrrell","1993-03-01 00:00:00.000000000",0,\N
25,"Tyrrell","1993-04-01 00:00:00.000000000",0,\N
25,"Tyrrell","1993-05-01 00:00:00.000000000",0,\N
25,"Tyrrell","1993-06-01 00:00:00.000000000",0,\N
25,"Tyrrell","1993-07-01 00:00:00.000000000",0,\N
25,"Tyrrell","1993-08-01 00:00:00.000000000",0,\N
25,"Tyrrell","1993-09-01 00:00:00.000000000",0,\N
25,"Tyrrell","1993-10-01 00:00:00.000000000",0,\N
25,"Tyrrell","1993-11-01 00:00:00.000000000",0,\N
25,"Tyrrell","1994-03-01 00:00:00.000000000",2,\N
25,"Tyrrell","1994-04-01 00:00:00.000000000",0,-1
25,"Tyrrell","1994-05-01 00:00:00.000000000",6,\N
25,"Tyrrell","1994-06-01 00:00:00.000000000",0,-1
25,"Tyrrell","1994-07-01 00:00:00.000000000",1,\N
25,"Tyrrell","1994-08-01 00:00:00.000000000",4,3
25,"Tyrrell","1994-09-01 00:00:00.000000000",0,-1
25,"Tyrrell","1994-10-01 00:00:00.000000000",0,\N
25,"Tyrrell","1994-11-01 00:00:00.000000000",0,\N
25,"Tyrrell","1995-03-01 00:00:00.000000000",0,\N
25,"Tyrrell","1995-04-01 00:00:00.000000000",0,\N
25,"Tyrrell","1995-05-01 00:00:00.000000000",0,\N
25,"Tyrrell","1995-06-01 00:00:00.000000000",0,\N
25,"Tyrrell","1995-07-01 00:00:00.000000000",0,\N
25,"Tyrrell","1995-08-01 00:00:00.000000000",0,\N
25,"Tyrrell","1995-09-01 00:00:00.000000000",2,\N
25,"Tyrrell","1995-10-01 00:00:00.000000000",1,-0.5
25,"Tyrrell","1995-11-01 00:00:00.000000000",2,1
25,"Tyrrell","1996-03-01 00:00:00.000000000",3,0.5
25,"Tyrrell","1996-04-01 00:00:00.000000000",0,-1
25,"Tyrrell","1996-05-01 00:00:00.000000000",2,\N
25,"Tyrrell","1996-06-01 00:00:00.000000000",0,-1
25,"Tyrrell","1996-07-01 00:00:00.000000000",0,\N
25,"Tyrrell","1996-08-01 00:00:00.000000000",0,\N
25,"Tyrrell","1996-09-01 00:00:00.000000000",0,\N
25,"Tyrrell","1996-10-01 00:00:00.000000000",0,\N
25,"Tyrrell","1997-03-01 00:00:00.000000000",0,\N
25,"Tyrrell","1997-04-01 00:00:00.000000000",0,\N
25,"Tyrrell","1997-05-01 00:00:00.000000000",2,\N
25,"Tyrrell","1997-06-01 00:00:00.000000000",0,-1
25,"Tyrrell","1997-07-01 00:00:00.000000000",0,\N
25,"Tyrrell","1997-08-01 00:00:00.000000000",0,\N
25,"Tyrrell","1997-09-01 00:00:00.000000000",0,\N
25,"Tyrrell","1997-10-01 00:00:00.000000000",0,\N
25,"Tyrrell","1998-03-01 00:00:00.000000000",0,\N
25,"Tyrrell","1998-04-01 00:00:00.000000000",0,\N
25,"Tyrrell","1998-05-01 00:00:00.000000000",0,\N
25,"Tyrrell","1998-06-01 00:00:00.000000000",0,\N
25,"Tyrrell","1998-07-01 00:00:00.000000000",0,\N
25,"Tyrrell","1998-08-01 00:00:00.000000000",0,\N
25,"Tyrrell","1998-09-01 00:00:00.000000000",0,\N
25,"Tyrrell","1998-11-01 00:00:00.000000000",0,\N
26,"Lola","1962-05-01 00:00:00.000000000",0,\N
26,"Lola","1962-06-01 00:00:00.000000000",5,\N
26,"Lola","1962-07-01 00:00:00.000000000",8,0.6
26,"Lola","1962-08-01 00:00:00.000000000",6,-0.25
26,"Lola","1962-09-01 00:00:00.000000000",0,-1
26,"Lola","1962-10-01 00:00:00.000000000",0,\N
26,"Lola","1962-12-01 00:00:00.000000000",0,\N
26,"Lola","1963-05-01 00:00:00.000000000",0,\N
26,"Lola","1963-06-01 00:00:00.000000000",0,\N
26,"Lola","1963-07-01 00:00:00.000000000",0,\N
26,"Lola","1963-08-01 00:00:00.000000000",0,\N
26,"Lola","1963-09-01 00:00:00.000000000",0,\N
26,"Lola","1963-10-01 00:00:00.000000000",0,\N
26,"Lola","1963-12-01 00:00:00.000000000",0,\N
26,"Lola","1967-08-01 00:00:00.000000000",0,\N
26,"Lola","1968-08-01 00:00:00.000000000",0,\N
26,"Lola","1974-01-01 00:00:00.000000000",0,\N
26,"Lola","1974-03-01 00:00:00.000000000",0,\N
26,"Lola","1974-04-01 00:00:00.000000000",0,\N
26,"Lola","1974-05-01 00:00:00.000000000",0,\N
26,"Lola","1974-06-01 00:00:00.000000000",1,\N
26,"Lola","1974-07-01 00:00:00.000000000",0,-1
26,"Lola","1974-08-01 00:00:00.000000000",0,\N
26,"Lola","1974-09-01 00:00:00.000000000",0,\N
26,"Lola","1974-10-01 00:00:00.000000000",0,\N
26,"Lola","1975-01-01 00:00:00.000000000",0,\N
26,"Lola","1975-03-01 00:00:00.000000000",0,\N
26,"Lola","1975-04-01 00:00:00.000000000",0,\N
26,"Lola","1985-09-01 00:00:00.000000000",0,\N
26,"Lola","1985-10-01 00:00:00.000000000",0,\N
26,"Lola","1985-11-01 00:00:00.000000000",0,\N
26,"Lola","1986-03-01 00:00:00.000000000",0,\N
26,"Lola","1986-04-01 00:00:00.000000000",0,\N
26,"Lola","1986-05-01 00:00:00.000000000",0,\N
26,"Lola","1986-06-01 00:00:00.000000000",0,\N
26,"Lola","1986-07-01 00:00:00.000000000",0,\N
26,"Lola","1986-08-01 00:00:00.000000000",5,\N
26,"Lola","1986-09-01 00:00:00.000000000",1,-0.8
26,"Lola","1986-10-01 00:00:00.000000000",0,-1
26,"Lola","1991-04-01 00:00:00.000000000",0,\N
26,"Lola","1991-05-01 00:00:00.000000000",0,\N
26,"Lola","1991-06-01 00:00:00.000000000",1,\N
26,"Lola","1991-07-01 00:00:00.000000000",0,-1
26,"Lola","1991-08-01 00:00:00.000000000",0,\N
26,"Lola","1991-09-01 00:00:00.000000000",0,\N
26,"Lola","1991-10-01 00:00:00.000000000",0,\N
26,"Lola","1993-03-01 00:00:00.000000000",0,\N
26,"Lola","1993-04-01 00:00:00.000000000",0,\N
26,"Lola","1993-05-01 00:00:00.000000000",0,\N
26,"Lola","1993-06-01 00:00:00.000000000",0,\N
26,"Lola","1993-07-01 00:00:00.000000000",0,\N
26,"Lola","1993-08-01 00:00:00.000000000",0,\N
26,"Lola","1993-09-01 00:00:00.000000000",0,\N
26,"Lola","1997-03-01 00:00:00.000000000",0,\N
27,"Ligier","1976-01-01 00:00:00.000000000",0,\N
27,"Ligier","1976-03-01 00:00:00.000000000",3,\N
27,"Ligier","1976-05-01 00:00:00.000000000",4,0.3333333333333333
27,"Ligier","1976-06-01 00:00:00.000000000",3,-0.25
27,"Ligier","1976-07-01 00:00:00.000000000",0,-1
27,"Ligier","1976-08-01 00:00:00.000000000",6,\N
27,"Ligier","1976-09-01 00:00:00.000000000",4,-0.3333333333333333
27,"Ligier","1976-10-01 00:00:00.000000000",0,-1
27,"Ligier","1977-01-01 00:00:00.000000000",0,\N
27,"Ligier","1977-03-01 00:00:00.000000000",0,\N
27,"Ligier","1977-04-01 00:00:00.000000000",0,\N
27,"Ligier","1977-05-01 00:00:00.000000000",0,\N
27,"Ligier","1977-06-01 00:00:00.000000000",9,\N
27,"Ligier","1977-07-01 00:00:00.000000000",1,-0.8888888888888888
27,"Ligier","1977-08-01 00:00:00.000000000",6,5
27,"Ligier","1977-09-01 00:00:00.000000000",0,-1
27,"Ligier","1977-10-01 00:00:00.000000000",2,\N
27,"Ligier","1978-01-01 00:00:00.000000000",0,-1
27,"Ligier","1978-03-01 00:00:00.000000000",2,\N
27,"Ligier","1978-04-01 00:00:00.000000000",2,0
27,"Ligier","1978-05-01 00:00:00.000000000",2,0
27,"Ligier","1978-06-01 00:00:00.000000000",4,1
27,"Ligier","1978-07-01 00:00:00.000000000",4,0
27,"Ligier","1978-08-01 00:00:00.000000000",2,-0.5
27,"Ligier","1978-09-01 00:00:00.000000000",3,0.5
27,"Ligier","1978-10-01 00:00:00.000000000",0,-1
27,"Ligier","1979-01-01 00:00:00.000000000",12,\N
27,"Ligier","1979-02-01 00:00:00.000000000",15,0.25
27,"Ligier","1979-03-01 00:00:00.000000000",0,-1
27,"Ligier","1979-04-01 00:00:00.000000000",11,\N
27,"Ligier","1979-05-01 00:00:00.000000000",8,-0.2727272727272727
27,"Ligier","1979-07-01 00:00:00.000000000",5,-0.375
27,"Ligier","1979-08-01 00:00:00.000000000",10,1
27,"Ligier","1979-09-01 00:00:00.000000000",0,-1
27,"Ligier","1979-10-01 00:00:00.000000000",0,\N
27,"Ligier","1980-01-01 00:00:00.000000000",3,\N
27,"Ligier","1980-03-01 00:00:00.000000000",11,2.6666666666666665
27,"Ligier","1980-05-01 00:00:00.000000000",15,0.36363636363636365
27,"Ligier","1980-06-01 00:00:00.000000000",10,-0.3333333333333333
27,"Ligier","1980-07-01 00:00:00.000000000",0,-1
27,"Ligier","1980-08-01 00:00:00.000000000",16,\N
27,"Ligier","1980-09-01 00:00:00.000000000",5,-0.6875
27,"Ligier","1980-10-01 00:00:00.000000000",6,0.2
27,"Ligier","1981-03-01 00:00:00.000000000",1,-0.8333333333333334
27,"Ligier","1981-04-01 00:00:00.000000000",0,-1
27,"Ligier","1981-05-01 00:00:00.000000000",10,\N
27,"Ligier","1981-06-01 00:00:00.000000000",6,-0.4
27,"Ligier","1981-07-01 00:00:00.000000000",4,-0.3333333333333333
27,"Ligier","1981-08-01 00:00:00.000000000",13,2.25
27,"Ligier","1981-09-01 00:00:00.000000000",9,-0.3076923076923077
27,"Ligier","1981-10-01 00:00:00.000000000",1,-0.8888888888888888
27,"Ligier","1982-01-01 00:00:00.000000000",0,-1
27,"Ligier","1982-03-01 00:00:00.000000000",0,\N
27,"Ligier","1982-04-01 00:00:00.000000000",0,\N
27,"Ligier","1982-05-01 00:00:00.000000000",4,\N
27,"Ligier","1982-06-01 00:00:00.000000000",7,0.75
27,"Ligier","1982-07-01 00:00:00.000000000",0,-1
27,"Ligier","1982-08-01 00:00:00.000000000",4,\N
27,"Ligier","1982-09-01 00:00:00.000000000",5,0.25
27,"Ligier","1983-03-01 00:00:00.000000000",0,-1
27,"Ligier","1983-04-01 00:00:00.000000000",0,\N
27,"Ligier","1983-05-01 00:00:00.000000000",0,\N
27,"Ligier","1983-06-01 00:00:00.000000000",0,\N
27,"Ligier","1983-07-01 00:00:00.000000000",0,\N
27,"Ligier","1983-08-01 00:00:00.000000000",0,\N
27,"Ligier","1983-09-01 00:00:00.000000000",0,\N
27,"Ligier","1983-10-01 00:00:00.000000000",0,\N
27,"Ligier","1984-03-01 00:00:00.000000000",0,\N
27,"Ligier","1984-04-01 00:00:00.000000000",2,\N
27,"Ligier","1984-05-01 00:00:00.000000000",1,-0.5
27,"Ligier","1984-06-01 00:00:00.000000000",0,-1
27,"Ligier","1984-07-01 00:00:00.000000000",0,\N
27,"Ligier","1984-08-01 00:00:00.000000000",0,\N
27,"Ligier","1984-09-01 00:00:00.000000000",0,\N
27,"Ligier","1984-10-01 00:00:00.000000000",0,\N
27,"Ligier","1985-04-01 00:00:00.000000000",1,\N
27,"Ligier","1985-05-01 00:00:00.000000000",4,3
27,"Ligier","1985-06-01 00:00:00.000000000",0,-1
27,"Ligier","1985-07-01 00:00:00.000000000",4,\N
27,"Ligier","1985-08-01 00:00:00.000000000",4,0
27,"Ligier","1985-09-01 00:00:00.000000000",0,-1
27,"Ligier","1985-10-01 00:00:00.000000000",0,\N
27,"Ligier","1985-11-01 00:00:00.000000000",10,\N
27,"Ligier","1986-03-01 00:00:00.000000000",7,-0.3
27,"Ligier","1986-04-01 00:00:00.000000000",0,-1
27,"Ligier","1986-05-01 00:00:00.000000000",5,\N
27,"Ligier","1986-06-01 00:00:00.000000000",7,0.4
27,"Ligier","1986-07-01 00:00:00.000000000",9,0.2857142857142857
27,"Ligier","1986-08-01 00:00:00.000000000",0,-1
27,"Ligier","1986-09-01 00:00:00.000000000",0,\N
27,"Ligier","1986-10-01 00:00:00.000000000",1,\N
27,"Ligier","1987-05-01 00:00:00.000000000",1,0
27,"Ligier","1987-06-01 00:00:00.000000000",0,-1
27,"Ligier","1987-07-01 00:00:00.000000000",0,\N
27,"Ligier","1987-08-01 00:00:00.000000000",0,\N
27,"Ligier","1987-09-01 00:00:00.000000000",0,\N
27,"Ligier","1987-10-01 00:00:00.000000000",0,\N
27,"Ligier","1987-11-01 00:00:00.000000000",0,\N
27,"Ligier","1988-04-01 00:00:00.000000000",0,\N
27,"Ligier","1988-05-01 00:00:00.000000000",0,\N
27,"Ligier","1988-06-01 00:00:00.000000000",0,\N
27,"Ligier","1988-07-01 00:00:00.000000000",0,\N
27,"Ligier","1988-08-01 00:00:00.000000000",0,\N
27,"Ligier","1988-09-01 00:00:00.000000000",0,\N
27,"Ligier","1988-10-01 00:00:00.000000000",0,\N
27,"Ligier","1988-11-01 00:00:00.000000000",0,\N
27,"Ligier","1989-03-01 00:00:00.000000000",0,\N
27,"Ligier","1989-04-01 00:00:00.000000000",0,\N
27,"Ligier","1989-05-01 00:00:00.000000000",0,\N
27,"Ligier","1989-06-01 00:00:00.000000000",2,\N
27,"Ligier","1989-07-01 00:00:00.000000000",1,-0.5
27,"Ligier","1989-08-01 00:00:00.000000000",0,-1
27,"Ligier","1989-09-01 00:00:00.000000000",0,\N
27,"Ligier","1989-10-01 00:00:00.000000000",0,\N
27,"Ligier","1989-11-01 00:00:00.000000000",0,\N
27,"Ligier","1990-03-01 00:00:00.000000000",0,\N
27,"Ligier","1990-05-01 00:00:00.000000000",0,\N
27,"Ligier","1990-06-01 00:00:00.000000000",0,\N
27,"Ligier","1990-07-01 00:00:00.000000000",0,\N
27,"Ligier","1990-08-01 00:00:00.000000000",0,\N
27,"Ligier","1990-09-01 00:00:00.000000000",0,\N
27,"Ligier","1990-10-01 00:00:00.000000000",0,\N
27,"Ligier","1990-11-01 00:00:00.000000000",0,\N
27,"Ligier","1991-03-01 00:00:00.000000000",0,\N
27,"Ligier","1991-04-01 00:00:00.000000000",0,\N
27,"Ligier","1991-05-01 00:00:00.000000000",0,\N
27,"Ligier","1991-06-01 00:00:00.000000000",0,\N
27,"Ligier","1991-07-01 00:00:00.000000000",0,\N
27,"Ligier","1991-08-01 00:00:00.000000000",0,\N
27,"Ligier","1991-09-01 00:00:00.000000000",0,\N
27,"Ligier","1991-10-01 00:00:00.000000000",0,\N
27,"Ligier","1991-11-01 00:00:00.000000000",0,\N
27,"Ligier","1992-03-01 00:00:00.000000000",0,\N
27,"Ligier","1992-04-01 00:00:00.000000000",0,\N
27,"Ligier","1992-05-01 00:00:00.000000000",0,\N
27,"Ligier","1992-06-01 00:00:00.000000000",1,\N
27,"Ligier","1992-07-01 00:00:00.000000000",3,2
27,"Ligier","1992-08-01 00:00:00.000000000",0,-1
27,"Ligier","1992-09-01 00:00:00.000000000",0,\N
27,"Ligier","1992-10-01 00:00:00.000000000",0,\N
27,"Ligier","1992-11-01 00:00:00.000000000",2,\N
27,"Ligier","1993-03-01 00:00:00.000000000",6,2
27,"Ligier","1993-04-01 00:00:00.000000000",4,-0.3333333333333333
27,"Ligier","1993-05-01 00:00:00.000000000",1,-0.75
27,"Ligier","1993-06-01 00:00:00.000000000",2,1
27,"Ligier","1993-07-01 00:00:00.000000000",6,2
27,"Ligier","1993-08-01 00:00:00.000000000",2,-0.6666666666666666
27,"Ligier","1993-09-01 00:00:00.000000000",1,-0.5
27,"Ligier","1993-10-01 00:00:00.000000000",0,-1
27,"Ligier","1993-11-01 00:00:00.000000000",1,\N
27,"Ligier","1994-03-01 00:00:00.000000000",0,-1
27,"Ligier","1994-04-01 00:00:00.000000000",0,\N
27,"Ligier","1994-05-01 00:00:00.000000000",0,\N
27,"Ligier","1994-06-01 00:00:00.000000000",0,\N
27,"Ligier","1994-07-01 00:00:00.000000000",10,\N
27,"Ligier","1994-08-01 00:00:00.000000000",1,-0.9
27,"Ligier","1994-09-01 00:00:00.000000000",0,-1
27,"Ligier","1994-10-01 00:00:00.000000000",0,\N
27,"Ligier","1994-11-01 00:00:00.000000000",2,\N
27,"Ligier","1995-03-01 00:00:00.000000000",0,-1
27,"Ligier","1995-04-01 00:00:00.000000000",0,\N
27,"Ligier","1995-05-01 00:00:00.000000000",1,\N
27,"Ligier","1995-06-01 00:00:00.000000000",3,2
27,"Ligier","1995-07-01 00:00:00.000000000",7,1.3333333333333333
27,"Ligier","1995-08-01 00:00:00.000000000",5,-0.2857142857142857
27,"Ligier","1995-09-01 00:00:00.000000000",0,-1
27,"Ligier","1995-10-01 00:00:00.000000000",2,\N
27,"Ligier","1995-11-01 00:00:00.000000000",6,2
27,"Ligier","1996-03-01 00:00:00.000000000",1,-0.8333333333333334
27,"Ligier","1996-04-01 00:00:00.000000000",0,-1
27,"Ligier","1996-05-01 00:00:00.000000000",10,\N
27,"Ligier","1996-06-01 00:00:00.000000000",1,-0.9
27,"Ligier","1996-07-01 00:00:00.000000000",0,-1
27,"Ligier","1996-08-01 00:00:00.000000000",2,\N
27,"Ligier","1996-09-01 00:00:00.000000000",1,-0.5
27,"Ligier","1996-10-01 00:00:00.000000000",0,-1
28,"Forti","1995-03-01 00:00:00.000000000",0,\N
28,"Forti","1995-04-01 00:00:00.000000000",0,\N
28,"Forti","1995-05-01 00:00:00.000000000",0,\N
28,"Forti","1995-06-01 00:00:00.000000000",0,\N
28,"Forti","1995-07-01 00:00:00.000000000",0,\N
28,"Forti","1995-08-01 00:00:00.000000000",0,\N
28,"Forti","1995-09-01 00:00:00.000000000",0,\N
28,"Forti","1995-10-01 00:00:00.000000000",0,\N
28,"Forti","1995-11-01 00:00:00.000000000",0,\N
28,"Forti","1996-03-01 00:00:00.000000000",0,\N
28,"Forti","1996-04-01 00:00:00.000000000",0,\N
28,"Forti","1996-05-01 00:00:00.000000000",0,\N
28,"Forti","1996-06-01 00:00:00.000000000",0,\N
28,"Forti","1996-07-01 00:00:00.000000000",0,\N
29,"Footwork","1991-03-01 00:00:00.000000000",0,\N
29,"Footwork","1991-04-01 00:00:00.000000000",0,\N
29,"Footwork","1991-05-01 00:00:00.000000000",0,\N
29,"Footwork","1991-06-01 00:00:00.000000000",0,\N
29,"Footwork","1991-07-01 00:00:00.000000000",0,\N
29,"Footwork","1991-08-01 00:00:00.000000000",0,\N
29,"Footwork","1991-09-01 00:00:00.000000000",0,\N
29,"Footwork","1991-10-01 00:00:00.000000000",0,\N
29,"Footwork","1991-11-01 00:00:00.000000000",0,\N
29,"Footwork","1992-03-01 00:00:00.000000000",0,\N
29,"Footwork","1992-04-01 00:00:00.000000000",1,\N
29,"Footwork","1992-05-01 00:00:00.000000000",4,3
29,"Footwork","1992-06-01 00:00:00.000000000",0,-1
29,"Footwork","1992-07-01 00:00:00.000000000",0,\N
29,"Footwork","1992-08-01 00:00:00.000000000",0,\N
29,"Footwork","1992-09-01 00:00:00.000000000",1,\N
29,"Footwork","1992-10-01 00:00:00.000000000",0,-1
29,"Footwork","1992-11-01 00:00:00.000000000",0,\N
29,"Footwork","1993-03-01 00:00:00.000000000",0,\N
29,"Footwork","1993-04-01 00:00:00.000000000",0,\N
29,"Footwork","1993-05-01 00:00:00.000000000",0,\N
29,"Footwork","1993-06-01 00:00:00.000000000",0,\N
29,"Footwork","1993-07-01 00:00:00.000000000",1,\N
29,"Footwork","1993-08-01 00:00:00.000000000",3,2
29,"Footwork","1993-09-01 00:00:00.000000000",0,-1
29,"Footwork","1993-10-01 00:00:00.000000000",0,\N
29,"Footwork","1993-11-01 00:00:00.000000000",0,\N
29,"Footwork","1994-03-01 00:00:00.000000000",0,\N
29,"Footwork","1994-04-01 00:00:00.000000000",3,\N
29,"Footwork","1994-05-01 00:00:00.000000000",0,-1
29,"Footwork","1994-06-01 00:00:00.000000000",0,\N
29,"Footwork","1994-07-01 00:00:00.000000000",5,\N
29,"Footwork","1994-08-01 00:00:00.000000000",1,-0.8
29,"Footwork","1994-09-01 00:00:00.000000000",0,-1
29,"Footwork","1994-10-01 00:00:00.000000000",0,\N
29,"Footwork","1994-11-01 00:00:00.000000000",0,\N
29,"Footwork","1995-03-01 00:00:00.000000000",0,\N
29,"Footwork","1995-04-01 00:00:00.000000000",0,\N
29,"Footwork","1995-05-01 00:00:00.000000000",0,\N
29,"Footwork","1995-06-01 00:00:00.000000000",1,\N
29,"Footwork","1995-07-01 00:00:00.000000000",0,-1
29,"Footwork","1995-08-01 00:00:00.000000000",0,\N
29,"Footwork","1995-09-01 00:00:00.000000000",0,\N
29,"Footwork","1995-10-01 00:00:00.000000000",0,\N
29,"Footwork","1995-11-01 00:00:00.000000000",4,\N
29,"Footwork","1996-03-01 00:00:00.000000000",0,-1
29,"Footwork","1996-04-01 00:00:00.000000000",1,\N
29,"Footwork","1996-05-01 00:00:00.000000000",0,-1
29,"Footwork","1996-06-01 00:00:00.000000000",0,\N
29,"Footwork","1996-07-01 00:00:00.000000000",0,\N
29,"Footwork","1996-08-01 00:00:00.000000000",0,\N
29,"Footwork","1996-09-01 00:00:00.000000000",0,\N
29,"Footwork","1996-10-01 00:00:00.000000000",0,\N
30,"Pacific","1994-03-01 00:00:00.000000000",0,\N
30,"Pacific","1994-04-01 00:00:00.000000000",0,\N
30,"Pacific","1994-05-01 00:00:00.000000000",0,\N
30,"Pacific","1994-06-01 00:00:00.000000000",0,\N
30,"Pacific","1994-07-01 00:00:00.000000000",0,\N
30,"Pacific","1994-08-01 00:00:00.000000000",0,\N
30,"Pacific","1994-09-01 00:00:00.000000000",0,\N
30,"Pacific","1994-10-01 00:00:00.000000000",0,\N
30,"Pacific","1994-11-01 00:00:00.000000000",0,\N
30,"Pacific","1995-03-01 00:00:00.000000000",0,\N
30,"Pacific","1995-04-01 00:00:00.000000000",0,\N
30,"Pacific","1995-05-01 00:00:00.000000000",0,\N
30,"Pacific","1995-06-01 00:00:00.000000000",0,\N
30,"Pacific","1995-07-01 00:00:00.000000000",0,\N
30,"Pacific","1995-08-01 00:00:00.000000000",0,\N
30,"Pacific","1995-09-01 00:00:00.000000000",0,\N
30,"Pacific","1995-10-01 00:00:00.000000000",0,\N
30,"Pacific","1995-11-01 00:00:00.000000000",0,\N
31,"Simtek","1994-03-01 00:00:00.000000000",0,\N
31,"Simtek","1994-04-01 00:00:00.000000000",0,\N
31,"Simtek","1994-05-01 00:00:00.000000000",0,\N
31,"Simtek","1994-06-01 00:00:00.000000000",0,\N
31,"Simtek","1994-07-01 00:00:00.000000000",0,\N
31,"Simtek","1994-08-01 00:00:00.000000000",0,\N
31,"Simtek","1994-09-01 00:00:00.000000000",0,\N
31,"Simtek","1994-10-01 00:00:00.000000000",0,\N
31,"Simtek","1994-11-01 00:00:00.000000000",0,\N
31,"Simtek","1995-03-01 00:00:00.000000000",0,\N
31,"Simtek","1995-04-01 00:00:00.000000000",0,\N
31,"Simtek","1995-05-01 00:00:00.000000000",0,\N
32,"Team Lotus","1958-05-01 00:00:00.000000000",0,\N
32,"Team Lotus","1958-06-01 00:00:00.000000000",3,\N
32,"Team Lotus","1958-07-01 00:00:00.000000000",0,-1
32,"Team Lotus","1958-08-01 00:00:00.000000000",0,\N
32,"Team Lotus","1958-09-01 00:00:00.000000000",0,\N
32,"Team Lotus","1958-10-01 00:00:00.000000000",0,\N
32,"Team Lotus","1959-05-01 00:00:00.000000000",3,\N
32,"Team Lotus","1959-07-01 00:00:00.000000000",0,-1
32,"Team Lotus","1959-08-01 00:00:00.000000000",0,\N
32,"Team Lotus","1959-09-01 00:00:00.000000000",0,\N
32,"Team Lotus","1959-12-01 00:00:00.000000000",2,\N
32,"Team Lotus","1960-02-01 00:00:00.000000000",1,-0.5
32,"Team Lotus","1960-05-01 00:00:00.000000000",8,7
32,"Team Lotus","1960-06-01 00:00:00.000000000",8,0
32,"Team Lotus","1960-07-01 00:00:00.000000000",8,0
32,"Team Lotus","1960-08-01 00:00:00.000000000",4,-0.5
32,"Team Lotus","1960-11-01 00:00:00.000000000",8,1
32,"Team Lotus","1962-07-01 00:00:00.000000000",0,-1
32,"Team Lotus","1963-10-01 00:00:00.000000000",0,\N
32,"Team Lotus","1970-03-01 00:00:00.000000000",2,\N
32,"Team Lotus","1970-04-01 00:00:00.000000000",3,0.5
32,"Team Lotus","1970-05-01 00:00:00.000000000",9,2
32,"Team Lotus","1970-06-01 00:00:00.000000000",9,0
32,"Team Lotus","1970-07-01 00:00:00.000000000",18,1
32,"Team Lotus","1970-08-01 00:00:00.000000000",12,-0.3333333333333333
32,"Team Lotus","1970-09-01 00:00:00.000000000",0,-1
32,"Team Lotus","1970-10-01 00:00:00.000000000",9,\N
32,"Team Lotus","1972-01-01 00:00:00.000000000",0,-1
32,"Team Lotus","1972-03-01 00:00:00.000000000",6,\N
32,"Team Lotus","1972-05-01 00:00:00.000000000",13,1.1666666666666667
32,"Team Lotus","1972-06-01 00:00:00.000000000",9,-0.3076923076923077
32,"Team Lotus","1972-07-01 00:00:00.000000000",15,0.6666666666666666
32,"Team Lotus","1972-08-01 00:00:00.000000000",9,-0.4
32,"Team Lotus","1972-09-01 00:00:00.000000000",9,0
32,"Team Lotus","1972-10-01 00:00:00.000000000",0,-1
32,"Team Lotus","1973-01-01 00:00:00.000000000",9,\N
32,"Team Lotus","1973-02-01 00:00:00.000000000",9,0
32,"Team Lotus","1973-03-01 00:00:00.000000000",4,-0.5555555555555556
32,"Team Lotus","1973-04-01 00:00:00.000000000",9,1.25
32,"Team Lotus","1973-05-01 00:00:00.000000000",4,-0.5555555555555556
32,"Team Lotus","1973-06-01 00:00:00.000000000",12,2
32,"Team Lotus","1973-07-01 00:00:00.000000000",15,0.25
32,"Team Lotus","1973-08-01 00:00:00.000000000",10,-0.3333333333333333
32,"Team Lotus","1973-09-01 00:00:00.000000000",15,0.5
32,"Team Lotus","1973-10-01 00:00:00.000000000",9,-0.4
32,"Team Lotus","1974-01-01 00:00:00.000000000",4,-0.5555555555555556
32,"Team Lotus","1974-03-01 00:00:00.000000000",0,-1
32,"Team Lotus","1974-04-01 00:00:00.000000000",0,\N
32,"Team Lotus","1974-05-01 00:00:00.000000000",9,\N
32,"Team Lotus","1974-06-01 00:00:00.000000000",0,-1
32,"Team Lotus","1974-07-01 00:00:00.000000000",13,\N
32,"Team Lotus","1974-08-01 00:00:00.000000000",3,-0.7692307692307693
32,"Team Lotus","1974-09-01 00:00:00.000000000",13,3.3333333333333335
32,"Team Lotus","1974-10-01 00:00:00.000000000",0,-1
32,"Team Lotus","1975-01-01 00:00:00.000000000",0,\N
32,"Team Lotus","1975-03-01 00:00:00.000000000",0,\N
32,"Team Lotus","1975-04-01 00:00:00.000000000",3,\N
32,"Team Lotus","1975-05-01 00:00:00.000000000",3,0
32,"Team Lotus","1975-06-01 00:00:00.000000000",0,-1
32,"Team Lotus","1975-07-01 00:00:00.000000000",0,\N
32,"Team Lotus","1975-08-01 00:00:00.000000000",1,\N
32,"Team Lotus","1975-09-01 00:00:00.000000000",0,-1
32,"Team Lotus","1975-10-01 00:00:00.000000000",2,\N
32,"Team Lotus","1976-01-01 00:00:00.000000000",0,-1
32,"Team Lotus","1976-03-01 00:00:00.000000000",0,\N
32,"Team Lotus","1976-05-01 00:00:00.000000000",4,\N
32,"Team Lotus","1976-06-01 00:00:00.000000000",0,-1
32,"Team Lotus","1976-07-01 00:00:00.000000000",2,\N
32,"Team Lotus","1976-08-01 00:00:00.000000000",10,4
32,"Team Lotus","1976-09-01 00:00:00.000000000",0,-1
32,"Team Lotus","1976-10-01 00:00:00.000000000",13,\N
32,"Team Lotus","1977-01-01 00:00:00.000000000",4,-0.6923076923076923
32,"Team Lotus","1977-03-01 00:00:00.000000000",0,-1
32,"Team Lotus","1977-04-01 00:00:00.000000000",9,\N
32,"Team Lotus","1977-05-01 00:00:00.000000000",11,0.2222222222222222
32,"Team Lotus","1977-06-01 00:00:00.000000000",10,-0.09090909090909091
32,"Team Lotus","1977-07-01 00:00:00.000000000",13,0.3
32,"Team Lotus","1977-08-01 00:00:00.000000000",0,-1
32,"Team Lotus","1977-09-01 00:00:00.000000000",9,\N
32,"Team Lotus","1977-10-01 00:00:00.000000000",6,-0.3333333333333333
32,"Team Lotus","1978-01-01 00:00:00.000000000",12,1
32,"Team Lotus","1978-03-01 00:00:00.000000000",9,-0.25
32,"Team Lotus","1978-04-01 00:00:00.000000000",6,-0.3333333333333333
32,"Team Lotus","1978-05-01 00:00:00.000000000",9,0.5
32,"Team Lotus","1978-06-01 00:00:00.000000000",13,0.4444444444444444
32,"Team Lotus","1978-07-01 00:00:00.000000000",18,0.38461538461538464
32,"Team Lotus","1978-08-01 00:00:00.000000000",18,0
32,"Team Lotus","1978-09-01 00:00:00.000000000",1,-0.9444444444444444
32,"Team Lotus","1978-10-01 00:00:00.000000000",0,-1
32,"Team Lotus","1979-01-01 00:00:00.000000000",8,\N
32,"Team Lotus","1979-02-01 00:00:00.000000000",4,-0.5
32,"Team Lotus","1979-03-01 00:00:00.000000000",5,0.25
32,"Team Lotus","1979-04-01 00:00:00.000000000",13,1.6
32,"Team Lotus","1979-05-01 00:00:00.000000000",7,-0.46153846153846156
32,"Team Lotus","1979-07-01 00:00:00.000000000",0,-1
32,"Team Lotus","1979-08-01 00:00:00.000000000",0,\N
32,"Team Lotus","1979-09-01 00:00:00.000000000",2,\N
32,"Team Lotus","1979-10-01 00:00:00.000000000",0,-1
32,"Team Lotus","1980-01-01 00:00:00.000000000",6,\N
32,"Team Lotus","1980-03-01 00:00:00.000000000",0,-1
32,"Team Lotus","1980-05-01 00:00:00.000000000",0,\N
32,"Team Lotus","1980-06-01 00:00:00.000000000",0,\N
32,"Team Lotus","1980-07-01 00:00:00.000000000",0,\N
32,"Team Lotus","1980-08-01 00:00:00.000000000",1,\N
32,"Team Lotus","1980-09-01 00:00:00.000000000",3,2
32,"Team Lotus","1980-10-01 00:00:00.000000000",4,0.3333333333333333
32,"Team Lotus","1981-03-01 00:00:00.000000000",2,-0.5
32,"Team Lotus","1981-04-01 00:00:00.000000000",1,-0.5
32,"Team Lotus","1981-05-01 00:00:00.000000000",6,5
32,"Team Lotus","1981-06-01 00:00:00.000000000",3,-0.5
32,"Team Lotus","1981-07-01 00:00:00.000000000",1,-0.6666666666666666
32,"Team Lotus","1981-08-01 00:00:00.000000000",2,1
32,"Team Lotus","1981-09-01 00:00:00.000000000",4,1
32,"Team Lotus","1981-10-01 00:00:00.000000000",3,-0.25
32,"Team Lotus","1982-01-01 00:00:00.000000000",0,-1
32,"Team Lotus","1982-03-01 00:00:00.000000000",4,\N
32,"Team Lotus","1982-04-01 00:00:00.000000000",2,-0.5
32,"Team Lotus","1982-05-01 00:00:00.000000000",8,3
32,"Team Lotus","1982-06-01 00:00:00.000000000",3,-0.625
32,"Team Lotus","1982-07-01 00:00:00.000000000",3,0
32,"Team Lotus","1982-08-01 00:00:00.000000000",10,2.3333333333333335
32,"Team Lotus","1982-09-01 00:00:00.000000000",0,-1
32,"Team Lotus","1983-03-01 00:00:00.000000000",0,\N
32,"Team Lotus","1983-04-01 00:00:00.000000000",0,\N
32,"Team Lotus","1983-05-01 00:00:00.000000000",0,\N
32,"Team Lotus","1983-06-01 00:00:00.000000000",1,\N
32,"Team Lotus","1983-07-01 00:00:00.000000000",3,2
32,"Team Lotus","1983-08-01 00:00:00.000000000",2,-0.3333333333333333
32,"Team Lotus","1983-09-01 00:00:00.000000000",6,2
32,"Team Lotus","1983-10-01 00:00:00.000000000",0,-1
32,"Team Lotus","1984-03-01 00:00:00.000000000",4,\N
32,"Team Lotus","1984-04-01 00:00:00.000000000",2,-0.5
32,"Team Lotus","1984-05-01 00:00:00.000000000",10,4
32,"Team Lotus","1984-06-01 00:00:00.000000000",11,0.1
32,"Team Lotus","1984-07-01 00:00:00.000000000",8,-0.2727272727272727
32,"Team Lotus","1984-08-01 00:00:00.000000000",10,0.25
32,"Team Lotus","1984-09-01 00:00:00.000000000",0,-1
32,"Team Lotus","1984-10-01 00:00:00.000000000",2,\N
32,"Team Lotus","1985-04-01 00:00:00.000000000",16,7
32,"Team Lotus","1985-05-01 00:00:00.000000000",13,-0.1875
32,"Team Lotus","1985-06-01 00:00:00.000000000",4,-0.6923076923076923
32,"Team Lotus","1985-07-01 00:00:00.000000000",2,-0.5
32,"Team Lotus","1985-08-01 00:00:00.000000000",14,6
32,"Team Lotus","1985-09-01 00:00:00.000000000",14,0
32,"Team Lotus","1985-10-01 00:00:00.000000000",8,-0.42857142857142855
32,"Team Lotus","1985-11-01 00:00:00.000000000",0,-1
32,"Team Lotus","1986-03-01 00:00:00.000000000",6,\N
32,"Team Lotus","1986-04-01 00:00:00.000000000",9,0.5
32,"Team Lotus","1986-05-01 00:00:00.000000000",10,0.1111111111111111
32,"Team Lotus","1986-06-01 00:00:00.000000000",11,0.1
32,"Team Lotus","1986-07-01 00:00:00.000000000",6,-0.45454545454545453
32,"Team Lotus","1986-08-01 00:00:00.000000000",8,0.3333333333333333
32,"Team Lotus","1986-09-01 00:00:00.000000000",3,-0.625
32,"Team Lotus","1986-10-01 00:00:00.000000000",5,0.6666666666666666
32,"Team Lotus","1987-04-01 00:00:00.000000000",0,-1
32,"Team Lotus","1987-05-01 00:00:00.000000000",18,\N
32,"Team Lotus","1987-06-01 00:00:00.000000000",9,-0.5
32,"Team Lotus","1987-07-01 00:00:00.000000000",14,0.5555555555555556
32,"Team Lotus","1987-08-01 00:00:00.000000000",8,-0.42857142857142855
32,"Team Lotus","1987-09-01 00:00:00.000000000",8,0
32,"Team Lotus","1987-10-01 00:00:00.000000000",0,-1
32,"Team Lotus","1987-11-01 00:00:00.000000000",7,\N
32,"Team Lotus","1988-04-01 00:00:00.000000000",5,-0.2857142857142857
32,"Team Lotus","1988-05-01 00:00:00.000000000",4,-0.2
32,"Team Lotus","1988-06-01 00:00:00.000000000",3,-0.25
32,"Team Lotus","1988-07-01 00:00:00.000000000",4,0.3333333333333333
32,"Team Lotus","1988-08-01 00:00:00.000000000",3,-0.25
32,"Team Lotus","1988-09-01 00:00:00.000000000",0,-1
32,"Team Lotus","1988-10-01 00:00:00.000000000",0,\N
32,"Team Lotus","1988-11-01 00:00:00.000000000",4,\N
32,"Team Lotus","1989-03-01 00:00:00.000000000",0,-1
32,"Team Lotus","1989-04-01 00:00:00.000000000",0,\N
32,"Team Lotus","1989-05-01 00:00:00.000000000",0,\N
32,"Team Lotus","1989-06-01 00:00:00.000000000",3,\N
32,"Team Lotus","1989-07-01 00:00:00.000000000",5,0.6666666666666666
32,"Team Lotus","1989-08-01 00:00:00.000000000",1,-0.8
32,"Team Lotus","1989-09-01 00:00:00.000000000",0,-1
32,"Team Lotus","1989-10-01 00:00:00.000000000",3,\N
32,"Team Lotus","1989-11-01 00:00:00.000000000",3,0
32,"Team Lotus","1990-03-01 00:00:00.000000000",0,-1
32,"Team Lotus","1990-05-01 00:00:00.000000000",0,\N
32,"Team Lotus","1990-06-01 00:00:00.000000000",1,\N
32,"Team Lotus","1990-07-01 00:00:00.000000000",0,-1
32,"Team Lotus","1990-08-01 00:00:00.000000000",2,\N
32,"Team Lotus","1990-09-01 00:00:00.000000000",0,-1
32,"Team Lotus","1990-10-01 00:00:00.000000000",0,\N
32,"Team Lotus","1990-11-01 00:00:00.000000000",0,\N
32,"Team Lotus","1991-03-01 00:00:00.000000000",0,\N
32,"Team Lotus","1991-04-01 00:00:00.000000000",3,\N
32,"Team Lotus","1991-05-01 00:00:00.000000000",0,-1
32,"Team Lotus","1991-06-01 00:00:00.000000000",0,\N
32,"Team Lotus","1991-07-01 00:00:00.000000000",0,\N
32,"Team Lotus","1991-08-01 00:00:00.000000000",0,\N
32,"Team Lotus","1991-09-01 00:00:00.000000000",0,\N
32,"Team Lotus","1991-10-01 00:00:00.000000000",0,\N
32,"Team Lotus","1991-11-01 00:00:00.000000000",0,\N
32,"Team Lotus","1992-03-01 00:00:00.000000000",2,\N
32,"Team Lotus","1992-04-01 00:00:00.000000000",0,-1
32,"Team Lotus","1992-05-01 00:00:00.000000000",0,\N
32,"Team Lotus","1992-06-01 00:00:00.000000000",0,\N
32,"Team Lotus","1992-07-01 00:00:00.000000000",5,\N
32,"Team Lotus","1992-08-01 00:00:00.000000000",4,-0.2
32,"Team Lotus","1992-09-01 00:00:00.000000000",2,-0.5
32,"Team Lotus","1992-10-01 00:00:00.000000000",0,-1
32,"Team Lotus","1992-11-01 00:00:00.000000000",0,\N
32,"Team Lotus","1993-03-01 00:00:00.000000000",4,\N
32,"Team Lotus","1993-04-01 00:00:00.000000000",3,-0.25
32,"Team Lotus","1993-05-01 00:00:00.000000000",0,-1
32,"Team Lotus","1993-06-01 00:00:00.000000000",0,\N
32,"Team Lotus","1993-07-01 00:00:00.000000000",3,\N
32,"Team Lotus","1993-08-01 00:00:00.000000000",2,-0.3333333333333333
32,"Team Lotus","1993-09-01 00:00:00.000000000",0,-1
32,"Team Lotus","1993-10-01 00:00:00.000000000",0,\N
32,"Team Lotus","1993-11-01 00:00:00.000000000",0,\N
32,"Team Lotus","1994-03-01 00:00:00.000000000",0,\N
32,"Team Lotus","1994-04-01 00:00:00.000000000",0,\N
32,"Team Lotus","1994-05-01 00:00:00.000000000",0,\N
32,"Team Lotus","1994-06-01 00:00:00.000000000",0,\N
32,"Team Lotus","1994-07-01 00:00:00.000000000",0,\N
32,"Team Lotus","1994-08-01 00:00:00.000000000",0,\N
32,"Team Lotus","1994-09-01 00:00:00.000000000",0,\N
32,"Team Lotus","1994-10-01 00:00:00.000000000",0,\N
32,"Team Lotus","1994-11-01 00:00:00.000000000",0,\N
33,"Larrousse","1987-05-01 00:00:00.000000000",0,\N
33,"Larrousse","1987-06-01 00:00:00.000000000",0,\N
33,"Larrousse","1987-07-01 00:00:00.000000000",1,\N
33,"Larrousse","1987-08-01 00:00:00.000000000",0,-1
33,"Larrousse","1987-09-01 00:00:00.000000000",1,\N
33,"Larrousse","1987-10-01 00:00:00.000000000",1,0
33,"Larrousse","1987-11-01 00:00:00.000000000",0,-1
33,"Larrousse","1988-04-01 00:00:00.000000000",0,\N
33,"Larrousse","1988-05-01 00:00:00.000000000",0,\N
33,"Larrousse","1988-06-01 00:00:00.000000000",0,\N
33,"Larrousse","1988-07-01 00:00:00.000000000",0,\N
33,"Larrousse","1988-08-01 00:00:00.000000000",0,\N
33,"Larrousse","1988-09-01 00:00:00.000000000",0,\N
33,"Larrousse","1988-10-01 00:00:00.000000000",0,\N
33,"Larrousse","1988-11-01 00:00:00.000000000",0,\N
33,"Larrousse","1989-03-01 00:00:00.000000000",0,\N
33,"Larrousse","1989-04-01 00:00:00.000000000",0,\N
33,"Larrousse","1989-05-01 00:00:00.000000000",0,\N
33,"Larrousse","1989-06-01 00:00:00.000000000",0,\N
33,"Larrousse","1989-07-01 00:00:00.000000000",0,\N
33,"Larrousse","1989-08-01 00:00:00.000000000",0,\N
33,"Larrousse","1989-09-01 00:00:00.000000000",0,\N
33,"Larrousse","1989-10-01 00:00:00.000000000",1,\N
33,"Larrousse","1989-11-01 00:00:00.000000000",0,-1
33,"Larrousse","1990-03-01 00:00:00.000000000",0,\N
33,"Larrousse","1990-05-01 00:00:00.000000000",1,\N
33,"Larrousse","1990-06-01 00:00:00.000000000",0,-1
33,"Larrousse","1990-07-01 00:00:00.000000000",4,\N
33,"Larrousse","1990-08-01 00:00:00.000000000",1,-0.75
33,"Larrousse","1990-09-01 00:00:00.000000000",1,0
33,"Larrousse","1990-10-01 00:00:00.000000000",4,3
33,"Larrousse","1990-11-01 00:00:00.000000000",0,-1
33,"Larrousse","1991-03-01 00:00:00.000000000",1,\N
33,"Larrousse","1991-11-01 00:00:00.000000000",0,-1
33,"Larrousse","1992-03-01 00:00:00.000000000",0,\N
33,"Larrousse","1992-04-01 00:00:00.000000000",0,\N
33,"Larrousse","1992-05-01 00:00:00.000000000",1,\N
33,"Larrousse","1992-06-01 00:00:00.000000000",0,-1
33,"Larrousse","1992-07-01 00:00:00.000000000",0,\N
33,"Larrousse","1992-08-01 00:00:00.000000000",0,\N
33,"Larrousse","1992-09-01 00:00:00.000000000",0,\N
33,"Larrousse","1992-10-01 00:00:00.000000000",0,\N
33,"Larrousse","1992-11-01 00:00:00.000000000",0,\N
33,"Larrousse","1993-03-01 00:00:00.000000000",0,\N
33,"Larrousse","1993-04-01 00:00:00.000000000",2,\N
33,"Larrousse","1993-05-01 00:00:00.000000000",0,-1
33,"Larrousse","1993-06-01 00:00:00.000000000",0,\N
33,"Larrousse","1993-07-01 00:00:00.000000000",0,\N
33,"Larrousse","1993-08-01 00:00:00.000000000",0,\N
33,"Larrousse","1993-09-01 00:00:00.000000000",1,\N
33,"Larrousse","1993-10-01 00:00:00.000000000",0,-1
33,"Larrousse","1993-11-01 00:00:00.000000000",0,\N
33,"Larrousse","1994-03-01 00:00:00.000000000",0,\N
33,"Larrousse","1994-04-01 00:00:00.000000000",1,\N
33,"Larrousse","1994-05-01 00:00:00.000000000",0,-1
33,"Larrousse","1994-06-01 00:00:00.000000000",0,\N
33,"Larrousse","1994-07-01 00:00:00.000000000",1,\N
33,"Larrousse","1994-08-01 00:00:00.000000000",0,-1
33,"Larrousse","1994-09-01 00:00:00.000000000",0,\N
33,"Larrousse","1994-10-01 00:00:00.000000000",0,\N
33,"Larrousse","1994-11-01 00:00:00.000000000",0,\N
34,"Brabham","1962-08-01 00:00:00.000000000",0,\N
34,"Brabham","1962-10-01 00:00:00.000000000",3,\N
34,"Brabham","1962-12-01 00:00:00.000000000",3,0
34,"Brabham","1963-05-01 00:00:00.000000000",0,-1
34,"Brabham","1963-06-01 00:00:00.000000000",13,\N
34,"Brabham","1963-07-01 00:00:00.000000000",0,-1
34,"Brabham","1963-08-01 00:00:00.000000000",0,\N
34,"Brabham","1963-09-01 00:00:00.000000000",2,\N
34,"Brabham","1963-10-01 00:00:00.000000000",9,3.5
34,"Brabham","1963-12-01 00:00:00.000000000",6,-0.3333333333333333
34,"Brabham","1970-03-01 00:00:00.000000000",9,0.5
34,"Brabham","1970-04-01 00:00:00.000000000",0,-1
34,"Brabham","1970-05-01 00:00:00.000000000",6,\N
34,"Brabham","1970-06-01 00:00:00.000000000",2,-0.6666666666666666
34,"Brabham","1970-07-01 00:00:00.000000000",10,4
34,"Brabham","1970-08-01 00:00:00.000000000",6,-0.4
34,"Brabham","1970-09-01 00:00:00.000000000",2,-0.6666666666666666
34,"Brabham","1970-10-01 00:00:00.000000000",0,-1
34,"Brabham","1971-03-01 00:00:00.000000000",0,\N
34,"Brabham","1971-04-01 00:00:00.000000000",0,\N
34,"Brabham","1971-05-01 00:00:00.000000000",0,\N
34,"Brabham","1971-06-01 00:00:00.000000000",0,\N
34,"Brabham","1971-07-01 00:00:00.000000000",0,\N
34,"Brabham","1971-08-01 00:00:00.000000000",5,\N
34,"Brabham","1971-09-01 00:00:00.000000000",0,-1
34,"Brabham","1971-10-01 00:00:00.000000000",0,\N
34,"Brabham","1972-01-01 00:00:00.000000000",0,\N
34,"Brabham","1972-03-01 00:00:00.000000000",1,\N
34,"Brabham","1972-05-01 00:00:00.000000000",0,-1
34,"Brabham","1972-06-01 00:00:00.000000000",0,\N
34,"Brabham","1972-07-01 00:00:00.000000000",1,\N
34,"Brabham","1972-08-01 00:00:00.000000000",0,-1
34,"Brabham","1972-09-01 00:00:00.000000000",5,\N
34,"Brabham","1972-10-01 00:00:00.000000000",0,-1
34,"Brabham","1973-01-01 00:00:00.000000000",1,\N
34,"Brabham","1973-02-01 00:00:00.000000000",0,-1
34,"Brabham","1973-03-01 00:00:00.000000000",0,\N
34,"Brabham","1973-04-01 00:00:00.000000000",0,\N
34,"Brabham","1973-05-01 00:00:00.000000000",3,\N
34,"Brabham","1973-06-01 00:00:00.000000000",3,0
34,"Brabham","1973-07-01 00:00:00.000000000",5,0.6666666666666666
34,"Brabham","1973-08-01 00:00:00.000000000",5,0
34,"Brabham","1973-09-01 00:00:00.000000000",1,-0.8
34,"Brabham","1973-10-01 00:00:00.000000000",4,3
34,"Brabham","1974-01-01 00:00:00.000000000",0,-1
34,"Brabham","1974-03-01 00:00:00.000000000",9,\N
34,"Brabham","1974-04-01 00:00:00.000000000",0,-1
34,"Brabham","1974-05-01 00:00:00.000000000",1,\N
34,"Brabham","1974-06-01 00:00:00.000000000",0,-1
34,"Brabham","1974-07-01 00:00:00.000000000",1,\N
34,"Brabham","1974-08-01 00:00:00.000000000",13,12
34,"Brabham","1974-09-01 00:00:00.000000000",2,-0.8461538461538461
34,"Brabham","1974-10-01 00:00:00.000000000",9,3.5
34,"Brabham","1975-01-01 00:00:00.000000000",13,0.4444444444444444
34,"Brabham","1975-03-01 00:00:00.000000000",6,-0.5384615384615384
34,"Brabham","1975-04-01 00:00:00.000000000",2,-0.6666666666666666
34,"Brabham","1975-05-01 00:00:00.000000000",8,3
34,"Brabham","1975-06-01 00:00:00.000000000",9,0.125
34,"Brabham","1975-07-01 00:00:00.000000000",6,-0.3333333333333333
34,"Brabham","1975-08-01 00:00:00.000000000",9,0.5
34,"Brabham","1975-09-01 00:00:00.000000000",3,-0.6666666666666666
34,"Brabham","1975-10-01 00:00:00.000000000",0,-1
34,"Brabham","1977-01-01 00:00:00.000000000",6,\N
34,"Brabham","1977-03-01 00:00:00.000000000",1,-0.8333333333333334
34,"Brabham","1977-04-01 00:00:00.000000000",0,-1
34,"Brabham","1977-05-01 00:00:00.000000000",1,\N
34,"Brabham","1977-06-01 00:00:00.000000000",3,2
34,"Brabham","1977-07-01 00:00:00.000000000",12,3
34,"Brabham","1977-08-01 00:00:00.000000000",4,-0.6666666666666666
34,"Brabham","1977-09-01 00:00:00.000000000",0,-1
34,"Brabham","1977-10-01 00:00:00.000000000",0,\N
34,"Brabham","1978-01-01 00:00:00.000000000",10,\N
34,"Brabham","1978-03-01 00:00:00.000000000",4,-0.6
34,"Brabham","1978-04-01 00:00:00.000000000",0,-1
34,"Brabham","1978-05-01 00:00:00.000000000",6,\N
34,"Brabham","1978-06-01 00:00:00.000000000",11,0.8333333333333334
34,"Brabham","1978-07-01 00:00:00.000000000",9,-0.18181818181818182
34,"Brabham","1978-08-01 00:00:00.000000000",4,-0.5555555555555556
34,"Brabham","1978-09-01 00:00:00.000000000",9,1.25
34,"Brabham","1978-10-01 00:00:00.000000000",0,-1
34,"Brabham","1979-03-01 00:00:00.000000000",1,\N
34,"Brabham","1979-08-01 00:00:00.000000000",0,-1
34,"Brabham","1980-01-01 00:00:00.000000000",6,\N
34,"Brabham","1980-03-01 00:00:00.000000000",12,1
34,"Brabham","1980-05-01 00:00:00.000000000",4,-0.6666666666666666
34,"Brabham","1980-06-01 00:00:00.000000000",3,-0.25
34,"Brabham","1980-07-01 00:00:00.000000000",6,1
34,"Brabham","1980-08-01 00:00:00.000000000",14,1.3333333333333333
34,"Brabham","1980-09-01 00:00:00.000000000",10,-0.2857142857142857
34,"Brabham","1980-10-01 00:00:00.000000000",0,-1
34,"Brabham","1981-03-01 00:00:00.000000000",4,\N
34,"Brabham","1981-04-01 00:00:00.000000000",9,1.25
34,"Brabham","1981-05-01 00:00:00.000000000",12,0.3333333333333333
34,"Brabham","1981-06-01 00:00:00.000000000",0,-1
34,"Brabham","1981-07-01 00:00:00.000000000",6,\N
34,"Brabham","1981-08-01 00:00:00.000000000",25,3.1666666666666665
34,"Brabham","1981-09-01 00:00:00.000000000",3,-0.88
34,"Brabham","1981-10-01 00:00:00.000000000",2,-0.3333333333333333
34,"Brabham","1982-01-01 00:00:00.000000000",0,-1
34,"Brabham","1982-03-01 00:00:00.000000000",0,\N
34,"Brabham","1982-04-01 00:00:00.000000000",4,\N
34,"Brabham","1982-05-01 00:00:00.000000000",11,1.75
34,"Brabham","1982-06-01 00:00:00.000000000",15,0.36363636363636365
34,"Brabham","1982-07-01 00:00:00.000000000",6,-0.6
34,"Brabham","1982-08-01 00:00:00.000000000",5,-0.16666666666666666
34,"Brabham","1982-09-01 00:00:00.000000000",0,-1
34,"Brabham","1983-03-01 00:00:00.000000000",9,\N
34,"Brabham","1983-04-01 00:00:00.000000000",6,-0.3333333333333333
34,"Brabham","1983-05-01 00:00:00.000000000",9,0.5
34,"Brabham","1983-06-01 00:00:00.000000000",3,-0.6666666666666666
34,"Brabham","1983-07-01 00:00:00.000000000",6,1
34,"Brabham","1983-08-01 00:00:00.000000000",8,0.3333333333333333
34,"Brabham","1983-09-01 00:00:00.000000000",18,1.25
34,"Brabham","1983-10-01 00:00:00.000000000",13,-0.2777777777777778
34,"Brabham","1984-03-01 00:00:00.000000000",0,-1
34,"Brabham","1984-04-01 00:00:00.000000000",0,\N
34,"Brabham","1984-05-01 00:00:00.000000000",0,\N
34,"Brabham","1984-06-01 00:00:00.000000000",22,\N
34,"Brabham","1984-07-01 00:00:00.000000000",0,-1
34,"Brabham","1984-08-01 00:00:00.000000000",11,\N
34,"Brabham","1984-09-01 00:00:00.000000000",0,-1
34,"Brabham","1984-10-01 00:00:00.000000000",5,\N
34,"Brabham","1985-04-01 00:00:00.000000000",0,-1
34,"Brabham","1985-05-01 00:00:00.000000000",0,\N
34,"Brabham","1985-06-01 00:00:00.000000000",1,\N
34,"Brabham","1985-07-01 00:00:00.000000000",13,12
34,"Brabham","1985-08-01 00:00:00.000000000",1,-0.9230769230769231
34,"Brabham","1985-09-01 00:00:00.000000000",11,10
34,"Brabham","1985-10-01 00:00:00.000000000",0,-1
34,"Brabham","1985-11-01 00:00:00.000000000",0,\N
34,"Brabham","1986-03-01 00:00:00.000000000",0,\N
34,"Brabham","1986-04-01 00:00:00.000000000",1,\N
34,"Brabham","1986-05-01 00:00:00.000000000",0,-1
34,"Brabham","1986-06-01 00:00:00.000000000",1,\N
34,"Brabham","1986-07-01 00:00:00.000000000",0,-1
34,"Brabham","1986-08-01 00:00:00.000000000",0,\N
34,"Brabham","1986-09-01 00:00:00.000000000",0,\N
34,"Brabham","1986-10-01 00:00:00.000000000",0,\N
34,"Brabham","1987-04-01 00:00:00.000000000",0,\N
34,"Brabham","1987-05-01 00:00:00.000000000",4,\N
34,"Brabham","1987-06-01 00:00:00.000000000",0,-1
34,"Brabham","1987-07-01 00:00:00.000000000",0,\N
34,"Brabham","1987-08-01 00:00:00.000000000",2,\N
34,"Brabham","1987-09-01 00:00:00.000000000",0,-1
34,"Brabham","1987-10-01 00:00:00.000000000",4,\N
34,"Brabham","1987-11-01 00:00:00.000000000",0,-1
34,"Brabham","1989-03-01 00:00:00.000000000",0,\N
34,"Brabham","1989-04-01 00:00:00.000000000",0,\N
34,"Brabham","1989-05-01 00:00:00.000000000",5,\N
34,"Brabham","1989-06-01 00:00:00.000000000",0,-1
34,"Brabham","1989-07-01 00:00:00.000000000",0,\N
34,"Brabham","1989-08-01 00:00:00.000000000",0,\N
34,"Brabham","1989-09-01 00:00:00.000000000",1,\N
34,"Brabham","1989-10-01 00:00:00.000000000",2,1
34,"Brabham","1989-11-01 00:00:00.000000000",0,-1
34,"Brabham","1990-03-01 00:00:00.000000000",2,\N
34,"Brabham","1990-05-01 00:00:00.000000000",0,-1
34,"Brabham","1990-06-01 00:00:00.000000000",0,\N
34,"Brabham","1990-07-01 00:00:00.000000000",0,\N
34,"Brabham","1990-08-01 00:00:00.000000000",0,\N
34,"Brabham","1990-09-01 00:00:00.000000000",0,\N
34,"Brabham","1990-10-01 00:00:00.000000000",0,\N
34,"Brabham","1990-11-01 00:00:00.000000000",0,\N
34,"Brabham","1991-03-01 00:00:00.000000000",0,\N
34,"Brabham","1991-04-01 00:00:00.000000000",0,\N
34,"Brabham","1991-05-01 00:00:00.000000000",0,\N
34,"Brabham","1991-06-01 00:00:00.000000000",0,\N
34,"Brabham","1991-07-01 00:00:00.000000000",0,\N
34,"Brabham","1991-08-01 00:00:00.000000000",1,\N
34,"Brabham","1991-09-01 00:00:00.000000000",0,-1
34,"Brabham","1991-10-01 00:00:00.000000000",2,\N
34,"Brabham","1991-11-01 00:00:00.000000000",0,-1
34,"Brabham","1992-03-01 00:00:00.000000000",0,\N
34,"Brabham","1992-04-01 00:00:00.000000000",0,\N
34,"Brabham","1992-05-01 00:00:00.000000000",0,\N
34,"Brabham","1992-06-01 00:00:00.000000000",0,\N
34,"Brabham","1992-07-01 00:00:00.000000000",0,\N
34,"Brabham","1992-08-01 00:00:00.000000000",0,\N
35,"Dallara","1988-04-01 00:00:00.000000000",0,\N
35,"Dallara","1988-05-01 00:00:00.000000000",0,\N
35,"Dallara","1988-06-01 00:00:00.000000000",0,\N
35,"Dallara","1988-07-01 00:00:00.000000000",0,\N
35,"Dallara","1988-08-01 00:00:00.000000000",0,\N
35,"Dallara","1988-09-01 00:00:00.000000000",0,\N
35,"Dallara","1988-10-01 00:00:00.000000000",0,\N
35,"Dallara","1988-11-01 00:00:00.000000000",0,\N
35,"Dallara","1989-03-01 00:00:00.000000000",0,\N
35,"Dallara","1989-04-01 00:00:00.000000000",0,\N
35,"Dallara","1989-05-01 00:00:00.000000000",3,\N
35,"Dallara","1989-06-01 00:00:00.000000000",5,0.6666666666666666
35,"Dallara","1989-07-01 00:00:00.000000000",0,-1
35,"Dallara","1989-08-01 00:00:00.000000000",0,\N
35,"Dallara","1989-09-01 00:00:00.000000000",0,\N
35,"Dallara","1989-10-01 00:00:00.000000000",0,\N
35,"Dallara","1989-11-01 00:00:00.000000000",0,\N
35,"Dallara","1990-03-01 00:00:00.000000000",0,\N
35,"Dallara","1990-05-01 00:00:00.000000000",0,\N
35,"Dallara","1990-06-01 00:00:00.000000000",0,\N
35,"Dallara","1990-07-01 00:00:00.000000000",0,\N
35,"Dallara","1990-08-01 00:00:00.000000000",0,\N
35,"Dallara","1990-09-01 00:00:00.000000000",0,\N
35,"Dallara","1990-10-01 00:00:00.000000000",0,\N
35,"Dallara","1990-11-01 00:00:00.000000000",0,\N
35,"Dallara","1991-03-01 00:00:00.000000000",0,\N
35,"Dallara","1991-04-01 00:00:00.000000000",4,\N
35,"Dallara","1991-05-01 00:00:00.000000000",1,-0.75
35,"Dallara","1991-06-01 00:00:00.000000000",0,-1
35,"Dallara","1991-07-01 00:00:00.000000000",0,\N
35,"Dallara","1991-08-01 00:00:00.000000000",0,\N
35,"Dallara","1991-09-01 00:00:00.000000000",0,\N
35,"Dallara","1991-10-01 00:00:00.000000000",0,\N
35,"Dallara","1991-11-01 00:00:00.000000000",0,\N
35,"Dallara","1992-03-01 00:00:00.000000000",0,\N
35,"Dallara","1992-04-01 00:00:00.000000000",0,\N
35,"Dallara","1992-05-01 00:00:00.000000000",2,\N
35,"Dallara","1992-06-01 00:00:00.000000000",0,-1
35,"Dallara","1992-07-01 00:00:00.000000000",0,\N
35,"Dallara","1992-08-01 00:00:00.000000000",0,\N
35,"Dallara","1992-09-01 00:00:00.000000000",0,\N
35,"Dallara","1992-10-01 00:00:00.000000000",0,\N
35,"Dallara","1992-11-01 00:00:00.000000000",0,\N
36,"Fondmetal","1991-03-01 00:00:00.000000000",0,\N
36,"Fondmetal","1991-04-01 00:00:00.000000000",0,\N
36,"Fondmetal","1991-05-01 00:00:00.000000000",0,\N
36,"Fondmetal","1991-06-01 00:00:00.000000000",0,\N
36,"Fondmetal","1991-07-01 00:00:00.000000000",0,\N
36,"Fondmetal","1991-08-01 00:00:00.000000000",0,\N
36,"Fondmetal","1991-09-01 00:00:00.000000000",0,\N
36,"Fondmetal","1991-10-01 00:00:00.000000000",0,\N
36,"Fondmetal","1991-11-01 00:00:00.000000000",0,\N
36,"Fondmetal","1992-03-01 00:00:00.000000000",0,\N
36,"Fondmetal","1992-04-01 00:00:00.000000000",0,\N
36,"Fondmetal","1992-05-01 00:00:00.000000000",0,\N
36,"Fondmetal","1992-06-01 00:00:00.000000000",0,\N
36,"Fondmetal","1992-07-01 00:00:00.000000000",0,\N
36,"Fondmetal","1992-08-01 00:00:00.000000000",0,\N
36,"Fondmetal","1992-09-01 00:00:00.000000000",0,\N
37,"March","1970-03-01 00:00:00.000000000",4,\N
37,"March","1970-04-01 00:00:00.000000000",9,1.25
37,"March","1970-05-01 00:00:00.000000000",0,-1
37,"March","1970-06-01 00:00:00.000000000",12,\N
37,"March","1970-07-01 00:00:00.000000000",8,-0.3333333333333333
37,"March","1970-08-01 00:00:00.000000000",0,-1
37,"March","1970-09-01 00:00:00.000000000",10,\N
37,"March","1970-10-01 00:00:00.000000000",5,-0.5
37,"March","1972-01-01 00:00:00.000000000",1,-0.8
37,"March","1972-03-01 00:00:00.000000000",2,1
37,"March","1972-05-01 00:00:00.000000000",1,-0.5
37,"March","1972-06-01 00:00:00.000000000",2,1
37,"March","1972-07-01 00:00:00.000000000",6,2
37,"March","1972-08-01 00:00:00.000000000",0,-1
37,"March","1972-09-01 00:00:00.000000000",0,\N
37,"March","1972-10-01 00:00:00.000000000",3,\N
37,"March","1973-01-01 00:00:00.000000000",0,-1
37,"March","1973-02-01 00:00:00.000000000",0,\N
37,"March","1973-03-01 00:00:00.000000000",0,\N
37,"March","1973-04-01 00:00:00.000000000",0,\N
37,"March","1973-05-01 00:00:00.000000000",0,\N
37,"March","1973-06-01 00:00:00.000000000",0,\N
37,"March","1973-07-01 00:00:00.000000000",8,\N
37,"March","1973-08-01 00:00:00.000000000",0,-1
37,"March","1973-09-01 00:00:00.000000000",0,\N
37,"March","1973-10-01 00:00:00.000000000",6,\N
37,"March","1974-01-01 00:00:00.000000000",0,-1
37,"March","1974-03-01 00:00:00.000000000",2,\N
37,"March","1974-04-01 00:00:00.000000000",3,0.5
37,"March","1974-05-01 00:00:00.000000000",0,-1
37,"March","1974-06-01 00:00:00.000000000",0,\N
37,"March","1974-07-01 00:00:00.000000000",0,\N
37,"March","1974-08-01 00:00:00.000000000",1,\N
37,"March","1974-09-01 00:00:00.000000000",0,-1
37,"March","1974-10-01 00:00:00.000000000",0,\N
37,"March","1975-01-01 00:00:00.000000000",0,\N
37,"March","1975-03-01 00:00:00.000000000",0,\N
37,"March","1975-04-01 00:00:00.000000000",1,\N
37,"March","1975-05-01 00:00:00.000000000",0,-1
37,"March","1975-06-01 00:00:00.000000000",0,\N
37,"March","1975-07-01 00:00:00.000000000",2,\N
37,"March","1975-08-01 00:00:00.000000000",4.5,1.25
37,"March","1975-09-01 00:00:00.000000000",0,-1
37,"March","1975-10-01 00:00:00.000000000",0,\N
37,"March","1976-01-01 00:00:00.000000000",3,\N
37,"March","1976-03-01 00:00:00.000000000",0,-1
37,"March","1976-05-01 00:00:00.000000000",3,\N
37,"March","1976-06-01 00:00:00.000000000",0,-1
37,"March","1976-07-01 00:00:00.000000000",0,\N
37,"March","1976-08-01 00:00:00.000000000",2,\N
37,"March","1976-09-01 00:00:00.000000000",9,3.5
37,"March","1976-10-01 00:00:00.000000000",2,-0.7777777777777778
37,"March","1977-01-01 00:00:00.000000000",0,-1
37,"March","1977-03-01 00:00:00.000000000",0,\N
37,"March","1977-04-01 00:00:00.000000000",0,\N
37,"March","1977-05-01 00:00:00.000000000",0,\N
37,"March","1977-06-01 00:00:00.000000000",0,\N
37,"March","1977-07-01 00:00:00.000000000",0,\N
37,"March","1977-08-01 00:00:00.000000000",0,\N
37,"March","1977-09-01 00:00:00.000000000",0,\N
37,"March","1977-10-01 00:00:00.000000000",0,\N
37,"March","1981-03-01 00:00:00.000000000",0,\N
37,"March","1981-04-01 00:00:00.000000000",0,\N
37,"March","1981-05-01 00:00:00.000000000",0,\N
37,"March","1981-06-01 00:00:00.000000000",0,\N
37,"March","1981-07-01 00:00:00.000000000",0,\N
37,"March","1981-08-01 00:00:00.000000000",0,\N
37,"March","1981-09-01 00:00:00.000000000",0,\N
37,"March","1981-10-01 00:00:00.000000000",0,\N
37,"March","1982-01-01 00:00:00.000000000",0,\N
37,"March","1982-03-01 00:00:00.000000000",0,\N
37,"March","1982-04-01 00:00:00.000000000",0,\N
37,"March","1982-05-01 00:00:00.000000000",0,\N
37,"March","1982-06-01 00:00:00.000000000",0,\N
37,"March","1982-07-01 00:00:00.000000000",0,\N
37,"March","1982-08-01 00:00:00.000000000",0,\N
37,"March","1982-09-01 00:00:00.000000000",0,\N
37,"March","1987-04-01 00:00:00.000000000",0,\N
37,"March","1987-05-01 00:00:00.000000000",1,\N
37,"March","1987-06-01 00:00:00.000000000",0,-1
37,"March","1987-07-01 00:00:00.000000000",0,\N
37,"March","1987-08-01 00:00:00.000000000",0,\N
37,"March","1987-09-01 00:00:00.000000000",0,\N
37,"March","1987-10-01 00:00:00.000000000",0,\N
37,"March","1987-11-01 00:00:00.000000000",0,\N
37,"March","1988-04-01 00:00:00.000000000",0,\N
37,"March","1988-05-01 00:00:00.000000000",0,\N
37,"March","1988-06-01 00:00:00.000000000",2,\N
37,"March","1988-07-01 00:00:00.000000000",5,1.5
37,"March","1988-08-01 00:00:00.000000000",6,0.2
37,"March","1988-09-01 00:00:00.000000000",8,0.3333333333333333
37,"March","1988-10-01 00:00:00.000000000",0,-1
37,"March","1988-11-01 00:00:00.000000000",1,\N
37,"March","1989-03-01 00:00:00.000000000",4,3
37,"March","1989-04-01 00:00:00.000000000",0,-1
37,"March","1989-05-01 00:00:00.000000000",0,\N
37,"March","1989-06-01 00:00:00.000000000",0,\N
37,"March","1989-07-01 00:00:00.000000000",0,\N
37,"March","1989-08-01 00:00:00.000000000",0,\N
37,"March","1989-09-01 00:00:00.000000000",0,\N
37,"March","1989-10-01 00:00:00.000000000",0,\N
37,"March","1989-11-01 00:00:00.000000000",0,\N
37,"March","1992-03-01 00:00:00.000000000",0,\N
37,"March","1992-04-01 00:00:00.000000000",0,\N
37,"March","1992-05-01 00:00:00.000000000",0,\N
37,"March","1992-06-01 00:00:00.000000000",3,\N
37,"March","1992-07-01 00:00:00.000000000",0,-1
37,"March","1992-08-01 00:00:00.000000000",0,\N
37,"March","1992-09-01 00:00:00.000000000",0,\N
37,"March","1992-10-01 00:00:00.000000000",0,\N
37,"March","1992-11-01 00:00:00.000000000",0,\N
38,"Andrea Moda","1992-05-01 00:00:00.000000000",0,\N
38,"Andrea Moda","1992-06-01 00:00:00.000000000",0,\N
38,"Andrea Moda","1992-07-01 00:00:00.000000000",0,\N
38,"Andrea Moda","1992-08-01 00:00:00.000000000",0,\N
39,"AGS","1986-09-01 00:00:00.000000000",0,\N
39,"AGS","1987-04-01 00:00:00.000000000",0,\N
39,"AGS","1987-05-01 00:00:00.000000000",0,\N
39,"AGS","1987-06-01 00:00:00.000000000",0,\N
39,"AGS","1987-07-01 00:00:00.000000000",0,\N
39,"AGS","1987-08-01 00:00:00.000000000",0,\N
39,"AGS","1987-09-01 00:00:00.000000000",0,\N
39,"AGS","1987-11-01 00:00:00.000000000",1,\N
39,"AGS","1988-04-01 00:00:00.000000000",0,-1
39,"AGS","1988-05-01 00:00:00.000000000",0,\N
39,"AGS","1988-06-01 00:00:00.000000000",0,\N
39,"AGS","1988-07-01 00:00:00.000000000",0,\N
39,"AGS","1988-08-01 00:00:00.000000000",0,\N
39,"AGS","1988-09-01 00:00:00.000000000",0,\N
39,"AGS","1988-10-01 00:00:00.000000000",0,\N
39,"AGS","1988-11-01 00:00:00.000000000",0,\N
39,"AGS","1989-03-01 00:00:00.000000000",0,\N
39,"AGS","1989-04-01 00:00:00.000000000",0,\N
39,"AGS","1989-05-01 00:00:00.000000000",1,\N
39,"AGS","1989-06-01 00:00:00.000000000",0,-1
39,"AGS","1989-07-01 00:00:00.000000000",0,\N
39,"AGS","1989-08-01 00:00:00.000000000",0,\N
39,"AGS","1989-09-01 00:00:00.000000000",0,\N
39,"AGS","1989-10-01 00:00:00.000000000",0,\N
39,"AGS","1989-11-01 00:00:00.000000000",0,\N
39,"AGS","1990-03-01 00:00:00.000000000",0,\N
39,"AGS","1990-05-01 00:00:00.000000000",0,\N
39,"AGS","1990-06-01 00:00:00.000000000",0,\N
39,"AGS","1990-07-01 00:00:00.000000000",0,\N
39,"AGS","1990-08-01 00:00:00.000000000",0,\N
39,"AGS","1990-09-01 00:00:00.000000000",0,\N
39,"AGS","1990-10-01 00:00:00.000000000",0,\N
39,"AGS","1990-11-01 00:00:00.000000000",0,\N
39,"AGS","1991-03-01 00:00:00.000000000",0,\N
39,"AGS","1991-04-01 00:00:00.000000000",0,\N
39,"AGS","1991-05-01 00:00:00.000000000",0,\N
39,"AGS","1991-06-01 00:00:00.000000000",0,\N
39,"AGS","1991-07-01 00:00:00.000000000",0,\N
39,"AGS","1991-08-01 00:00:00.000000000",0,\N
39,"AGS","1991-09-01 00:00:00.000000000",0,\N
40,"Lambo","1991-03-01 00:00:00.000000000",0,\N
40,"Lambo","1991-04-01 00:00:00.000000000",0,\N
40,"Lambo","1991-05-01 00:00:00.000000000",0,\N
40,"Lambo","1991-06-01 00:00:00.000000000",0,\N
40,"Lambo","1991-07-01 00:00:00.000000000",0,\N
40,"Lambo","1991-08-01 00:00:00.000000000",0,\N
40,"Lambo","1991-09-01 00:00:00.000000000",0,\N
40,"Lambo","1991-10-01 00:00:00.000000000",0,\N
40,"Lambo","1991-11-01 00:00:00.000000000",0,\N
41,"Leyton House","1990-03-01 00:00:00.000000000",0,\N
41,"Leyton House","1990-05-01 00:00:00.000000000",0,\N
41,"Leyton House","1990-06-01 00:00:00.000000000",0,\N
41,"Leyton House","1990-07-01 00:00:00.000000000",6,\N
41,"Leyton House","1990-08-01 00:00:00.000000000",1,-0.8333333333333334
41,"Leyton House","1990-09-01 00:00:00.000000000",0,-1
41,"Leyton House","1990-10-01 00:00:00.000000000",0,\N
41,"Leyton House","1990-11-01 00:00:00.000000000",0,\N
41,"Leyton House","1991-03-01 00:00:00.000000000",0,\N
41,"Leyton House","1991-04-01 00:00:00.000000000",0,\N
41,"Leyton House","1991-05-01 00:00:00.000000000",0,\N
41,"Leyton House","1991-06-01 00:00:00.000000000",0,\N
41,"Leyton House","1991-07-01 00:00:00.000000000",0,\N
41,"Leyton House","1991-08-01 00:00:00.000000000",1,\N
41,"Leyton House","1991-09-01 00:00:00.000000000",0,-1
41,"Leyton House","1991-10-01 00:00:00.000000000",0,\N
41,"Leyton House","1991-11-01 00:00:00.000000000",0,\N
42,"Coloni","1987-09-01 00:00:00.000000000",0,\N
42,"Coloni","1988-04-01 00:00:00.000000000",0,\N
42,"Coloni","1988-05-01 00:00:00.000000000",0,\N
42,"Coloni","1988-06-01 00:00:00.000000000",0,\N
42,"Coloni","1988-07-01 00:00:00.000000000",0,\N
42,"Coloni","1988-08-01 00:00:00.000000000",0,\N
42,"Coloni","1988-09-01 00:00:00.000000000",0,\N
42,"Coloni","1988-10-01 00:00:00.000000000",0,\N
42,"Coloni","1988-11-01 00:00:00.000000000",0,\N
42,"Coloni","1989-03-01 00:00:00.000000000",0,\N
42,"Coloni","1989-04-01 00:00:00.000000000",0,\N
42,"Coloni","1989-05-01 00:00:00.000000000",0,\N
42,"Coloni","1989-06-01 00:00:00.000000000",0,\N
42,"Coloni","1989-07-01 00:00:00.000000000",0,\N
42,"Coloni","1989-08-01 00:00:00.000000000",0,\N
42,"Coloni","1989-09-01 00:00:00.000000000",0,\N
42,"Coloni","1989-10-01 00:00:00.000000000",0,\N
42,"Coloni","1989-11-01 00:00:00.000000000",0,\N
42,"Coloni","1990-03-01 00:00:00.000000000",0,\N
42,"Coloni","1990-05-01 00:00:00.000000000",0,\N
42,"Coloni","1990-06-01 00:00:00.000000000",0,\N
42,"Coloni","1990-07-01 00:00:00.000000000",0,\N
42,"Coloni","1990-08-01 00:00:00.000000000",0,\N
42,"Coloni","1990-09-01 00:00:00.000000000",0,\N
42,"Coloni","1990-10-01 00:00:00.000000000",0,\N
42,"Coloni","1990-11-01 00:00:00.000000000",0,\N
42,"Coloni","1991-03-01 00:00:00.000000000",0,\N
42,"Coloni","1991-04-01 00:00:00.000000000",0,\N
42,"Coloni","1991-05-01 00:00:00.000000000",0,\N
42,"Coloni","1991-06-01 00:00:00.000000000",0,\N
42,"Coloni","1991-07-01 00:00:00.000000000",0,\N
42,"Coloni","1991-08-01 00:00:00.000000000",0,\N
42,"Coloni","1991-09-01 00:00:00.000000000",0,\N
42,"Coloni","1991-10-01 00:00:00.000000000",0,\N
42,"Coloni","1991-11-01 00:00:00.000000000",0,\N
44,"Euro Brun","1988-04-01 00:00:00.000000000",0,\N
44,"Euro Brun","1988-05-01 00:00:00.000000000",0,\N
44,"Euro Brun","1988-06-01 00:00:00.000000000",0,\N
44,"Euro Brun","1988-07-01 00:00:00.000000000",0,\N
44,"Euro Brun","1988-08-01 00:00:00.000000000",0,\N
44,"Euro Brun","1988-09-01 00:00:00.000000000",0,\N
44,"Euro Brun","1988-10-01 00:00:00.000000000",0,\N
44,"Euro Brun","1988-11-01 00:00:00.000000000",0,\N
44,"Euro Brun","1989-03-01 00:00:00.000000000",0,\N
44,"Euro Brun","1989-04-01 00:00:00.000000000",0,\N
44,"Euro Brun","1989-05-01 00:00:00.000000000",0,\N
44,"Euro Brun","1989-06-01 00:00:00.000000000",0,\N
44,"Euro Brun","1989-07-01 00:00:00.000000000",0,\N
44,"Euro Brun","1989-08-01 00:00:00.000000000",0,\N
44,"Euro Brun","1989-09-01 00:00:00.000000000",0,\N
44,"Euro Brun","1989-10-01 00:00:00.000000000",0,\N
44,"Euro Brun","1989-11-01 00:00:00.000000000",0,\N
44,"Euro Brun","1990-03-01 00:00:00.000000000",0,\N
44,"Euro Brun","1990-05-01 00:00:00.000000000",0,\N
44,"Euro Brun","1990-06-01 00:00:00.000000000",0,\N
44,"Euro Brun","1990-07-01 00:00:00.000000000",0,\N
44,"Euro Brun","1990-08-01 00:00:00.000000000",0,\N
44,"Euro Brun","1990-09-01 00:00:00.000000000",0,\N
45,"Osella","1980-01-01 00:00:00.000000000",0,\N
45,"Osella","1980-03-01 00:00:00.000000000",0,\N
45,"Osella","1980-05-01 00:00:00.000000000",0,\N
45,"Osella","1980-06-01 00:00:00.000000000",0,\N
45,"Osella","1980-07-01 00:00:00.000000000",0,\N
45,"Osella","1980-08-01 00:00:00.000000000",0,\N
45,"Osella","1980-09-01 00:00:00.000000000",0,\N
45,"Osella","1980-10-01 00:00:00.000000000",0,\N
45,"Osella","1981-03-01 00:00:00.000000000",0,\N
45,"Osella","1981-04-01 00:00:00.000000000",0,\N
45,"Osella","1981-05-01 00:00:00.000000000",0,\N
45,"Osella","1981-06-01 00:00:00.000000000",0,\N
45,"Osella","1981-07-01 00:00:00.000000000",0,\N
45,"Osella","1981-08-01 00:00:00.000000000",0,\N
45,"Osella","1981-09-01 00:00:00.000000000",0,\N
45,"Osella","1981-10-01 00:00:00.000000000",0,\N
45,"Osella","1982-01-01 00:00:00.000000000",0,\N
45,"Osella","1982-03-01 00:00:00.000000000",0,\N
45,"Osella","1982-04-01 00:00:00.000000000",3,\N
45,"Osella","1982-05-01 00:00:00.000000000",0,-1
45,"Osella","1982-06-01 00:00:00.000000000",0,\N
45,"Osella","1982-07-01 00:00:00.000000000",0,\N
45,"Osella","1982-08-01 00:00:00.000000000",0,\N
45,"Osella","1982-09-01 00:00:00.000000000",0,\N
45,"Osella","1983-03-01 00:00:00.000000000",0,\N
45,"Osella","1983-04-01 00:00:00.000000000",0,\N
45,"Osella","1983-05-01 00:00:00.000000000",0,\N
45,"Osella","1983-06-01 00:00:00.000000000",0,\N
45,"Osella","1983-07-01 00:00:00.000000000",0,\N
45,"Osella","1983-08-01 00:00:00.000000000",0,\N
45,"Osella","1983-09-01 00:00:00.000000000",0,\N
45,"Osella","1983-10-01 00:00:00.000000000",0,\N
45,"Osella","1984-03-01 00:00:00.000000000",0,\N
45,"Osella","1984-04-01 00:00:00.000000000",0,\N
45,"Osella","1984-05-01 00:00:00.000000000",0,\N
45,"Osella","1984-06-01 00:00:00.000000000",0,\N
45,"Osella","1984-07-01 00:00:00.000000000",2,\N
45,"Osella","1984-08-01 00:00:00.000000000",0,-1
45,"Osella","1984-09-01 00:00:00.000000000",0,\N
45,"Osella","1984-10-01 00:00:00.000000000",0,\N
45,"Osella","1985-04-01 00:00:00.000000000",0,\N
45,"Osella","1985-05-01 00:00:00.000000000",0,\N
45,"Osella","1985-06-01 00:00:00.000000000",0,\N
45,"Osella","1985-07-01 00:00:00.000000000",0,\N
45,"Osella","1985-08-01 00:00:00.000000000",0,\N
45,"Osella","1985-09-01 00:00:00.000000000",0,\N
45,"Osella","1985-10-01 00:00:00.000000000",0,\N
45,"Osella","1985-11-01 00:00:00.000000000",0,\N
45,"Osella","1986-03-01 00:00:00.000000000",0,\N
45,"Osella","1986-04-01 00:00:00.000000000",0,\N
45,"Osella","1986-05-01 00:00:00.000000000",0,\N
45,"Osella","1986-06-01 00:00:00.000000000",0,\N
45,"Osella","1986-07-01 00:00:00.000000000",0,\N
45,"Osella","1986-08-01 00:00:00.000000000",0,\N
45,"Osella","1986-09-01 00:00:00.000000000",0,\N
45,"Osella","1986-10-01 00:00:00.000000000",0,\N
45,"Osella","1987-04-01 00:00:00.000000000",0,\N
45,"Osella","1987-05-01 00:00:00.000000000",0,\N
45,"Osella","1987-06-01 00:00:00.000000000",0,\N
45,"Osella","1987-07-01 00:00:00.000000000",0,\N
45,"Osella","1987-08-01 00:00:00.000000000",0,\N
45,"Osella","1987-09-01 00:00:00.000000000",0,\N
45,"Osella","1987-10-01 00:00:00.000000000",0,\N
45,"Osella","1987-11-01 00:00:00.000000000",0,\N
45,"Osella","1988-04-01 00:00:00.000000000",0,\N
45,"Osella","1988-05-01 00:00:00.000000000",0,\N
45,"Osella","1988-06-01 00:00:00.000000000",0,\N
45,"Osella","1988-07-01 00:00:00.000000000",0,\N
45,"Osella","1988-08-01 00:00:00.000000000",0,\N
45,"Osella","1988-09-01 00:00:00.000000000",0,\N
45,"Osella","1988-10-01 00:00:00.000000000",0,\N
45,"Osella","1988-11-01 00:00:00.000000000",0,\N
45,"Osella","1989-03-01 00:00:00.000000000",0,\N
45,"Osella","1989-04-01 00:00:00.000000000",0,\N
45,"Osella","1989-05-01 00:00:00.000000000",0,\N
45,"Osella","1989-06-01 00:00:00.000000000",0,\N
45,"Osella","1989-07-01 00:00:00.000000000",0,\N
45,"Osella","1989-08-01 00:00:00.000000000",0,\N
45,"Osella","1989-09-01 00:00:00.000000000",0,\N
45,"Osella","1989-10-01 00:00:00.000000000",0,\N
45,"Osella","1989-11-01 00:00:00.000000000",0,\N
45,"Osella","1990-03-01 00:00:00.000000000",0,\N
45,"Osella","1990-05-01 00:00:00.000000000",0,\N
45,"Osella","1990-06-01 00:00:00.000000000",0,\N
45,"Osella","1990-07-01 00:00:00.000000000",0,\N
45,"Osella","1990-08-01 00:00:00.000000000",0,\N
45,"Osella","1990-09-01 00:00:00.000000000",0,\N
45,"Osella","1990-10-01 00:00:00.000000000",0,\N
45,"Osella","1990-11-01 00:00:00.000000000",0,\N
46,"Onyx","1989-03-01 00:00:00.000000000",0,\N
46,"Onyx","1989-04-01 00:00:00.000000000",0,\N
46,"Onyx","1989-05-01 00:00:00.000000000",0,\N
46,"Onyx","1989-06-01 00:00:00.000000000",0,\N
46,"Onyx","1989-07-01 00:00:00.000000000",2,\N
46,"Onyx","1989-08-01 00:00:00.000000000",0,-1
46,"Onyx","1989-09-01 00:00:00.000000000",4,\N
46,"Onyx","1989-10-01 00:00:00.000000000",0,-1
46,"Onyx","1989-11-01 00:00:00.000000000",0,\N
46,"Onyx","1990-03-01 00:00:00.000000000",0,\N
46,"Onyx","1990-05-01 00:00:00.000000000",0,\N
46,"Onyx","1990-06-01 00:00:00.000000000",0,\N
46,"Onyx","1990-07-01 00:00:00.000000000",0,\N
46,"Onyx","1990-08-01 00:00:00.000000000",0,\N
47,"Life","1990-03-01 00:00:00.000000000",0,\N
47,"Life","1990-05-01 00:00:00.000000000",0,\N
47,"Life","1990-06-01 00:00:00.000000000",0,\N
47,"Life","1990-07-01 00:00:00.000000000",0,\N
47,"Life","1990-08-01 00:00:00.000000000",0,\N
47,"Life","1990-09-01 00:00:00.000000000",0,\N
48,"Rial","1988-04-01 00:00:00.000000000",0,\N
48,"Rial","1988-05-01 00:00:00.000000000",0,\N
48,"Rial","1988-06-01 00:00:00.000000000",3,\N
48,"Rial","1988-07-01 00:00:00.000000000",0,-1
48,"Rial","1988-08-01 00:00:00.000000000",0,\N
48,"Rial","1988-09-01 00:00:00.000000000",0,\N
48,"Rial","1988-10-01 00:00:00.000000000",0,\N
48,"Rial","1988-11-01 00:00:00.000000000",0,\N
48,"Rial","1989-03-01 00:00:00.000000000",0,\N
48,"Rial","1989-04-01 00:00:00.000000000",0,\N
48,"Rial","1989-05-01 00:00:00.000000000",0,\N
48,"Rial","1989-06-01 00:00:00.000000000",3,\N
48,"Rial","1989-07-01 00:00:00.000000000",0,-1
48,"Rial","1989-08-01 00:00:00.000000000",0,\N
48,"Rial","1989-09-01 00:00:00.000000000",0,\N
48,"Rial","1989-10-01 00:00:00.000000000",0,\N
48,"Rial","1989-11-01 00:00:00.000000000",0,\N
49,"Zakspeed","1985-04-01 00:00:00.000000000",0,\N
49,"Zakspeed","1985-05-01 00:00:00.000000000",0,\N
49,"Zakspeed","1985-07-01 00:00:00.000000000",0,\N
49,"Zakspeed","1985-08-01 00:00:00.000000000",0,\N
49,"Zakspeed","1985-09-01 00:00:00.000000000",0,\N
49,"Zakspeed","1985-10-01 00:00:00.000000000",0,\N
49,"Zakspeed","1986-03-01 00:00:00.000000000",0,\N
49,"Zakspeed","1986-04-01 00:00:00.000000000",0,\N
49,"Zakspeed","1986-05-01 00:00:00.000000000",0,\N
49,"Zakspeed","1986-06-01 00:00:00.000000000",0,\N
49,"Zakspeed","1986-07-01 00:00:00.000000000",0,\N
49,"Zakspeed","1986-08-01 00:00:00.000000000",0,\N
49,"Zakspeed","1986-09-01 00:00:00.000000000",0,\N
49,"Zakspeed","1986-10-01 00:00:00.000000000",0,\N
49,"Zakspeed","1987-04-01 00:00:00.000000000",0,\N
49,"Zakspeed","1987-05-01 00:00:00.000000000",2,\N
49,"Zakspeed","1987-06-01 00:00:00.000000000",0,-1
49,"Zakspeed","1987-07-01 00:00:00.000000000",0,\N
49,"Zakspeed","1987-08-01 00:00:00.000000000",0,\N
49,"Zakspeed","1987-09-01 00:00:00.000000000",0,\N
49,"Zakspeed","1987-10-01 00:00:00.000000000",0,\N
49,"Zakspeed","1987-11-01 00:00:00.000000000",0,\N
49,"Zakspeed","1988-04-01 00:00:00.000000000",0,\N
49,"Zakspeed","1988-05-01 00:00:00.000000000",0,\N
49,"Zakspeed","1988-06-01 00:00:00.000000000",0,\N
49,"Zakspeed","1988-07-01 00:00:00.000000000",0,\N
49,"Zakspeed","1988-08-01 00:00:00.000000000",0,\N
49,"Zakspeed","1988-09-01 00:00:00.000000000",0,\N
49,"Zakspeed","1988-10-01 00:00:00.000000000",0,\N
49,"Zakspeed","1988-11-01 00:00:00.000000000",0,\N
49,"Zakspeed","1989-03-01 00:00:00.000000000",0,\N
49,"Zakspeed","1989-04-01 00:00:00.000000000",0,\N
49,"Zakspeed","1989-05-01 00:00:00.000000000",0,\N
49,"Zakspeed","1989-06-01 00:00:00.000000000",0,\N
49,"Zakspeed","1989-07-01 00:00:00.000000000",0,\N
49,"Zakspeed","1989-08-01 00:00:00.000000000",0,\N
49,"Zakspeed","1989-09-01 00:00:00.000000000",0,\N
49,"Zakspeed","1989-10-01 00:00:00.000000000",0,\N
49,"Zakspeed","1989-11-01 00:00:00.000000000",0,\N
50,"RAM","1983-03-01 00:00:00.000000000",0,\N
50,"RAM","1983-04-01 00:00:00.000000000",0,\N
50,"RAM","1983-05-01 00:00:00.000000000",0,\N
50,"RAM","1983-06-01 00:00:00.000000000",0,\N
50,"RAM","1983-07-01 00:00:00.000000000",0,\N
50,"RAM","1983-08-01 00:00:00.000000000",0,\N
50,"RAM","1983-09-01 00:00:00.000000000",0,\N
50,"RAM","1983-10-01 00:00:00.000000000",0,\N
50,"RAM","1984-03-01 00:00:00.000000000",0,\N
50,"RAM","1984-04-01 00:00:00.000000000",0,\N
50,"RAM","1984-05-01 00:00:00.000000000",0,\N
50,"RAM","1984-06-01 00:00:00.000000000",0,\N
50,"RAM","1984-07-01 00:00:00.000000000",0,\N
50,"RAM","1984-08-01 00:00:00.000000000",0,\N
50,"RAM","1984-09-01 00:00:00.000000000",0,\N
50,"RAM","1984-10-01 00:00:00.000000000",0,\N
50,"RAM","1985-04-01 00:00:00.000000000",0,\N
50,"RAM","1985-05-01 00:00:00.000000000",0,\N
50,"RAM","1985-06-01 00:00:00.000000000",0,\N
50,"RAM","1985-07-01 00:00:00.000000000",0,\N
50,"RAM","1985-08-01 00:00:00.000000000",0,\N
50,"RAM","1985-09-01 00:00:00.000000000",0,\N
50,"RAM","1985-10-01 00:00:00.000000000",0,\N
51,"Alfa Romeo","1963-12-01 00:00:00.000000000",0,\N
51,"Alfa Romeo","1965-01-01 00:00:00.000000000",0,\N
51,"Alfa Romeo","1979-05-01 00:00:00.000000000",0,\N
51,"Alfa Romeo","1979-07-01 00:00:00.000000000",0,\N
51,"Alfa Romeo","1979-09-01 00:00:00.000000000",0,\N
51,"Alfa Romeo","1979-10-01 00:00:00.000000000",0,\N
51,"Alfa Romeo","1980-01-01 00:00:00.000000000",2,\N
51,"Alfa Romeo","1980-03-01 00:00:00.000000000",0,-1
51,"Alfa Romeo","1980-05-01 00:00:00.000000000",0,\N
51,"Alfa Romeo","1980-06-01 00:00:00.000000000",0,\N
51,"Alfa Romeo","1980-07-01 00:00:00.000000000",0,\N
51,"Alfa Romeo","1980-08-01 00:00:00.000000000",2,\N
51,"Alfa Romeo","1980-09-01 00:00:00.000000000",0,-1
51,"Alfa Romeo","1980-10-01 00:00:00.000000000",0,\N
51,"Alfa Romeo","1981-03-01 00:00:00.000000000",3,\N
51,"Alfa Romeo","1981-04-01 00:00:00.000000000",0,-1
51,"Alfa Romeo","1981-05-01 00:00:00.000000000",0,\N
51,"Alfa Romeo","1981-06-01 00:00:00.000000000",0,\N
51,"Alfa Romeo","1981-07-01 00:00:00.000000000",0,\N
51,"Alfa Romeo","1981-08-01 00:00:00.000000000",0,\N
51,"Alfa Romeo","1981-09-01 00:00:00.000000000",3,\N
51,"Alfa Romeo","1981-10-01 00:00:00.000000000",4,0.3333333333333333
51,"Alfa Romeo","1982-01-01 00:00:00.000000000",0,-1
51,"Alfa Romeo","1982-03-01 00:00:00.000000000",0,\N
51,"Alfa Romeo","1982-04-01 00:00:00.000000000",0,\N
51,"Alfa Romeo","1982-05-01 00:00:00.000000000",4,\N
51,"Alfa Romeo","1982-06-01 00:00:00.000000000",1,-0.75
51,"Alfa Romeo","1982-07-01 00:00:00.000000000",0,-1
51,"Alfa Romeo","1982-08-01 00:00:00.000000000",2,\N
51,"Alfa Romeo","1982-09-01 00:00:00.000000000",0,-1
51,"Alfa Romeo","1983-03-01 00:00:00.000000000",0,\N
51,"Alfa Romeo","1983-04-01 00:00:00.000000000",0,\N
51,"Alfa Romeo","1983-05-01 00:00:00.000000000",1,\N
51,"Alfa Romeo","1983-06-01 00:00:00.000000000",0,-1
51,"Alfa Romeo","1983-07-01 00:00:00.000000000",0,\N
51,"Alfa Romeo","1983-08-01 00:00:00.000000000",8,\N
51,"Alfa Romeo","1983-09-01 00:00:00.000000000",3,-0.625
51,"Alfa Romeo","1983-10-01 00:00:00.000000000",6,1
51,"Alfa Romeo","1984-03-01 00:00:00.000000000",3,-0.5
51,"Alfa Romeo","1984-04-01 00:00:00.000000000",3,0
51,"Alfa Romeo","1984-05-01 00:00:00.000000000",0,-1
51,"Alfa Romeo","1984-06-01 00:00:00.000000000",0,\N
51,"Alfa Romeo","1984-07-01 00:00:00.000000000",0,\N
51,"Alfa Romeo","1984-08-01 00:00:00.000000000",0,\N
51,"Alfa Romeo","1984-09-01 00:00:00.000000000",4,\N
51,"Alfa Romeo","1984-10-01 00:00:00.000000000",1,-0.75
51,"Alfa Romeo","1985-04-01 00:00:00.000000000",0,-1
51,"Alfa Romeo","1985-05-01 00:00:00.000000000",0,\N
51,"Alfa Romeo","1985-06-01 00:00:00.000000000",0,\N
51,"Alfa Romeo","1985-07-01 00:00:00.000000000",0,\N
51,"Alfa Romeo","1985-08-01 00:00:00.000000000",0,\N
51,"Alfa Romeo","1985-09-01 00:00:00.000000000",0,\N
51,"Alfa Romeo","1985-10-01 00:00:00.000000000",0,\N
51,"Alfa Romeo","1985-11-01 00:00:00.000000000",0,\N
51,"Alfa Romeo","2019-03-01 00:00:00.000000000",10,\N
51,"Alfa Romeo","2019-04-01 00:00:00.000000000",3,-0.7
51,"Alfa Romeo","2019-05-01 00:00:00.000000000",0,-1
51,"Alfa Romeo","2019-06-01 00:00:00.000000000",9,\N
51,"Alfa Romeo","2019-07-01 00:00:00.000000000",4,-0.5555555555555556
51,"Alfa Romeo","2019-08-01 00:00:00.000000000",6,0.5
51,"Alfa Romeo","2019-09-01 00:00:00.000000000",3,-0.5
51,"Alfa Romeo","2019-10-01 00:00:00.000000000",0,-1
51,"Alfa Romeo","2019-11-01 00:00:00.000000000",22,\N
51,"Alfa Romeo","2019-12-01 00:00:00.000000000",0,-1
51,"Alfa Romeo","2020-07-01 00:00:00.000000000",2,\N
51,"Alfa Romeo","2020-08-01 00:00:00.000000000",0,-1
51,"Alfa Romeo","2020-09-01 00:00:00.000000000",2,\N
51,"Alfa Romeo","2020-10-01 00:00:00.000000000",1,-0.5
51,"Alfa Romeo","2020-11-01 00:00:00.000000000",3,2
51,"Alfa Romeo","2020-12-01 00:00:00.000000000",0,-1
51,"Alfa Romeo","2021-03-01 00:00:00.000000000",0,\N
51,"Alfa Romeo","2021-04-01 00:00:00.000000000",0,\N
51,"Alfa Romeo","2021-05-01 00:00:00.000000000",1,\N
51,"Alfa Romeo","2021-06-01 00:00:00.000000000",1,0
51,"Alfa Romeo","2021-07-01 00:00:00.000000000",0,-1
51,"Alfa Romeo","2021-08-01 00:00:00.000000000",1,\N
51,"Alfa Romeo","2021-09-01 00:00:00.000000000",4,3
51,"Alfa Romeo","2021-10-01 00:00:00.000000000",0,-1
51,"Alfa Romeo","2021-11-01 00:00:00.000000000",4,\N
51,"Alfa Romeo","2021-12-01 00:00:00.000000000",2,-0.5
51,"Alfa Romeo","2022-03-01 00:00:00.000000000",9,3.5
51,"Alfa Romeo","2022-04-01 00:00:00.000000000",16,0.7777777777777778
51,"Alfa Romeo","2022-05-01 00:00:00.000000000",16,0
51,"Alfa Romeo","2022-06-01 00:00:00.000000000",10,-0.375
51,"Alfa Romeo","2022-07-01 00:00:00.000000000",0,-1
51,"Alfa Romeo","2022-08-01 00:00:00.000000000",0,\N
51,"Alfa Romeo","2022-09-01 00:00:00.000000000",1,\N
51,"Alfa Romeo","2022-10-01 00:00:00.000000000",1,0
51,"Alfa Romeo","2022-11-01 00:00:00.000000000",2,1
51,"Alfa Romeo","2023-03-01 00:00:00.000000000",4,1
51,"Alfa Romeo","2023-04-01 00:00:00.000000000",2,-0.5
51,"Alfa Romeo","2023-05-01 00:00:00.000000000",0,-1
51,"Alfa Romeo","2023-06-01 00:00:00.000000000",3,\N
51,"Alfa Romeo","2023-07-01 00:00:00.000000000",0,-1
51,"Alfa Romeo","2023-08-01 00:00:00.000000000",0,\N
51,"Alfa Romeo","2023-09-01 00:00:00.000000000",1,\N
51,"Alfa Romeo","2023-10-01 00:00:00.000000000",6,5
51,"Alfa Romeo","2023-11-01 00:00:00.000000000",0,-1
52,"Spirit","1983-07-01 00:00:00.000000000",0,\N
52,"Spirit","1983-08-01 00:00:00.000000000",0,\N
52,"Spirit","1983-09-01 00:00:00.000000000",0,\N
52,"Spirit","1984-03-01 00:00:00.000000000",0,\N
52,"Spirit","1984-04-01 00:00:00.000000000",0,\N
52,"Spirit","1984-05-01 00:00:00.000000000",0,\N
52,"Spirit","1984-06-01 00:00:00.000000000",0,\N
52,"Spirit","1984-07-01 00:00:00.000000000",0,\N
52,"Spirit","1984-08-01 00:00:00.000000000",0,\N
52,"Spirit","1984-09-01 00:00:00.000000000",0,\N
52,"Spirit","1984-10-01 00:00:00.000000000",0,\N
52,"Spirit","1985-04-01 00:00:00.000000000",0,\N
52,"Spirit","1985-05-01 00:00:00.000000000",0,\N
53,"Toleman","1981-05-01 00:00:00.000000000",0,\N
53,"Toleman","1981-06-01 00:00:00.000000000",0,\N
53,"Toleman","1981-07-01 00:00:00.000000000",0,\N
53,"Toleman","1981-08-01 00:00:00.000000000",0,\N
53,"Toleman","1981-09-01 00:00:00.000000000",0,\N
53,"Toleman","1981-10-01 00:00:00.000000000",0,\N
53,"Toleman","1982-01-01 00:00:00.000000000",0,\N
53,"Toleman","1982-03-01 00:00:00.000000000",0,\N
53,"Toleman","1982-04-01 00:00:00.000000000",0,\N
53,"Toleman","1982-05-01 00:00:00.000000000",0,\N
53,"Toleman","1982-07-01 00:00:00.000000000",0,\N
53,"Toleman","1982-08-01 00:00:00.000000000",0,\N
53,"Toleman","1982-09-01 00:00:00.000000000",0,\N
53,"Toleman","1983-03-01 00:00:00.000000000",0,\N
53,"Toleman","1983-04-01 00:00:00.000000000",0,\N
53,"Toleman","1983-05-01 00:00:00.000000000",0,\N
53,"Toleman","1983-06-01 00:00:00.000000000",0,\N
53,"Toleman","1983-07-01 00:00:00.000000000",0,\N
53,"Toleman","1983-08-01 00:00:00.000000000",3,\N
53,"Toleman","1983-09-01 00:00:00.000000000",4,0.3333333333333333
53,"Toleman","1983-10-01 00:00:00.000000000",3,-0.25
53,"Toleman","1984-03-01 00:00:00.000000000",0,-1
53,"Toleman","1984-04-01 00:00:00.000000000",2,\N
53,"Toleman","1984-05-01 00:00:00.000000000",0,-1
53,"Toleman","1984-06-01 00:00:00.000000000",3,\N
53,"Toleman","1984-07-01 00:00:00.000000000",4,0.3333333333333333
53,"Toleman","1984-08-01 00:00:00.000000000",0,-1
53,"Toleman","1984-09-01 00:00:00.000000000",3,\N
53,"Toleman","1984-10-01 00:00:00.000000000",4,0.3333333333333333
53,"Toleman","1985-05-01 00:00:00.000000000",0,-1
53,"Toleman","1985-06-01 00:00:00.000000000",0,\N
53,"Toleman","1985-07-01 00:00:00.000000000",0,\N
53,"Toleman","1985-08-01 00:00:00.000000000",0,\N
53,"Toleman","1985-09-01 00:00:00.000000000",0,\N
53,"Toleman","1985-10-01 00:00:00.000000000",0,\N
53,"Toleman","1985-11-01 00:00:00.000000000",0,\N
54,"ATS","1963-05-01 00:00:00.000000000",0,\N
54,"ATS","1963-06-01 00:00:00.000000000",0,\N
54,"ATS","1963-07-01 00:00:00.000000000",0,\N
54,"ATS","1963-08-01 00:00:00.000000000",0,\N
54,"ATS","1963-09-01 00:00:00.000000000",0,\N
54,"ATS","1963-10-01 00:00:00.000000000",0,\N
54,"ATS","1978-01-01 00:00:00.000000000",0,\N
54,"ATS","1978-03-01 00:00:00.000000000",0,\N
54,"ATS","1978-04-01 00:00:00.000000000",0,\N
54,"ATS","1978-05-01 00:00:00.000000000",0,\N
54,"ATS","1978-06-01 00:00:00.000000000",0,\N
54,"ATS","1978-07-01 00:00:00.000000000",0,\N
54,"ATS","1978-08-01 00:00:00.000000000",0,\N
54,"ATS","1978-09-01 00:00:00.000000000",0,\N
54,"ATS","1978-10-01 00:00:00.000000000",0,\N
54,"ATS","1979-01-01 00:00:00.000000000",0,\N
54,"ATS","1979-02-01 00:00:00.000000000",0,\N
54,"ATS","1979-03-01 00:00:00.000000000",0,\N
54,"ATS","1979-04-01 00:00:00.000000000",0,\N
54,"ATS","1979-05-01 00:00:00.000000000",0,\N
54,"ATS","1979-07-01 00:00:00.000000000",0,\N
54,"ATS","1979-08-01 00:00:00.000000000",0,\N
54,"ATS","1979-09-01 00:00:00.000000000",0,\N
54,"ATS","1979-10-01 00:00:00.000000000",2,\N
54,"ATS","1980-01-01 00:00:00.000000000",0,-1
54,"ATS","1980-03-01 00:00:00.000000000",0,\N
54,"ATS","1980-05-01 00:00:00.000000000",0,\N
54,"ATS","1980-06-01 00:00:00.000000000",0,\N
54,"ATS","1980-07-01 00:00:00.000000000",0,\N
54,"ATS","1980-08-01 00:00:00.000000000",0,\N
54,"ATS","1980-09-01 00:00:00.000000000",0,\N
54,"ATS","1980-10-01 00:00:00.000000000",0,\N
54,"ATS","1981-03-01 00:00:00.000000000",0,\N
54,"ATS","1981-04-01 00:00:00.000000000",0,\N
54,"ATS","1981-05-01 00:00:00.000000000",0,\N
54,"ATS","1981-06-01 00:00:00.000000000",0,\N
54,"ATS","1981-07-01 00:00:00.000000000",1,\N
54,"ATS","1981-08-01 00:00:00.000000000",0,-1
54,"ATS","1981-09-01 00:00:00.000000000",0,\N
54,"ATS","1981-10-01 00:00:00.000000000",0,\N
54,"ATS","1982-01-01 00:00:00.000000000",0,\N
54,"ATS","1982-03-01 00:00:00.000000000",2,\N
54,"ATS","1982-04-01 00:00:00.000000000",2,0
54,"ATS","1982-05-01 00:00:00.000000000",0,-1
54,"ATS","1982-06-01 00:00:00.000000000",0,\N
54,"ATS","1982-07-01 00:00:00.000000000",0,\N
54,"ATS","1982-08-01 00:00:00.000000000",0,\N
54,"ATS","1982-09-01 00:00:00.000000000",0,\N
54,"ATS","1983-03-01 00:00:00.000000000",0,\N
54,"ATS","1983-04-01 00:00:00.000000000",0,\N
54,"ATS","1983-05-01 00:00:00.000000000",0,\N
54,"ATS","1983-06-01 00:00:00.000000000",0,\N
54,"ATS","1983-07-01 00:00:00.000000000",0,\N
54,"ATS","1983-08-01 00:00:00.000000000",0,\N
54,"ATS","1983-09-01 00:00:00.000000000",0,\N
54,"ATS","1983-10-01 00:00:00.000000000",0,\N
54,"ATS","1984-03-01 00:00:00.000000000",0,\N
54,"ATS","1984-04-01 00:00:00.000000000",0,\N
54,"ATS","1984-05-01 00:00:00.000000000",0,\N
54,"ATS","1984-06-01 00:00:00.000000000",0,\N
54,"ATS","1984-07-01 00:00:00.000000000",0,\N
54,"ATS","1984-08-01 00:00:00.000000000",0,\N
54,"ATS","1984-09-01 00:00:00.000000000",0,\N
54,"ATS","1984-10-01 00:00:00.000000000",0,\N
55,"Theodore","1978-01-01 00:00:00.000000000",0,\N
55,"Theodore","1978-03-01 00:00:00.000000000",0,\N
55,"Theodore","1978-04-01 00:00:00.000000000",0,\N
55,"Theodore","1978-05-01 00:00:00.000000000",0,\N
55,"Theodore","1978-06-01 00:00:00.000000000",0,\N
55,"Theodore","1981-03-01 00:00:00.000000000",1,\N
55,"Theodore","1981-04-01 00:00:00.000000000",0,-1
55,"Theodore","1981-05-01 00:00:00.000000000",0,\N
55,"Theodore","1981-06-01 00:00:00.000000000",0,\N
55,"Theodore","1981-07-01 00:00:00.000000000",0,\N
55,"Theodore","1981-08-01 00:00:00.000000000",0,\N
55,"Theodore","1981-09-01 00:00:00.000000000",0,\N
55,"Theodore","1981-10-01 00:00:00.000000000",0,\N
55,"Theodore","1982-01-01 00:00:00.000000000",0,\N
55,"Theodore","1982-03-01 00:00:00.000000000",0,\N
55,"Theodore","1982-04-01 00:00:00.000000000",0,\N
55,"Theodore","1982-05-01 00:00:00.000000000",0,\N
55,"Theodore","1982-06-01 00:00:00.000000000",0,\N
55,"Theodore","1982-07-01 00:00:00.000000000",0,\N
55,"Theodore","1982-08-01 00:00:00.000000000",0,\N
55,"Theodore","1982-09-01 00:00:00.000000000",0,\N
55,"Theodore","1983-03-01 00:00:00.000000000",1,\N
55,"Theodore","1983-04-01 00:00:00.000000000",0,-1
55,"Theodore","1983-05-01 00:00:00.000000000",0,\N
55,"Theodore","1983-06-01 00:00:00.000000000",0,\N
55,"Theodore","1983-07-01 00:00:00.000000000",0,\N
55,"Theodore","1983-08-01 00:00:00.000000000",0,\N
55,"Theodore","1983-09-01 00:00:00.000000000",0,\N
56,"Fittipaldi","1975-01-01 00:00:00.000000000",0,\N
56,"Fittipaldi","1975-03-01 00:00:00.000000000",0,\N
56,"Fittipaldi","1975-04-01 00:00:00.000000000",0,\N
56,"Fittipaldi","1975-05-01 00:00:00.000000000",0,\N
56,"Fittipaldi","1975-06-01 00:00:00.000000000",0,\N
56,"Fittipaldi","1975-07-01 00:00:00.000000000",0,\N
56,"Fittipaldi","1975-08-01 00:00:00.000000000",0,\N
56,"Fittipaldi","1975-09-01 00:00:00.000000000",0,\N
56,"Fittipaldi","1975-10-01 00:00:00.000000000",0,\N
56,"Fittipaldi","1976-01-01 00:00:00.000000000",0,\N
56,"Fittipaldi","1976-03-01 00:00:00.000000000",1,\N
56,"Fittipaldi","1976-05-01 00:00:00.000000000",1,0
56,"Fittipaldi","1976-06-01 00:00:00.000000000",0,-1
56,"Fittipaldi","1976-07-01 00:00:00.000000000",1,\N
56,"Fittipaldi","1976-08-01 00:00:00.000000000",0,-1
56,"Fittipaldi","1976-09-01 00:00:00.000000000",0,\N
56,"Fittipaldi","1976-10-01 00:00:00.000000000",0,\N
56,"Fittipaldi","1977-01-01 00:00:00.000000000",6,\N
56,"Fittipaldi","1977-03-01 00:00:00.000000000",0,-1
56,"Fittipaldi","1977-04-01 00:00:00.000000000",2,\N
56,"Fittipaldi","1977-05-01 00:00:00.000000000",0,-1
56,"Fittipaldi","1977-06-01 00:00:00.000000000",0,\N
56,"Fittipaldi","1977-07-01 00:00:00.000000000",0,\N
56,"Fittipaldi","1977-08-01 00:00:00.000000000",3,\N
56,"Fittipaldi","1977-09-01 00:00:00.000000000",0,-1
56,"Fittipaldi","1977-10-01 00:00:00.000000000",0,\N
56,"Fittipaldi","1978-01-01 00:00:00.000000000",6,\N
56,"Fittipaldi","1978-03-01 00:00:00.000000000",0,-1
56,"Fittipaldi","1978-04-01 00:00:00.000000000",0,\N
56,"Fittipaldi","1978-05-01 00:00:00.000000000",0,\N
56,"Fittipaldi","1978-06-01 00:00:00.000000000",1,\N
56,"Fittipaldi","1978-07-01 00:00:00.000000000",3,2
56,"Fittipaldi","1978-08-01 00:00:00.000000000",5,0.6666666666666666
56,"Fittipaldi","1978-09-01 00:00:00.000000000",0,-1
56,"Fittipaldi","1978-10-01 00:00:00.000000000",2,\N
56,"Fittipaldi","1979-01-01 00:00:00.000000000",1,-0.5
56,"Fittipaldi","1979-02-01 00:00:00.000000000",0,-1
56,"Fittipaldi","1979-03-01 00:00:00.000000000",0,\N
56,"Fittipaldi","1979-04-01 00:00:00.000000000",0,\N
56,"Fittipaldi","1979-05-01 00:00:00.000000000",0,\N
56,"Fittipaldi","1979-07-01 00:00:00.000000000",0,\N
56,"Fittipaldi","1979-08-01 00:00:00.000000000",0,\N
56,"Fittipaldi","1979-09-01 00:00:00.000000000",0,\N
56,"Fittipaldi","1979-10-01 00:00:00.000000000",0,\N
56,"Fittipaldi","1980-01-01 00:00:00.000000000",4,\N
56,"Fittipaldi","1980-03-01 00:00:00.000000000",4,0
56,"Fittipaldi","1980-05-01 00:00:00.000000000",1,-0.75
56,"Fittipaldi","1980-06-01 00:00:00.000000000",0,-1
56,"Fittipaldi","1980-07-01 00:00:00.000000000",0,\N
56,"Fittipaldi","1980-08-01 00:00:00.000000000",0,\N
56,"Fittipaldi","1980-09-01 00:00:00.000000000",2,\N
56,"Fittipaldi","1980-10-01 00:00:00.000000000",0,-1
56,"Fittipaldi","1981-03-01 00:00:00.000000000",0,\N
56,"Fittipaldi","1981-04-01 00:00:00.000000000",0,\N
56,"Fittipaldi","1981-05-01 00:00:00.000000000",0,\N
56,"Fittipaldi","1981-06-01 00:00:00.000000000",0,\N
56,"Fittipaldi","1981-07-01 00:00:00.000000000",0,\N
56,"Fittipaldi","1981-08-01 00:00:00.000000000",0,\N
56,"Fittipaldi","1981-09-01 00:00:00.000000000",0,\N
56,"Fittipaldi","1981-10-01 00:00:00.000000000",0,\N
56,"Fittipaldi","1982-01-01 00:00:00.000000000",0,\N
56,"Fittipaldi","1982-03-01 00:00:00.000000000",0,\N
56,"Fittipaldi","1982-04-01 00:00:00.000000000",0,\N
56,"Fittipaldi","1982-05-01 00:00:00.000000000",1,\N
56,"Fittipaldi","1982-06-01 00:00:00.000000000",0,-1
56,"Fittipaldi","1982-07-01 00:00:00.000000000",0,\N
56,"Fittipaldi","1982-08-01 00:00:00.000000000",0,\N
56,"Fittipaldi","1982-09-01 00:00:00.000000000",0,\N
57,"Ensign","1973-07-01 00:00:00.000000000",0,\N
57,"Ensign","1973-08-01 00:00:00.000000000",0,\N
57,"Ensign","1973-09-01 00:00:00.000000000",0,\N
57,"Ensign","1973-10-01 00:00:00.000000000",0,\N
57,"Ensign","1974-05-01 00:00:00.000000000",0,\N
57,"Ensign","1974-06-01 00:00:00.000000000",0,\N
57,"Ensign","1974-07-01 00:00:00.000000000",0,\N
57,"Ensign","1974-08-01 00:00:00.000000000",0,\N
57,"Ensign","1974-09-01 00:00:00.000000000",0,\N
57,"Ensign","1974-10-01 00:00:00.000000000",0,\N
57,"Ensign","1975-04-01 00:00:00.000000000",0,\N
57,"Ensign","1975-05-01 00:00:00.000000000",0,\N
57,"Ensign","1975-06-01 00:00:00.000000000",0,\N
57,"Ensign","1975-07-01 00:00:00.000000000",0,\N
57,"Ensign","1975-08-01 00:00:00.000000000",1,\N
57,"Ensign","1975-09-01 00:00:00.000000000",0,-1
57,"Ensign","1975-10-01 00:00:00.000000000",0,\N
57,"Ensign","1976-03-01 00:00:00.000000000",0,\N
57,"Ensign","1976-05-01 00:00:00.000000000",2,\N
57,"Ensign","1976-06-01 00:00:00.000000000",0,-1
57,"Ensign","1976-07-01 00:00:00.000000000",0,\N
57,"Ensign","1976-08-01 00:00:00.000000000",0,\N
57,"Ensign","1976-09-01 00:00:00.000000000",0,\N
57,"Ensign","1976-10-01 00:00:00.000000000",0,\N
57,"Ensign","1977-01-01 00:00:00.000000000",1,\N
57,"Ensign","1977-03-01 00:00:00.000000000",0,-1
57,"Ensign","1977-04-01 00:00:00.000000000",0,\N
57,"Ensign","1977-05-01 00:00:00.000000000",0,\N
57,"Ensign","1977-06-01 00:00:00.000000000",0,\N
57,"Ensign","1977-07-01 00:00:00.000000000",1,\N
57,"Ensign","1977-08-01 00:00:00.000000000",2,1
57,"Ensign","1977-09-01 00:00:00.000000000",2,0
57,"Ensign","1977-10-01 00:00:00.000000000",4,1
57,"Ensign","1978-01-01 00:00:00.000000000",0,-1
57,"Ensign","1978-03-01 00:00:00.000000000",0,\N
57,"Ensign","1978-04-01 00:00:00.000000000",0,\N
57,"Ensign","1978-05-01 00:00:00.000000000",0,\N
57,"Ensign","1978-06-01 00:00:00.000000000",0,\N
57,"Ensign","1978-07-01 00:00:00.000000000",0,\N
57,"Ensign","1978-08-01 00:00:00.000000000",0,\N
57,"Ensign","1978-09-01 00:00:00.000000000",0,\N
57,"Ensign","1978-10-01 00:00:00.000000000",1,\N
57,"Ensign","1979-01-01 00:00:00.000000000",0,-1
57,"Ensign","1979-02-01 00:00:00.000000000",0,\N
57,"Ensign","1979-03-01 00:00:00.000000000",0,\N
57,"Ensign","1979-04-01 00:00:00.000000000",0,\N
57,"Ensign","1979-05-01 00:00:00.000000000",0,\N
57,"Ensign","1979-07-01 00:00:00.000000000",0,\N
57,"Ensign","1979-08-01 00:00:00.000000000",0,\N
57,"Ensign","1979-09-01 00:00:00.000000000",0,\N
57,"Ensign","1979-10-01 00:00:00.000000000",0,\N
57,"Ensign","1980-01-01 00:00:00.000000000",0,\N
57,"Ensign","1980-03-01 00:00:00.000000000",0,\N
57,"Ensign","1980-05-01 00:00:00.000000000",0,\N
57,"Ensign","1980-06-01 00:00:00.000000000",0,\N
57,"Ensign","1980-07-01 00:00:00.000000000",0,\N
57,"Ensign","1980-08-01 00:00:00.000000000",0,\N
57,"Ensign","1980-09-01 00:00:00.000000000",0,\N
57,"Ensign","1980-10-01 00:00:00.000000000",0,\N
57,"Ensign","1981-03-01 00:00:00.000000000",3,\N
57,"Ensign","1981-04-01 00:00:00.000000000",0,-1
57,"Ensign","1981-05-01 00:00:00.000000000",1,\N
57,"Ensign","1981-06-01 00:00:00.000000000",0,-1
57,"Ensign","1981-07-01 00:00:00.000000000",0,\N
57,"Ensign","1981-08-01 00:00:00.000000000",1,\N
57,"Ensign","1981-09-01 00:00:00.000000000",0,-1
57,"Ensign","1981-10-01 00:00:00.000000000",0,\N
57,"Ensign","1982-01-01 00:00:00.000000000",0,\N
57,"Ensign","1982-03-01 00:00:00.000000000",0,\N
57,"Ensign","1982-04-01 00:00:00.000000000",0,\N
57,"Ensign","1982-05-01 00:00:00.000000000",0,\N
57,"Ensign","1982-06-01 00:00:00.000000000",0,\N
57,"Ensign","1982-07-01 00:00:00.000000000",0,\N
57,"Ensign","1982-08-01 00:00:00.000000000",0,\N
57,"Ensign","1982-09-01 00:00:00.000000000",0,\N
58,"Shadow","1973-03-01 00:00:00.000000000",1,\N
58,"Shadow","1973-04-01 00:00:00.000000000",4,3
58,"Shadow","1973-05-01 00:00:00.000000000",0,-1
58,"Shadow","1973-06-01 00:00:00.000000000",0,\N
58,"Shadow","1973-07-01 00:00:00.000000000",0,\N
58,"Shadow","1973-08-01 00:00:00.000000000",0,\N
58,"Shadow","1973-09-01 00:00:00.000000000",4,\N
58,"Shadow","1973-10-01 00:00:00.000000000",0,-1
58,"Shadow","1974-01-01 00:00:00.000000000",0,\N
58,"Shadow","1974-04-01 00:00:00.000000000",0,\N
58,"Shadow","1974-05-01 00:00:00.000000000",4,\N
58,"Shadow","1974-06-01 00:00:00.000000000",2,-0.5
58,"Shadow","1974-07-01 00:00:00.000000000",0,-1
58,"Shadow","1974-08-01 00:00:00.000000000",1,\N
58,"Shadow","1974-09-01 00:00:00.000000000",0,-1
58,"Shadow","1974-10-01 00:00:00.000000000",0,\N
58,"Shadow","1976-01-01 00:00:00.000000000",4,\N
58,"Shadow","1976-03-01 00:00:00.000000000",0,-1
58,"Shadow","1976-05-01 00:00:00.000000000",0,\N
58,"Shadow","1976-06-01 00:00:00.000000000",0,\N
58,"Shadow","1976-07-01 00:00:00.000000000",3,\N
58,"Shadow","1976-08-01 00:00:00.000000000",3,0
58,"Shadow","1976-09-01 00:00:00.000000000",0,-1
58,"Shadow","1976-10-01 00:00:00.000000000",0,\N
58,"Shadow","1977-01-01 00:00:00.000000000",1,\N
58,"Shadow","1977-03-01 00:00:00.000000000",0,-1
58,"Shadow","1977-04-01 00:00:00.000000000",0,\N
58,"Shadow","1977-05-01 00:00:00.000000000",1,\N
58,"Shadow","1977-06-01 00:00:00.000000000",2,1
58,"Shadow","1977-07-01 00:00:00.000000000",0,-1
58,"Shadow","1977-08-01 00:00:00.000000000",9,\N
58,"Shadow","1977-09-01 00:00:00.000000000",4,-0.5555555555555556
58,"Shadow","1977-10-01 00:00:00.000000000",6,0.5
58,"Shadow","1978-01-01 00:00:00.000000000",2,-0.6666666666666666
58,"Shadow","1978-03-01 00:00:00.000000000",0,-1
58,"Shadow","1978-04-01 00:00:00.000000000",0,\N
58,"Shadow","1978-05-01 00:00:00.000000000",0,\N
58,"Shadow","1978-06-01 00:00:00.000000000",2,\N
58,"Shadow","1978-07-01 00:00:00.000000000",2,0
58,"Shadow","1978-08-01 00:00:00.000000000",0,-1
58,"Shadow","1978-09-01 00:00:00.000000000",0,\N
58,"Shadow","1978-10-01 00:00:00.000000000",0,\N
58,"Shadow","1979-01-01 00:00:00.000000000",0,\N
58,"Shadow","1979-02-01 00:00:00.000000000",0,\N
58,"Shadow","1979-03-01 00:00:00.000000000",0,\N
58,"Shadow","1979-04-01 00:00:00.000000000",0,\N
58,"Shadow","1979-05-01 00:00:00.000000000",0,\N
58,"Shadow","1979-07-01 00:00:00.000000000",0,\N
58,"Shadow","1979-08-01 00:00:00.000000000",0,\N
58,"Shadow","1979-09-01 00:00:00.000000000",0,\N
58,"Shadow","1979-10-01 00:00:00.000000000",3,\N
58,"Shadow","1980-01-01 00:00:00.000000000",0,-1
58,"Shadow","1980-03-01 00:00:00.000000000",0,\N
58,"Shadow","1980-05-01 00:00:00.000000000",0,\N
58,"Shadow","1980-06-01 00:00:00.000000000",0,\N
59,"Wolf","1976-01-01 00:00:00.000000000",0,\N
59,"Wolf","1976-03-01 00:00:00.000000000",0,\N
59,"Wolf","1976-05-01 00:00:00.000000000",0,\N
59,"Wolf","1976-06-01 00:00:00.000000000",0,\N
59,"Wolf","1976-07-01 00:00:00.000000000",0,\N
59,"Wolf","1976-08-01 00:00:00.000000000",0,\N
59,"Wolf","1976-09-01 00:00:00.000000000",0,\N
59,"Wolf","1976-10-01 00:00:00.000000000",0,\N
59,"Wolf","1977-01-01 00:00:00.000000000",9,\N
59,"Wolf","1977-03-01 00:00:00.000000000",6,-0.3333333333333333
59,"Wolf","1977-04-01 00:00:00.000000000",4,-0.3333333333333333
59,"Wolf","1977-05-01 00:00:00.000000000",13,2.25
59,"Wolf","1977-06-01 00:00:00.000000000",0,-1
59,"Wolf","1977-07-01 00:00:00.000000000",6,\N
59,"Wolf","1977-08-01 00:00:00.000000000",4,-0.3333333333333333
59,"Wolf","1977-09-01 00:00:00.000000000",0,-1
59,"Wolf","1977-10-01 00:00:00.000000000",13,\N
59,"Wolf","1978-01-01 00:00:00.000000000",0,-1
59,"Wolf","1978-03-01 00:00:00.000000000",0,\N
59,"Wolf","1978-04-01 00:00:00.000000000",0,\N
59,"Wolf","1978-05-01 00:00:00.000000000",4,\N
59,"Wolf","1978-06-01 00:00:00.000000000",3,-0.25
59,"Wolf","1978-07-01 00:00:00.000000000",7,1.3333333333333333
59,"Wolf","1978-08-01 00:00:00.000000000",0,-1
59,"Wolf","1978-09-01 00:00:00.000000000",0,\N
59,"Wolf","1978-10-01 00:00:00.000000000",10,\N
59,"Wolf","1979-01-01 00:00:00.000000000",0,-1
59,"Wolf","1979-02-01 00:00:00.000000000",0,\N
59,"Wolf","1979-03-01 00:00:00.000000000",0,\N
59,"Wolf","1979-04-01 00:00:00.000000000",0,\N
59,"Wolf","1979-05-01 00:00:00.000000000",0,\N
59,"Wolf","1979-07-01 00:00:00.000000000",0,\N
59,"Wolf","1979-08-01 00:00:00.000000000",0,\N
59,"Wolf","1979-09-01 00:00:00.000000000",0,\N
59,"Wolf","1979-10-01 00:00:00.000000000",0,\N
60,"Merzario","1978-01-01 00:00:00.000000000",0,\N
60,"Merzario","1978-03-01 00:00:00.000000000",0,\N
60,"Merzario","1978-04-01 00:00:00.000000000",0,\N
60,"Merzario","1978-05-01 00:00:00.000000000",0,\N
60,"Merzario","1978-06-01 00:00:00.000000000",0,\N
60,"Merzario","1978-07-01 00:00:00.000000000",0,\N
60,"Merzario","1978-08-01 00:00:00.000000000",0,\N
60,"Merzario","1978-09-01 00:00:00.000000000",0,\N
60,"Merzario","1978-10-01 00:00:00.000000000",0,\N
60,"Merzario","1979-01-01 00:00:00.000000000",0,\N
60,"Merzario","1979-02-01 00:00:00.000000000",0,\N
60,"Merzario","1979-03-01 00:00:00.000000000",0,\N
60,"Merzario","1979-04-01 00:00:00.000000000",0,\N
60,"Merzario","1979-05-01 00:00:00.000000000",0,\N
60,"Merzario","1979-07-01 00:00:00.000000000",0,\N
60,"Merzario","1979-08-01 00:00:00.000000000",0,\N
60,"Merzario","1979-09-01 00:00:00.000000000",0,\N
60,"Merzario","1979-10-01 00:00:00.000000000",0,\N
61,"Kauhsen","1979-04-01 00:00:00.000000000",0,\N
61,"Kauhsen","1979-05-01 00:00:00.000000000",0,\N
62,"Rebaque","1979-09-01 00:00:00.000000000",0,\N
62,"Rebaque","1979-10-01 00:00:00.000000000",0,\N
63,"Surtees","1970-07-01 00:00:00.000000000",0,\N
63,"Surtees","1970-08-01 00:00:00.000000000",0,\N
63,"Surtees","1970-09-01 00:00:00.000000000",2,\N
63,"Surtees","1970-10-01 00:00:00.000000000",1,-0.5
63,"Surtees","1971-03-01 00:00:00.000000000",0,-1
63,"Surtees","1971-04-01 00:00:00.000000000",0,\N
63,"Surtees","1971-05-01 00:00:00.000000000",1,\N
63,"Surtees","1971-06-01 00:00:00.000000000",2,1
63,"Surtees","1971-07-01 00:00:00.000000000",2,0
63,"Surtees","1971-08-01 00:00:00.000000000",0,-1
63,"Surtees","1971-09-01 00:00:00.000000000",3,\N
63,"Surtees","1971-10-01 00:00:00.000000000",0,-1
63,"Surtees","1972-01-01 00:00:00.000000000",2,\N
63,"Surtees","1972-03-01 00:00:00.000000000",0,-1
63,"Surtees","1972-05-01 00:00:00.000000000",3,\N
63,"Surtees","1972-06-01 00:00:00.000000000",3,0
63,"Surtees","1972-07-01 00:00:00.000000000",1,-0.6666666666666666
63,"Surtees","1972-08-01 00:00:00.000000000",3,2
63,"Surtees","1972-09-01 00:00:00.000000000",6,1
63,"Surtees","1972-10-01 00:00:00.000000000",0,-1
63,"Surtees","1973-01-01 00:00:00.000000000",0,\N
63,"Surtees","1973-02-01 00:00:00.000000000",0,\N
63,"Surtees","1973-03-01 00:00:00.000000000",0,\N
63,"Surtees","1973-04-01 00:00:00.000000000",0,\N
63,"Surtees","1973-05-01 00:00:00.000000000",0,\N
63,"Surtees","1973-06-01 00:00:00.000000000",0,\N
63,"Surtees","1973-07-01 00:00:00.000000000",0,\N
63,"Surtees","1973-08-01 00:00:00.000000000",7,\N
63,"Surtees","1973-09-01 00:00:00.000000000",0,-1
63,"Surtees","1973-10-01 00:00:00.000000000",0,\N
63,"Surtees","1974-01-01 00:00:00.000000000",3,\N
63,"Surtees","1974-03-01 00:00:00.000000000",0,-1
63,"Surtees","1974-04-01 00:00:00.000000000",0,\N
63,"Surtees","1974-05-01 00:00:00.000000000",0,\N
63,"Surtees","1974-06-01 00:00:00.000000000",0,\N
63,"Surtees","1974-07-01 00:00:00.000000000",0,\N
63,"Surtees","1974-08-01 00:00:00.000000000",0,\N
63,"Surtees","1974-09-01 00:00:00.000000000",0,\N
63,"Surtees","1974-10-01 00:00:00.000000000",0,\N
63,"Surtees","1975-01-01 00:00:00.000000000",0,\N
63,"Surtees","1975-03-01 00:00:00.000000000",0,\N
63,"Surtees","1975-04-01 00:00:00.000000000",0,\N
63,"Surtees","1975-05-01 00:00:00.000000000",0,\N
63,"Surtees","1975-06-01 00:00:00.000000000",0,\N
63,"Surtees","1975-07-01 00:00:00.000000000",0,\N
63,"Surtees","1975-08-01 00:00:00.000000000",0,\N
63,"Surtees","1976-03-01 00:00:00.000000000",0,\N
63,"Surtees","1976-05-01 00:00:00.000000000",2,\N
63,"Surtees","1976-06-01 00:00:00.000000000",0,-1
63,"Surtees","1976-07-01 00:00:00.000000000",2,\N
63,"Surtees","1976-08-01 00:00:00.000000000",0,-1
63,"Surtees","1976-09-01 00:00:00.000000000",0,\N
63,"Surtees","1976-10-01 00:00:00.000000000",3,\N
63,"Surtees","1977-01-01 00:00:00.000000000",0,-1
63,"Surtees","1977-03-01 00:00:00.000000000",0,\N
63,"Surtees","1977-04-01 00:00:00.000000000",0,\N
63,"Surtees","1977-05-01 00:00:00.000000000",0,\N
63,"Surtees","1977-06-01 00:00:00.000000000",3,\N
63,"Surtees","1977-07-01 00:00:00.000000000",2,-0.3333333333333333
63,"Surtees","1977-08-01 00:00:00.000000000",0,-1
63,"Surtees","1977-09-01 00:00:00.000000000",0,\N
63,"Surtees","1977-10-01 00:00:00.000000000",1,\N
63,"Surtees","1978-01-01 00:00:00.000000000",0,-1
63,"Surtees","1978-03-01 00:00:00.000000000",0,\N
63,"Surtees","1978-04-01 00:00:00.000000000",0,\N
63,"Surtees","1978-05-01 00:00:00.000000000",0,\N
63,"Surtees","1978-06-01 00:00:00.000000000",0,\N
63,"Surtees","1978-07-01 00:00:00.000000000",0,\N
63,"Surtees","1978-08-01 00:00:00.000000000",1,\N
63,"Surtees","1978-09-01 00:00:00.000000000",0,-1
63,"Surtees","1978-10-01 00:00:00.000000000",0,\N
64,"Hesketh","1974-03-01 00:00:00.000000000",0,\N
64,"Hesketh","1974-04-01 00:00:00.000000000",0,\N
64,"Hesketh","1974-05-01 00:00:00.000000000",0,\N
64,"Hesketh","1974-06-01 00:00:00.000000000",4,\N
64,"Hesketh","1974-07-01 00:00:00.000000000",0,-1
64,"Hesketh","1974-08-01 00:00:00.000000000",4,\N
64,"Hesketh","1974-09-01 00:00:00.000000000",3,-0.25
64,"Hesketh","1974-10-01 00:00:00.000000000",4,0.3333333333333333
64,"Hesketh","1975-01-01 00:00:00.000000000",7,0.75
64,"Hesketh","1975-03-01 00:00:00.000000000",0,-1
64,"Hesketh","1975-04-01 00:00:00.000000000",0,\N
64,"Hesketh","1975-05-01 00:00:00.000000000",0,\N
64,"Hesketh","1975-06-01 00:00:00.000000000",9,\N
64,"Hesketh","1975-07-01 00:00:00.000000000",9,0
64,"Hesketh","1975-08-01 00:00:00.000000000",3,-0.6666666666666666
64,"Hesketh","1975-09-01 00:00:00.000000000",2,-0.3333333333333333
64,"Hesketh","1975-10-01 00:00:00.000000000",3,0.5
64,"Hesketh","1976-03-01 00:00:00.000000000",0,-1
64,"Hesketh","1976-05-01 00:00:00.000000000",0,\N
64,"Hesketh","1976-06-01 00:00:00.000000000",0,\N
64,"Hesketh","1976-07-01 00:00:00.000000000",0,\N
64,"Hesketh","1976-08-01 00:00:00.000000000",0,\N
64,"Hesketh","1976-09-01 00:00:00.000000000",0,\N
64,"Hesketh","1976-10-01 00:00:00.000000000",0,\N
64,"Hesketh","1977-05-01 00:00:00.000000000",0,\N
64,"Hesketh","1977-06-01 00:00:00.000000000",0,\N
64,"Hesketh","1977-07-01 00:00:00.000000000",0,\N
64,"Hesketh","1977-08-01 00:00:00.000000000",0,\N
64,"Hesketh","1977-09-01 00:00:00.000000000",0,\N
64,"Hesketh","1977-10-01 00:00:00.000000000",0,\N
64,"Hesketh","1978-01-01 00:00:00.000000000",0,\N
64,"Hesketh","1978-03-01 00:00:00.000000000",0,\N
64,"Hesketh","1978-04-01 00:00:00.000000000",0,\N
64,"Hesketh","1978-05-01 00:00:00.000000000",0,\N
65,"Martini","1978-03-01 00:00:00.000000000",0,\N
65,"Martini","1978-05-01 00:00:00.000000000",0,\N
65,"Martini","1978-07-01 00:00:00.000000000",0,\N
65,"Martini","1978-08-01 00:00:00.000000000",0,\N
65,"Martini","1978-10-01 00:00:00.000000000",0,\N
66,"BRM","1958-05-01 00:00:00.000000000",8,\N
66,"BRM","1958-06-01 00:00:00.000000000",2,-0.75
66,"BRM","1958-07-01 00:00:00.000000000",2,0
66,"BRM","1958-08-01 00:00:00.000000000",3,0.5
66,"BRM","1958-09-01 00:00:00.000000000",0,-1
66,"BRM","1958-10-01 00:00:00.000000000",5,\N
66,"BRM","1959-05-01 00:00:00.000000000",8,0.6
66,"BRM","1959-07-01 00:00:00.000000000",6,-0.25
66,"BRM","1959-08-01 00:00:00.000000000",4,-0.3333333333333333
66,"BRM","1959-09-01 00:00:00.000000000",0,-1
66,"BRM","1960-02-01 00:00:00.000000000",0,\N
66,"BRM","1960-05-01 00:00:00.000000000",2,\N
66,"BRM","1960-06-01 00:00:00.000000000",4,1
66,"BRM","1960-07-01 00:00:00.000000000",0,-1
66,"BRM","1960-08-01 00:00:00.000000000",0,\N
66,"BRM","1960-11-01 00:00:00.000000000",2,\N
66,"BRM","1961-05-01 00:00:00.000000000",0,-1
66,"BRM","1961-06-01 00:00:00.000000000",0,\N
66,"BRM","1961-07-01 00:00:00.000000000",1,\N
66,"BRM","1961-08-01 00:00:00.000000000",0,-1
66,"BRM","1961-09-01 00:00:00.000000000",2,\N
66,"BRM","1961-10-01 00:00:00.000000000",4,1
66,"BRM","1962-05-01 00:00:00.000000000",9,1.25
66,"BRM","1962-06-01 00:00:00.000000000",7,-0.2222222222222222
66,"BRM","1962-07-01 00:00:00.000000000",7,0
66,"BRM","1962-08-01 00:00:00.000000000",9,0.2857142857142857
66,"BRM","1962-09-01 00:00:00.000000000",9,0
66,"BRM","1962-10-01 00:00:00.000000000",6,-0.3333333333333333
66,"BRM","1962-12-01 00:00:00.000000000",9,0.5
66,"BRM","1963-05-01 00:00:00.000000000",9,0
66,"BRM","1963-06-01 00:00:00.000000000",5,-0.4444444444444444
66,"BRM","1963-07-01 00:00:00.000000000",4,-0.2
66,"BRM","1963-08-01 00:00:00.000000000",4,0
66,"BRM","1963-09-01 00:00:00.000000000",6,0.5
66,"BRM","1963-10-01 00:00:00.000000000",13,1.1666666666666667
66,"BRM","1963-12-01 00:00:00.000000000",4,-0.6923076923076923
66,"BRM","1964-05-01 00:00:00.000000000",12,2
66,"BRM","1964-06-01 00:00:00.000000000",9,-0.25
66,"BRM","1964-07-01 00:00:00.000000000",6,-0.3333333333333333
66,"BRM","1964-08-01 00:00:00.000000000",12,1
66,"BRM","1964-09-01 00:00:00.000000000",3,-0.75
66,"BRM","1964-10-01 00:00:00.000000000",9,2
66,"BRM","1965-01-01 00:00:00.000000000",4,-0.5555555555555556
66,"BRM","1965-05-01 00:00:00.000000000",9,1.25
66,"BRM","1965-06-01 00:00:00.000000000",12,0.3333333333333333
66,"BRM","1965-07-01 00:00:00.000000000",12,0
66,"BRM","1965-08-01 00:00:00.000000000",6,-0.5
66,"BRM","1965-09-01 00:00:00.000000000",9,0.5
66,"BRM","1965-10-01 00:00:00.000000000",9,0
66,"BRM","1966-05-01 00:00:00.000000000",9,0
66,"BRM","1966-06-01 00:00:00.000000000",0,-1
66,"BRM","1966-07-01 00:00:00.000000000",10,\N
66,"BRM","1966-08-01 00:00:00.000000000",3,-0.7
66,"BRM","1966-09-01 00:00:00.000000000",0,-1
66,"BRM","1966-10-01 00:00:00.000000000",0,\N
66,"BRM","1967-01-01 00:00:00.000000000",0,\N
66,"BRM","1967-05-01 00:00:00.000000000",1,\N
66,"BRM","1967-06-01 00:00:00.000000000",8,7
66,"BRM","1967-07-01 00:00:00.000000000",4,-0.5
66,"BRM","1967-08-01 00:00:00.000000000",2,-0.5
66,"BRM","1967-09-01 00:00:00.000000000",2,0
66,"BRM","1967-10-01 00:00:00.000000000",2,0
66,"BRM","1968-01-01 00:00:00.000000000",0,-1
66,"BRM","1968-05-01 00:00:00.000000000",6,\N
66,"BRM","1968-06-01 00:00:00.000000000",10,0.6666666666666666
66,"BRM","1968-07-01 00:00:00.000000000",1,-0.9
66,"BRM","1968-08-01 00:00:00.000000000",1,0
66,"BRM","1968-09-01 00:00:00.000000000",7,6
66,"BRM","1968-10-01 00:00:00.000000000",0,-1
66,"BRM","1968-11-01 00:00:00.000000000",3,\N
66,"BRM","1969-03-01 00:00:00.000000000",0,-1
66,"BRM","1969-05-01 00:00:00.000000000",2,\N
66,"BRM","1969-06-01 00:00:00.000000000",0,-1
66,"BRM","1969-07-01 00:00:00.000000000",0,\N
66,"BRM","1969-08-01 00:00:00.000000000",0,\N
66,"BRM","1969-09-01 00:00:00.000000000",0,\N
66,"BRM","1969-10-01 00:00:00.000000000",5,\N
66,"BRM","1970-03-01 00:00:00.000000000",0,-1
66,"BRM","1970-04-01 00:00:00.000000000",0,\N
66,"BRM","1970-05-01 00:00:00.000000000",1,\N
66,"BRM","1970-06-01 00:00:00.000000000",9,8
66,"BRM","1970-07-01 00:00:00.000000000",0,-1
66,"BRM","1970-08-01 00:00:00.000000000",5,\N
66,"BRM","1970-09-01 00:00:00.000000000",3,-0.4
66,"BRM","1970-10-01 00:00:00.000000000",7,1.3333333333333333
66,"BRM","1971-03-01 00:00:00.000000000",0,-1
66,"BRM","1971-04-01 00:00:00.000000000",3,\N
66,"BRM","1971-05-01 00:00:00.000000000",0,-1
66,"BRM","1971-06-01 00:00:00.000000000",6,\N
66,"BRM","1971-07-01 00:00:00.000000000",3,-0.5
66,"BRM","1971-08-01 00:00:00.000000000",9,2
66,"BRM","1971-09-01 00:00:00.000000000",9,0
66,"BRM","1971-10-01 00:00:00.000000000",6,-0.3333333333333333
66,"BRM","1972-01-01 00:00:00.000000000",0,-1
66,"BRM","1972-03-01 00:00:00.000000000",0,\N
66,"BRM","1972-05-01 00:00:00.000000000",9,\N
66,"BRM","1972-06-01 00:00:00.000000000",0,-1
66,"BRM","1972-07-01 00:00:00.000000000",3,\N
66,"BRM","1972-08-01 00:00:00.000000000",1,-0.6666666666666666
66,"BRM","1972-09-01 00:00:00.000000000",1,0
66,"BRM","1972-10-01 00:00:00.000000000",0,-1
66,"BRM","1973-01-01 00:00:00.000000000",0,\N
66,"BRM","1973-02-01 00:00:00.000000000",1,\N
66,"BRM","1973-03-01 00:00:00.000000000",0,-1
66,"BRM","1973-04-01 00:00:00.000000000",2,\N
66,"BRM","1973-05-01 00:00:00.000000000",2,0
66,"BRM","1973-06-01 00:00:00.000000000",0,-1
66,"BRM","1973-07-01 00:00:00.000000000",2,\N
66,"BRM","1973-08-01 00:00:00.000000000",2,0
66,"BRM","1973-09-01 00:00:00.000000000",3,0.5
66,"BRM","1973-10-01 00:00:00.000000000",0,-1
66,"BRM","1974-01-01 00:00:00.000000000",2,\N
66,"BRM","1974-03-01 00:00:00.000000000",6,2
66,"BRM","1974-04-01 00:00:00.000000000",0,-1
66,"BRM","1974-05-01 00:00:00.000000000",2,\N
66,"BRM","1974-06-01 00:00:00.000000000",0,-1
66,"BRM","1974-07-01 00:00:00.000000000",0,\N
66,"BRM","1974-08-01 00:00:00.000000000",0,\N
66,"BRM","1974-09-01 00:00:00.000000000",0,\N
66,"BRM","1974-10-01 00:00:00.000000000",0,\N
66,"BRM","1975-01-01 00:00:00.000000000",0,\N
66,"BRM","1975-03-01 00:00:00.000000000",0,\N
66,"BRM","1975-04-01 00:00:00.000000000",0,\N
66,"BRM","1975-05-01 00:00:00.000000000",0,\N
66,"BRM","1975-06-01 00:00:00.000000000",0,\N
66,"BRM","1975-07-01 00:00:00.000000000",0,\N
66,"BRM","1975-08-01 00:00:00.000000000",0,\N
66,"BRM","1975-09-01 00:00:00.000000000",0,\N
66,"BRM","1976-01-01 00:00:00.000000000",0,\N
66,"BRM","1977-01-01 00:00:00.000000000",0,\N
66,"BRM","1977-03-01 00:00:00.000000000",0,\N
66,"BRM","1977-05-01 00:00:00.000000000",0,\N
66,"BRM","1977-06-01 00:00:00.000000000",0,\N
66,"BRM","1977-07-01 00:00:00.000000000",0,\N
66,"BRM","1977-08-01 00:00:00.000000000",0,\N
66,"BRM","1977-09-01 00:00:00.000000000",0,\N
67,"Penske","1974-09-01 00:00:00.000000000",0,\N
67,"Penske","1974-10-01 00:00:00.000000000",0,\N
67,"Penske","1975-01-01 00:00:00.000000000",0,\N
67,"Penske","1975-03-01 00:00:00.000000000",0,\N
67,"Penske","1975-04-01 00:00:00.000000000",0,\N
67,"Penske","1975-05-01 00:00:00.000000000",0,\N
67,"Penske","1975-06-01 00:00:00.000000000",2,\N
67,"Penske","1975-07-01 00:00:00.000000000",0,-1
67,"Penske","1975-10-01 00:00:00.000000000",0,\N
67,"Penske","1976-01-01 00:00:00.000000000",0,\N
67,"Penske","1976-03-01 00:00:00.000000000",2,\N
67,"Penske","1976-05-01 00:00:00.000000000",0,-1
67,"Penske","1976-06-01 00:00:00.000000000",0,\N
67,"Penske","1976-07-01 00:00:00.000000000",8,\N
67,"Penske","1976-08-01 00:00:00.000000000",9,0.125
67,"Penske","1976-09-01 00:00:00.000000000",0,-1
67,"Penske","1976-10-01 00:00:00.000000000",1,\N
67,"Penske","1977-04-01 00:00:00.000000000",1,0
67,"Penske","1977-05-01 00:00:00.000000000",0,-1
67,"Penske","1977-06-01 00:00:00.000000000",0,\N
67,"Penske","1977-07-01 00:00:00.000000000",0,\N
67,"Penske","1977-08-01 00:00:00.000000000",0,\N
67,"Penske","1977-09-01 00:00:00.000000000",0,\N
67,"Penske","1977-10-01 00:00:00.000000000",0,\N
68,"LEC","1977-05-01 00:00:00.000000000",0,\N
68,"LEC","1977-06-01 00:00:00.000000000",0,\N
68,"LEC","1977-07-01 00:00:00.000000000",0,\N
69,"McGuire","1977-07-01 00:00:00.000000000",0,\N
70,"Boro","1976-05-01 00:00:00.000000000",0,\N
70,"Boro","1976-06-01 00:00:00.000000000",0,\N
70,"Boro","1976-08-01 00:00:00.000000000",0,\N
70,"Boro","1976-09-01 00:00:00.000000000",0,\N
70,"Boro","1977-08-01 00:00:00.000000000",0,\N
70,"Boro","1977-09-01 00:00:00.000000000",0,\N
71,"Apollon","1977-09-01 00:00:00.000000000",0,\N
72,"Kojima","1976-10-01 00:00:00.000000000",0,\N
72,"Kojima","1977-10-01 00:00:00.000000000",0,\N
73,"Parnelli","1974-09-01 00:00:00.000000000",0,\N
73,"Parnelli","1974-10-01 00:00:00.000000000",0,\N
73,"Parnelli","1975-01-01 00:00:00.000000000",0,\N
73,"Parnelli","1975-03-01 00:00:00.000000000",0,\N
73,"Parnelli","1975-04-01 00:00:00.000000000",0,\N
73,"Parnelli","1975-05-01 00:00:00.000000000",0,\N
73,"Parnelli","1975-06-01 00:00:00.000000000",3,\N
73,"Parnelli","1975-07-01 00:00:00.000000000",2,-0.3333333333333333
73,"Parnelli","1975-08-01 00:00:00.000000000",0,-1
73,"Parnelli","1975-09-01 00:00:00.000000000",0,\N
73,"Parnelli","1975-10-01 00:00:00.000000000",0,\N
73,"Parnelli","1976-03-01 00:00:00.000000000",1,\N
74,"Maki","1974-07-01 00:00:00.000000000",0,\N
74,"Maki","1974-08-01 00:00:00.000000000",0,\N
74,"Maki","1975-06-01 00:00:00.000000000",0,\N
74,"Maki","1975-07-01 00:00:00.000000000",0,\N
74,"Maki","1975-08-01 00:00:00.000000000",0,\N
74,"Maki","1975-09-01 00:00:00.000000000",0,\N
74,"Maki","1976-10-01 00:00:00.000000000",0,\N
75,"Embassy Hill","1975-03-01 00:00:00.000000000",0,\N
75,"Embassy Hill","1975-05-01 00:00:00.000000000",0,\N
75,"Embassy Hill","1975-06-01 00:00:00.000000000",1,\N
75,"Embassy Hill","1975-07-01 00:00:00.000000000",0,-1
75,"Embassy Hill","1975-08-01 00:00:00.000000000",2,\N
75,"Embassy Hill","1975-09-01 00:00:00.000000000",0,-1
75,"Embassy Hill","1975-10-01 00:00:00.000000000",0,\N
76,"Lyncar","1974-07-01 00:00:00.000000000",0,\N
76,"Lyncar","1975-07-01 00:00:00.000000000",0,\N
77,"Trojan","1974-04-01 00:00:00.000000000",0,\N
77,"Trojan","1974-05-01 00:00:00.000000000",0,\N
77,"Trojan","1974-06-01 00:00:00.000000000",0,\N
77,"Trojan","1974-07-01 00:00:00.000000000",0,\N
77,"Trojan","1974-08-01 00:00:00.000000000",0,\N
77,"Trojan","1974-09-01 00:00:00.000000000",0,\N
78,"Amon","1974-04-01 00:00:00.000000000",0,\N
78,"Amon","1974-05-01 00:00:00.000000000",0,\N
78,"Amon","1974-08-01 00:00:00.000000000",0,\N
78,"Amon","1974-09-01 00:00:00.000000000",0,\N
79,"Token","1974-05-01 00:00:00.000000000",0,\N
79,"Token","1974-07-01 00:00:00.000000000",0,\N
79,"Token","1974-08-01 00:00:00.000000000",0,\N
80,"Iso Marlboro","1973-01-01 00:00:00.000000000",0,\N
80,"Iso Marlboro","1973-02-01 00:00:00.000000000",0,\N
80,"Iso Marlboro","1973-03-01 00:00:00.000000000",0,\N
80,"Iso Marlboro","1973-04-01 00:00:00.000000000",0,\N
80,"Iso Marlboro","1973-05-01 00:00:00.000000000",0,\N
80,"Iso Marlboro","1973-06-01 00:00:00.000000000",0,\N
80,"Iso Marlboro","1973-07-01 00:00:00.000000000",1,\N
80,"Iso Marlboro","1973-08-01 00:00:00.000000000",0,-1
80,"Iso Marlboro","1973-09-01 00:00:00.000000000",1,\N
80,"Iso Marlboro","1973-10-01 00:00:00.000000000",0,-1
80,"Iso Marlboro","1974-01-01 00:00:00.000000000",0,\N
80,"Iso Marlboro","1974-03-01 00:00:00.000000000",1,\N
80,"Iso Marlboro","1974-04-01 00:00:00.000000000",0,-1
80,"Iso Marlboro","1974-05-01 00:00:00.000000000",0,\N
80,"Iso Marlboro","1974-06-01 00:00:00.000000000",0,\N
80,"Iso Marlboro","1974-07-01 00:00:00.000000000",0,\N
80,"Iso Marlboro","1974-08-01 00:00:00.000000000",0,\N
80,"Iso Marlboro","1974-09-01 00:00:00.000000000",3,\N
80,"Iso Marlboro","1974-10-01 00:00:00.000000000",0,-1
81,"Tecno","1972-06-01 00:00:00.000000000",0,\N
81,"Tecno","1972-07-01 00:00:00.000000000",0,\N
81,"Tecno","1972-08-01 00:00:00.000000000",0,\N
81,"Tecno","1972-09-01 00:00:00.000000000",0,\N
81,"Tecno","1972-10-01 00:00:00.000000000",0,\N
81,"Tecno","1973-05-01 00:00:00.000000000",1,\N
81,"Tecno","1973-06-01 00:00:00.000000000",0,-1
81,"Tecno","1973-07-01 00:00:00.000000000",0,\N
82,"Matra","1967-05-01 00:00:00.000000000",0,\N
82,"Matra","1967-08-01 00:00:00.000000000",0,\N
82,"Matra","1968-05-01 00:00:00.000000000",0,\N
82,"Matra","1968-06-01 00:00:00.000000000",6,\N
82,"Matra","1968-07-01 00:00:00.000000000",0,-1
82,"Matra","1968-08-01 00:00:00.000000000",0,\N
82,"Matra","1968-09-01 00:00:00.000000000",2,\N
82,"Matra","1968-10-01 00:00:00.000000000",0,-1
82,"Matra","1968-11-01 00:00:00.000000000",0,\N
82,"Matra","1970-03-01 00:00:00.000000000",3,\N
82,"Matra","1970-04-01 00:00:00.000000000",0,-1
82,"Matra","1970-05-01 00:00:00.000000000",4,\N
82,"Matra","1970-06-01 00:00:00.000000000",6,0.5
82,"Matra","1970-07-01 00:00:00.000000000",2,-0.6666666666666666
82,"Matra","1970-08-01 00:00:00.000000000",2,0
82,"Matra","1970-09-01 00:00:00.000000000",4,1
82,"Matra","1970-10-01 00:00:00.000000000",2,-0.5
82,"Matra","1971-03-01 00:00:00.000000000",2,0
82,"Matra","1971-04-01 00:00:00.000000000",4,1
82,"Matra","1971-05-01 00:00:00.000000000",0,-1
82,"Matra","1971-06-01 00:00:00.000000000",0,\N
82,"Matra","1971-07-01 00:00:00.000000000",2,\N
82,"Matra","1971-08-01 00:00:00.000000000",0,-1
82,"Matra","1971-09-01 00:00:00.000000000",1,\N
82,"Matra","1971-10-01 00:00:00.000000000",0,-1
82,"Matra","1972-01-01 00:00:00.000000000",0,\N
82,"Matra","1972-03-01 00:00:00.000000000",0,\N
82,"Matra","1972-05-01 00:00:00.000000000",1,\N
82,"Matra","1972-06-01 00:00:00.000000000",1,0
82,"Matra","1972-07-01 00:00:00.000000000",7,6
82,"Matra","1972-08-01 00:00:00.000000000",2,-0.7142857142857143
82,"Matra","1972-09-01 00:00:00.000000000",1,-0.5
82,"Matra","1972-10-01 00:00:00.000000000",0,-1
83,"Politoys","1972-07-01 00:00:00.000000000",0,\N
84,"Connew","1972-08-01 00:00:00.000000000",0,\N
85,"Bellasi","1970-06-01 00:00:00.000000000",0,\N
85,"Bellasi","1970-07-01 00:00:00.000000000",0,\N
85,"Bellasi","1970-08-01 00:00:00.000000000",0,\N
85,"Bellasi","1970-09-01 00:00:00.000000000",0,\N
85,"Bellasi","1971-09-01 00:00:00.000000000",0,\N
86,"De Tomaso","1962-09-01 00:00:00.000000000",0,\N
86,"De Tomaso","1963-05-01 00:00:00.000000000",0,\N
86,"De Tomaso","1963-06-01 00:00:00.000000000",0,\N
86,"De Tomaso","1963-07-01 00:00:00.000000000",0,\N
86,"De Tomaso","1970-03-01 00:00:00.000000000",0,\N
86,"De Tomaso","1970-04-01 00:00:00.000000000",0,\N
86,"De Tomaso","1970-05-01 00:00:00.000000000",0,\N
86,"De Tomaso","1970-06-01 00:00:00.000000000",0,\N
86,"De Tomaso","1970-08-01 00:00:00.000000000",0,\N
86,"De Tomaso","1970-09-01 00:00:00.000000000",0,\N
86,"De Tomaso","1970-10-01 00:00:00.000000000",0,\N
87,"Cooper","1958-01-01 00:00:00.000000000",8,\N
87,"Cooper","1958-05-01 00:00:00.000000000",11,0.375
87,"Cooper","1958-06-01 00:00:00.000000000",0,-1
87,"Cooper","1958-07-01 00:00:00.000000000",4,\N
87,"Cooper","1958-08-01 00:00:00.000000000",6,0.5
87,"Cooper","1958-09-01 00:00:00.000000000",2,-0.6666666666666666
87,"Cooper","1958-10-01 00:00:00.000000000",0,-1
87,"Cooper","1962-07-01 00:00:00.000000000",0,\N
89,"LDS","1962-12-01 00:00:00.000000000",0,\N
89,"LDS","1963-12-01 00:00:00.000000000",0,\N
89,"LDS","1968-01-01 00:00:00.000000000",0,\N
90,"Protos","1967-08-01 00:00:00.000000000",0,\N
91,"Shannon","1966-07-01 00:00:00.000000000",0,\N
92,"Scirocco","1963-05-01 00:00:00.000000000",0,\N
92,"Scirocco","1963-06-01 00:00:00.000000000",0,\N
92,"Scirocco","1963-07-01 00:00:00.000000000",0,\N
92,"Scirocco","1963-08-01 00:00:00.000000000",0,\N
92,"Scirocco","1963-09-01 00:00:00.000000000",0,\N
92,"Scirocco","1964-05-01 00:00:00.000000000",0,\N
92,"Scirocco","1964-06-01 00:00:00.000000000",0,\N
92,"Scirocco","1964-08-01 00:00:00.000000000",0,\N
93,"RE","1965-01-01 00:00:00.000000000",0,\N
94,"BRP","1963-06-01 00:00:00.000000000",3,\N
94,"BRP","1963-07-01 00:00:00.000000000",0,-1
94,"BRP","1963-09-01 00:00:00.000000000",3,\N
94,"BRP","1964-05-01 00:00:00.000000000",0,-1
94,"BRP","1964-06-01 00:00:00.000000000",0,\N
94,"BRP","1964-07-01 00:00:00.000000000",0,\N
94,"BRP","1964-08-01 00:00:00.000000000",2,\N
94,"BRP","1964-09-01 00:00:00.000000000",2,0
94,"BRP","1964-10-01 00:00:00.000000000",1,-0.5
95,"Porsche","1958-05-01 00:00:00.000000000",0,\N
95,"Porsche","1958-08-01 00:00:00.000000000",0,\N
95,"Porsche","1959-05-01 00:00:00.000000000",0,\N
95,"Porsche","1959-12-01 00:00:00.000000000",0,\N
95,"Porsche","1960-09-01 00:00:00.000000000",1,\N
95,"Porsche","1961-05-01 00:00:00.000000000",2,1
95,"Porsche","1961-06-01 00:00:00.000000000",1,-0.5
95,"Porsche","1961-07-01 00:00:00.000000000",8,7
95,"Porsche","1961-08-01 00:00:00.000000000",0,-1
95,"Porsche","1961-09-01 00:00:00.000000000",6,\N
95,"Porsche","1961-10-01 00:00:00.000000000",6,0
95,"Porsche","1962-05-01 00:00:00.000000000",1,-0.8333333333333334
95,"Porsche","1962-06-01 00:00:00.000000000",2,1
95,"Porsche","1962-07-01 00:00:00.000000000",9,3.5
95,"Porsche","1962-08-01 00:00:00.000000000",4,-0.5555555555555556
95,"Porsche","1962-09-01 00:00:00.000000000",1,-0.75
95,"Porsche","1962-10-01 00:00:00.000000000",2,1
95,"Porsche","1962-12-01 00:00:00.000000000",0,-1
95,"Porsche","1963-05-01 00:00:00.000000000",0,\N
95,"Porsche","1963-06-01 00:00:00.000000000",1,\N
95,"Porsche","1963-07-01 00:00:00.000000000",0,-1
95,"Porsche","1963-08-01 00:00:00.000000000",3,\N
95,"Porsche","1963-09-01 00:00:00.000000000",0,-1
95,"Porsche","1963-10-01 00:00:00.000000000",1,\N
95,"Porsche","1963-12-01 00:00:00.000000000",0,-1
95,"Porsche","1964-05-01 00:00:00.000000000",0,\N
96,"Derrington","1964-09-01 00:00:00.000000000",0,\N
97,"Gilby","1961-07-01 00:00:00.000000000",0,\N
97,"Gilby","1962-07-01 00:00:00.000000000",0,\N
97,"Gilby","1962-08-01 00:00:00.000000000",0,\N
97,"Gilby","1962-09-01 00:00:00.000000000",0,\N
97,"Gilby","1963-07-01 00:00:00.000000000",0,\N
97,"Gilby","1963-08-01 00:00:00.000000000",0,\N
97,"Gilby","1963-09-01 00:00:00.000000000",0,\N
98,"Stebro","1963-10-01 00:00:00.000000000",0,\N
99,"Emeryson","1961-05-01 00:00:00.000000000",0,\N
99,"Emeryson","1961-07-01 00:00:00.000000000",0,\N
99,"Emeryson","1961-09-01 00:00:00.000000000",0,\N
99,"Emeryson","1962-05-01 00:00:00.000000000",0,\N
99,"Emeryson","1962-07-01 00:00:00.000000000",0,\N
99,"Emeryson","1962-09-01 00:00:00.000000000",0,\N
99,"Emeryson","1962-12-01 00:00:00.000000000",0,\N
100,"ENB","1962-08-01 00:00:00.000000000",0,\N
101,"JBW","1959-07-01 00:00:00.000000000",0,\N
101,"JBW","1960-05-01 00:00:00.000000000",0,\N
101,"JBW","1960-07-01 00:00:00.000000000",0,\N
101,"JBW","1960-09-01 00:00:00.000000000",0,\N
101,"JBW","1961-07-01 00:00:00.000000000",0,\N
101,"JBW","1961-09-01 00:00:00.000000000",0,\N
102,"Ferguson","1961-07-01 00:00:00.000000000",0,\N
103,"MBM","1961-08-01 00:00:00.000000000",0,\N
104,"Behra-Porsche","1960-02-01 00:00:00.000000000",0,\N
104,"Behra-Porsche","1960-09-01 00:00:00.000000000",0,\N
105,"Maserati","1958-01-01 00:00:00.000000000",3,\N
105,"Maserati","1958-05-01 00:00:00.000000000",0,-1
105,"Maserati","1958-06-01 00:00:00.000000000",0,\N
105,"Maserati","1958-07-01 00:00:00.000000000",3,\N
105,"Maserati","1958-08-01 00:00:00.000000000",0,-1
105,"Maserati","1958-09-01 00:00:00.000000000",0,\N
105,"Maserati","1958-10-01 00:00:00.000000000",0,\N
105,"Maserati","1959-05-01 00:00:00.000000000",0,\N
105,"Maserati","1959-07-01 00:00:00.000000000",0,\N
105,"Maserati","1959-09-01 00:00:00.000000000",0,\N
105,"Maserati","1959-12-01 00:00:00.000000000",0,\N
105,"Maserati","1960-02-01 00:00:00.000000000",0,\N
105,"Maserati","1960-09-01 00:00:00.000000000",0,\N
105,"Maserati","1960-11-01 00:00:00.000000000",0,\N
106,"Scarab","1960-05-01 00:00:00.000000000",0,\N
106,"Scarab","1960-06-01 00:00:00.000000000",0,\N
106,"Scarab","1960-07-01 00:00:00.000000000",0,\N
106,"Scarab","1960-11-01 00:00:00.000000000",0,\N
107,"Watson","1959-05-01 00:00:00.000000000",8,\N
107,"Watson","1960-05-01 00:00:00.000000000",8,0
108,"Epperly","1959-05-01 00:00:00.000000000",3,\N
108,"Epperly","1960-05-01 00:00:00.000000000",4,0.3333333333333333
109,"Phillips","1959-05-01 00:00:00.000000000",0,\N
109,"Phillips","1960-05-01 00:00:00.000000000",3,\N
110,"Lesovsky","1959-05-01 00:00:00.000000000",5,\N
110,"Lesovsky","1960-05-01 00:00:00.000000000",2,-0.6
111,"Trevis","1960-05-01 00:00:00.000000000",1,\N
112,"Meskowski","1960-05-01 00:00:00.000000000",0,\N
113,"Kurtis Kraft","1959-05-01 00:00:00.000000000",0,\N
113,"Kurtis Kraft","1959-12-01 00:00:00.000000000",0,\N
113,"Kurtis Kraft","1960-05-01 00:00:00.000000000",0,\N
114,"Kuzma","1959-05-01 00:00:00.000000000",0,\N
114,"Kuzma","1960-05-01 00:00:00.000000000",0,\N
115,"Christensen","1959-05-01 00:00:00.000000000",0,\N
115,"Christensen","1960-05-01 00:00:00.000000000",0,\N
116,"Ewing","1960-05-01 00:00:00.000000000",0,\N
117,"Aston Martin","1959-05-01 00:00:00.000000000",0,\N
117,"Aston Martin","1959-07-01 00:00:00.000000000",0,\N
117,"Aston Martin","1959-08-01 00:00:00.000000000",0,\N
117,"Aston Martin","1959-09-01 00:00:00.000000000",0,\N
117,"Aston Martin","1960-06-01 00:00:00.000000000",0,\N
117,"Aston Martin","1960-07-01 00:00:00.000000000",0,\N
117,"Aston Martin","2021-03-01 00:00:00.000000000",1,\N
117,"Aston Martin","2021-04-01 00:00:00.000000000",4,3
117,"Aston Martin","2021-05-01 00:00:00.000000000",14,2.5
117,"Aston Martin","2021-06-01 00:00:00.000000000",25,0.7857142857142857
117,"Aston Martin","2021-07-01 00:00:00.000000000",4,-0.84
117,"Aston Martin","2021-08-01 00:00:00.000000000",5,0.25
117,"Aston Martin","2021-09-01 00:00:00.000000000",6,0.2
117,"Aston Martin","2021-10-01 00:00:00.000000000",3,-0.5
117,"Aston Martin","2021-11-01 00:00:00.000000000",15,4
117,"Aston Martin","2021-12-01 00:00:00.000000000",0,-1
117,"Aston Martin","2022-03-01 00:00:00.000000000",0,\N
117,"Aston Martin","2022-04-01 00:00:00.000000000",5,\N
117,"Aston Martin","2022-05-01 00:00:00.000000000",2,-0.6
117,"Aston Martin","2022-06-01 00:00:00.000000000",9,3.5
117,"Aston Martin","2022-07-01 00:00:00.000000000",4,-0.5555555555555556
117,"Aston Martin","2022-08-01 00:00:00.000000000",4,0
117,"Aston Martin","2022-09-01 00:00:00.000000000",1,-0.75
117,"Aston Martin","2022-10-01 00:00:00.000000000",24,23
117,"Aston Martin","2022-11-01 00:00:00.000000000",6,-0.75
117,"Aston Martin","2023-03-01 00:00:00.000000000",38,5.333333333333333
117,"Aston Martin","2023-04-01 00:00:00.000000000",49,0.2894736842105263
117,"Aston Martin","2023-05-01 00:00:00.000000000",33,-0.32653061224489793
117,"Aston Martin","2023-06-01 00:00:00.000000000",34,0.030303030303030304
117,"Aston Martin","2023-07-01 00:00:00.000000000",42,0.23529411764705882
117,"Aston Martin","2023-08-01 00:00:00.000000000",19,-0.5476190476190477
117,"Aston Martin","2023-09-01 00:00:00.000000000",6,-0.6842105263157895
117,"Aston Martin","2023-10-01 00:00:00.000000000",15,1.5
117,"Aston Martin","2023-11-01 00:00:00.000000000",44,1.9333333333333333
117,"Aston Martin","2024-03-01 00:00:00.000000000",25,-0.4318181818181818
117,"Aston Martin","2024-04-01 00:00:00.000000000",15,-0.4
117,"Aston Martin","2024-05-01 00:00:00.000000000",4,-0.7333333333333333
117,"Aston Martin","2024-06-01 00:00:00.000000000",14,2.5
117,"Aston Martin","2024-07-01 00:00:00.000000000",15,0.07142857142857142
117,"Aston Martin","2024-08-01 00:00:00.000000000",1,-0.9333333333333333
117,"Aston Martin","2024-09-01 00:00:00.000000000",12,11
117,"Aston Martin","2024-10-01 00:00:00.000000000",0,-1
117,"Aston Martin","2024-11-01 00:00:00.000000000",0,\N
117,"Aston Martin","2024-12-01 00:00:00.000000000",8,\N
117,"Aston Martin","2025-03-01 00:00:00.000000000",10,0.25
117,"Aston Martin","2025-04-01 00:00:00.000000000",0,-1
117,"Aston Martin","2025-05-01 00:00:00.000000000",0,\N
117,"Aston Martin","2025-06-01 00:00:00.000000000",14,\N
117,"Aston Martin","2025-07-01 00:00:00.000000000",8,-0.42857142857142855
117,"Aston Martin","2025-08-01 00:00:00.000000000",26,2.25
118,"Vanwall","1958-05-01 00:00:00.000000000",8,\N
118,"Vanwall","1958-06-01 00:00:00.000000000",8,0
118,"Vanwall","1958-07-01 00:00:00.000000000",9,0.125
118,"Vanwall","1958-08-01 00:00:00.000000000",16,0.7777777777777778
118,"Vanwall","1958-09-01 00:00:00.000000000",8,-0.5
118,"Vanwall","1958-10-01 00:00:00.000000000",9,0.125
118,"Vanwall","1959-07-01 00:00:00.000000000",0,-1
118,"Vanwall","1960-07-01 00:00:00.000000000",0,\N
119,"Moore","1959-05-01 00:00:00.000000000",0,\N
120,"Dunn","1959-05-01 00:00:00.000000000",0,\N
121,"Elder","1959-05-01 00:00:00.000000000",0,\N
122,"Sutton","1959-05-01 00:00:00.000000000",0,\N
123,"Fry","1959-07-01 00:00:00.000000000",0,\N
124,"Tec-Mec","1959-12-01 00:00:00.000000000",0,\N
125,"Connaught","1958-05-01 00:00:00.000000000",0,\N
125,"Connaught","1958-07-01 00:00:00.000000000",0,\N
125,"Connaught","1959-12-01 00:00:00.000000000",0,\N
127,"OSCA","1958-05-01 00:00:00.000000000",0,\N
131,"Mercedes","2010-03-01 00:00:00.000000000",29,\N
131,"Mercedes","2010-04-01 00:00:00.000000000",31,0.06896551724137931
131,"Mercedes","2010-05-01 00:00:00.000000000",40,0.2903225806451613
131,"Mercedes","2010-06-01 00:00:00.000000000",9,-0.775
131,"Mercedes","2010-07-01 00:00:00.000000000",23,1.5555555555555556
131,"Mercedes","2010-08-01 00:00:00.000000000",14,-0.391304347826087
131,"Mercedes","2010-09-01 00:00:00.000000000",22,0.5714285714285714
131,"Mercedes","2010-10-01 00:00:00.000000000",20,-0.09090909090909091
131,"Mercedes","2010-11-01 00:00:00.000000000",26,0.3
131,"Mercedes","2011-03-01 00:00:00.000000000",0,-1
131,"Mercedes","2011-04-01 00:00:00.000000000",16,\N
131,"Mercedes","2011-05-01 00:00:00.000000000",24,0.5
131,"Mercedes","2011-06-01 00:00:00.000000000",18,-0.25
131,"Mercedes","2011-07-01 00:00:00.000000000",22,0.2222222222222222
131,"Mercedes","2011-08-01 00:00:00.000000000",18,-0.18181818181818182
131,"Mercedes","2011-09-01 00:00:00.000000000",16,-0.1111111111111111
131,"Mercedes","2011-10-01 00:00:00.000000000",31,0.9375
131,"Mercedes","2011-11-01 00:00:00.000000000",20,-0.3548387096774194
131,"Mercedes","2012-03-01 00:00:00.000000000",1,-0.95
131,"Mercedes","2012-04-01 00:00:00.000000000",36,35
131,"Mercedes","2012-05-01 00:00:00.000000000",24,-0.3333333333333333
131,"Mercedes","2012-06-01 00:00:00.000000000",31,0.2916666666666667
131,"Mercedes","2012-07-01 00:00:00.000000000",14,-0.5483870967741935
131,"Mercedes","2012-09-01 00:00:00.000000000",30,1.1428571428571428
131,"Mercedes","2012-10-01 00:00:00.000000000",0,-1
131,"Mercedes","2012-11-01 00:00:00.000000000",6,\N
131,"Mercedes","2013-03-01 00:00:00.000000000",37,5.166666666666667
131,"Mercedes","2013-04-01 00:00:00.000000000",27,-0.2702702702702703
131,"Mercedes","2013-05-01 00:00:00.000000000",45,0.6666666666666666
131,"Mercedes","2013-06-01 00:00:00.000000000",62,0.37777777777777777
131,"Mercedes","2013-07-01 00:00:00.000000000",37,-0.4032258064516129
131,"Mercedes","2013-08-01 00:00:00.000000000",27,-0.2702702702702703
131,"Mercedes","2013-09-01 00:00:00.000000000",32,0.18518518518518517
131,"Mercedes","2013-10-01 00:00:00.000000000",46,0.4375
131,"Mercedes","2013-11-01 00:00:00.000000000",47,0.021739130434782608
131,"Mercedes","2014-03-01 00:00:00.000000000",68,0.44680851063829785
131,"Mercedes","2014-04-01 00:00:00.000000000",86,0.2647058823529412
131,"Mercedes","2014-05-01 00:00:00.000000000",86,0
131,"Mercedes","2014-06-01 00:00:00.000000000",61,-0.29069767441860467
131,"Mercedes","2014-07-01 00:00:00.000000000",92,0.5081967213114754
131,"Mercedes","2014-08-01 00:00:00.000000000",18,-0.8043478260869565
131,"Mercedes","2014-09-01 00:00:00.000000000",68,2.7777777777777777
131,"Mercedes","2014-10-01 00:00:00.000000000",86,0.2647058823529412
131,"Mercedes","2014-11-01 00:00:00.000000000",136,0.5813953488372093
131,"Mercedes","2015-03-01 00:00:00.000000000",76,-0.4411764705882353
131,"Mercedes","2015-04-01 00:00:00.000000000",83,0.09210526315789473
131,"Mercedes","2015-05-01 00:00:00.000000000",83,0
131,"Mercedes","2015-06-01 00:00:00.000000000",86,0.03614457831325301
131,"Mercedes","2015-07-01 00:00:00.000000000",55,-0.36046511627906974
131,"Mercedes","2015-08-01 00:00:00.000000000",43,-0.21818181818181817
131,"Mercedes","2015-09-01 00:00:00.000000000",80,0.8604651162790697
131,"Mercedes","2015-10-01 00:00:00.000000000",68,-0.15
131,"Mercedes","2015-11-01 00:00:00.000000000",129,0.8970588235294118
131,"Mercedes","2016-03-01 00:00:00.000000000",43,-0.6666666666666666
131,"Mercedes","2016-04-01 00:00:00.000000000",71,0.6511627906976745
131,"Mercedes","2016-05-01 00:00:00.000000000",74,0.04225352112676056
131,"Mercedes","2016-06-01 00:00:00.000000000",70,-0.05405405405405406
131,"Mercedes","2016-07-01 00:00:00.000000000",157,1.2428571428571429
131,"Mercedes","2016-08-01 00:00:00.000000000",40,-0.7452229299363057
131,"Mercedes","2016-09-01 00:00:00.000000000",83,1.075
131,"Mercedes","2016-10-01 00:00:00.000000000",141,0.6987951807228916
131,"Mercedes","2016-11-01 00:00:00.000000000",86,-0.3900709219858156
131,"Mercedes","2017-03-01 00:00:00.000000000",33,-0.6162790697674418
131,"Mercedes","2017-04-01 00:00:00.000000000",103,2.121212121212121
131,"Mercedes","2017-05-01 00:00:00.000000000",43,-0.5825242718446602
131,"Mercedes","2017-06-01 00:00:00.000000000",71,0.6511627906976745
131,"Mercedes","2017-07-01 00:00:00.000000000",107,0.5070422535211268
131,"Mercedes","2017-08-01 00:00:00.000000000",35,-0.6728971962616822
131,"Mercedes","2017-09-01 00:00:00.000000000",83,1.3714285714285714
131,"Mercedes","2017-10-01 00:00:00.000000000",120,0.4457831325301205
131,"Mercedes","2017-11-01 00:00:00.000000000",73,-0.39166666666666666
131,"Mercedes","2018-03-01 00:00:00.000000000",22,-0.6986301369863014
131,"Mercedes","2018-04-01 00:00:00.000000000",88,3
131,"Mercedes","2018-05-01 00:00:00.000000000",68,-0.22727272727272727
131,"Mercedes","2018-06-01 00:00:00.000000000",59,-0.1323529411764706
131,"Mercedes","2018-07-01 00:00:00.000000000",108,0.8305084745762712
131,"Mercedes","2018-08-01 00:00:00.000000000",30,-0.7222222222222222
131,"Mercedes","2018-09-01 00:00:00.000000000",120,3
131,"Mercedes","2018-10-01 00:00:00.000000000",90,-0.25
131,"Mercedes","2018-11-01 00:00:00.000000000",70,-0.2222222222222222
131,"Mercedes","2019-03-01 00:00:00.000000000",87,0.24285714285714285
131,"Mercedes","2019-04-01 00:00:00.000000000",86,-0.011494252873563218
131,"Mercedes","2019-05-01 00:00:00.000000000",84,-0.023255813953488372
131,"Mercedes","2019-06-01 00:00:00.000000000",106,0.2619047619047619
131,"Mercedes","2019-07-01 00:00:00.000000000",46,-0.5660377358490566
131,"Mercedes","2019-08-01 00:00:00.000000000",29,-0.3695652173913043
131,"Mercedes","2019-09-01 00:00:00.000000000",133,3.586206896551724
131,"Mercedes","2019-10-01 00:00:00.000000000",81,-0.39097744360902253
131,"Mercedes","2019-11-01 00:00:00.000000000",49,-0.3950617283950617
131,"Mercedes","2019-12-01 00:00:00.000000000",38,-0.22448979591836735
131,"Mercedes","2020-07-01 00:00:00.000000000",121,2.1842105263157894
131,"Mercedes","2020-08-01 00:00:00.000000000",143,0.18181818181818182
131,"Mercedes","2020-09-01 00:00:00.000000000",102,-0.2867132867132867
131,"Mercedes","2020-10-01 00:00:00.000000000",69,-0.3235294117647059
131,"Mercedes","2020-11-01 00:00:00.000000000",98,0.42028985507246375
131,"Mercedes","2020-12-01 00:00:00.000000000",40,-0.5918367346938775
131,"Mercedes","2021-03-01 00:00:00.000000000",41,0.025
131,"Mercedes","2021-04-01 00:00:00.000000000",19,-0.5365853658536586
131,"Mercedes","2021-05-01 00:00:00.000000000",88,3.6315789473684212
131,"Mercedes","2021-06-01 00:00:00.000000000",64,-0.2727272727272727
131,"Mercedes","2021-07-01 00:00:00.000000000",73,0.140625
131,"Mercedes","2021-08-01 00:00:00.000000000",25.5,-0.6506849315068494
131,"Mercedes","2021-09-01 00:00:00.000000000",87,2.411764705882353
131,"Mercedes","2021-10-01 00:00:00.000000000",63,-0.27586206896551724
131,"Mercedes","2021-11-01 00:00:00.000000000",86,0.36507936507936506
131,"Mercedes","2021-12-01 00:00:00.000000000",67,-0.22093023255813954
131,"Mercedes","2022-03-01 00:00:00.000000000",38,-0.43283582089552236
131,"Mercedes","2022-04-01 00:00:00.000000000",39,0.02631578947368421
131,"Mercedes","2022-05-01 00:00:00.000000000",57,0.46153846153846156
131,"Mercedes","2022-06-01 00:00:00.000000000",54,-0.05263157894736842
131,"Mercedes","2022-07-01 00:00:00.000000000",116,1.1481481481481481
131,"Mercedes","2022-08-01 00:00:00.000000000",12,-0.896551724137931
131,"Mercedes","2022-09-01 00:00:00.000000000",55,3.5833333333333335
131,"Mercedes","2022-10-01 00:00:00.000000000",76,0.38181818181818183
131,"Mercedes","2022-11-01 00:00:00.000000000",68,-0.10526315789473684
131,"Mercedes","2023-03-01 00:00:00.000000000",38,-0.4411764705882353
131,"Mercedes","2023-04-01 00:00:00.000000000",38,0
131,"Mercedes","2023-05-01 00:00:00.000000000",43,0.13157894736842105
131,"Mercedes","2023-06-01 00:00:00.000000000",48,0.11627906976744186
131,"Mercedes","2023-07-01 00:00:00.000000000",80,0.6666666666666666
131,"Mercedes","2023-08-01 00:00:00.000000000",8,-0.9
131,"Mercedes","2023-09-01 00:00:00.000000000",50,5.25
131,"Mercedes","2023-10-01 00:00:00.000000000",66,0.32
131,"Mercedes","2023-11-01 00:00:00.000000000",38,-0.42424242424242425
131,"Mercedes","2024-03-01 00:00:00.000000000",26,-0.3157894736842105
131,"Mercedes","2024-04-01 00:00:00.000000000",26,0
131,"Mercedes","2024-05-01 00:00:00.000000000",44,0.6923076923076923
131,"Mercedes","2024-06-01 00:00:00.000000000",100,1.2727272727272727
131,"Mercedes","2024-07-01 00:00:00.000000000",70,-0.3
131,"Mercedes","2024-08-01 00:00:00.000000000",10,-0.8571428571428571
131,"Mercedes","2024-09-01 00:00:00.000000000",53,4.3
131,"Mercedes","2024-10-01 00:00:00.000000000",37,-0.3018867924528302
131,"Mercedes","2024-11-01 00:00:00.000000000",59,0.5945945945945946
131,"Mercedes","2024-12-01 00:00:00.000000000",43,-0.2711864406779661
131,"Mercedes","2025-03-01 00:00:00.000000000",50,0.16279069767441862
131,"Mercedes","2025-04-01 00:00:00.000000000",54,0.08
131,"Mercedes","2025-05-01 00:00:00.000000000",29,-0.46296296296296297
131,"Mercedes","2025-06-01 00:00:00.000000000",62,1.1379310344827587
131,"Mercedes","2025-07-01 00:00:00.000000000",11,-0.8225806451612904
131,"Mercedes","2025-08-01 00:00:00.000000000",28,1.5454545454545454
164,"HRT","2010-03-01 00:00:00.000000000",0,\N
164,"HRT","2010-04-01 00:00:00.000000000",0,\N
164,"HRT","2010-05-01 00:00:00.000000000",0,\N
164,"HRT","2010-06-01 00:00:00.000000000",0,\N
164,"HRT","2010-07-01 00:00:00.000000000",0,\N
164,"HRT","2010-08-01 00:00:00.000000000",0,\N
164,"HRT","2010-09-01 00:00:00.000000000",0,\N
164,"HRT","2010-10-01 00:00:00.000000000",0,\N
164,"HRT","2010-11-01 00:00:00.000000000",0,\N
164,"HRT","2011-03-01 00:00:00.000000000",0,\N
164,"HRT","2011-04-01 00:00:00.000000000",0,\N
164,"HRT","2011-05-01 00:00:00.000000000",0,\N
164,"HRT","2011-06-01 00:00:00.000000000",0,\N
164,"HRT","2011-07-01 00:00:00.000000000",0,\N
164,"HRT","2011-08-01 00:00:00.000000000",0,\N
164,"HRT","2011-09-01 00:00:00.000000000",0,\N
164,"HRT","2011-10-01 00:00:00.000000000",0,\N
164,"HRT","2011-11-01 00:00:00.000000000",0,\N
164,"HRT","2012-03-01 00:00:00.000000000",0,\N
164,"HRT","2012-04-01 00:00:00.000000000",0,\N
164,"HRT","2012-05-01 00:00:00.000000000",0,\N
164,"HRT","2012-06-01 00:00:00.000000000",0,\N
164,"HRT","2012-07-01 00:00:00.000000000",0,\N
164,"HRT","2012-09-01 00:00:00.000000000",0,\N
164,"HRT","2012-10-01 00:00:00.000000000",0,\N
164,"HRT","2012-11-01 00:00:00.000000000",0,\N
166,"Virgin","2010-03-01 00:00:00.000000000",0,\N
166,"Virgin","2010-04-01 00:00:00.000000000",0,\N
166,"Virgin","2010-05-01 00:00:00.000000000",0,\N
166,"Virgin","2010-06-01 00:00:00.000000000",0,\N
166,"Virgin","2010-07-01 00:00:00.000000000",0,\N
166,"Virgin","2010-08-01 00:00:00.000000000",0,\N
166,"Virgin","2010-09-01 00:00:00.000000000",0,\N
166,"Virgin","2010-10-01 00:00:00.000000000",0,\N
166,"Virgin","2010-11-01 00:00:00.000000000",0,\N
166,"Virgin","2011-03-01 00:00:00.000000000",0,\N
166,"Virgin","2011-04-01 00:00:00.000000000",0,\N
166,"Virgin","2011-05-01 00:00:00.000000000",0,\N
166,"Virgin","2011-06-01 00:00:00.000000000",0,\N
166,"Virgin","2011-07-01 00:00:00.000000000",0,\N
166,"Virgin","2011-08-01 00:00:00.000000000",0,\N
166,"Virgin","2011-09-01 00:00:00.000000000",0,\N
166,"Virgin","2011-10-01 00:00:00.000000000",0,\N
166,"Virgin","2011-11-01 00:00:00.000000000",0,\N
167,"Cooper-Maserati","1959-05-01 00:00:00.000000000",0,\N
167,"Cooper-Maserati","1959-07-01 00:00:00.000000000",0,\N
167,"Cooper-Maserati","1959-08-01 00:00:00.000000000",0,\N
167,"Cooper-Maserati","1959-09-01 00:00:00.000000000",0,\N
167,"Cooper-Maserati","1959-12-01 00:00:00.000000000",0,\N
167,"Cooper-Maserati","1960-02-01 00:00:00.000000000",3,\N
167,"Cooper-Maserati","1960-05-01 00:00:00.000000000",0,-1
167,"Cooper-Maserati","1960-06-01 00:00:00.000000000",0,\N
167,"Cooper-Maserati","1960-07-01 00:00:00.000000000",0,\N
167,"Cooper-Maserati","1960-08-01 00:00:00.000000000",0,\N
167,"Cooper-Maserati","1960-09-01 00:00:00.000000000",0,\N
167,"Cooper-Maserati","1960-11-01 00:00:00.000000000",0,\N
167,"Cooper-Maserati","1961-05-01 00:00:00.000000000",0,\N
167,"Cooper-Maserati","1961-06-01 00:00:00.000000000",0,\N
167,"Cooper-Maserati","1961-07-01 00:00:00.000000000",0,\N
167,"Cooper-Maserati","1961-08-01 00:00:00.000000000",0,\N
167,"Cooper-Maserati","1961-09-01 00:00:00.000000000",0,\N
167,"Cooper-Maserati","1963-09-01 00:00:00.000000000",0,\N
167,"Cooper-Maserati","1963-12-01 00:00:00.000000000",0,\N
167,"Cooper-Maserati","1965-01-01 00:00:00.000000000",0,\N
167,"Cooper-Maserati","1966-05-01 00:00:00.000000000",0,\N
167,"Cooper-Maserati","1966-06-01 00:00:00.000000000",6,\N
167,"Cooper-Maserati","1966-07-01 00:00:00.000000000",5,-0.16666666666666666
167,"Cooper-Maserati","1966-08-01 00:00:00.000000000",6,0.2
167,"Cooper-Maserati","1966-09-01 00:00:00.000000000",3,-0.5
167,"Cooper-Maserati","1966-10-01 00:00:00.000000000",15,4
167,"Cooper-Maserati","1967-01-01 00:00:00.000000000",9,-0.4
167,"Cooper-Maserati","1967-05-01 00:00:00.000000000",2,-0.7777777777777778
167,"Cooper-Maserati","1967-06-01 00:00:00.000000000",3,0.5
167,"Cooper-Maserati","1967-07-01 00:00:00.000000000",5,0.6666666666666666
167,"Cooper-Maserati","1967-08-01 00:00:00.000000000",2,-0.6
167,"Cooper-Maserati","1967-09-01 00:00:00.000000000",3,0.5
167,"Cooper-Maserati","1967-10-01 00:00:00.000000000",4,0.3333333333333333
167,"Cooper-Maserati","1968-01-01 00:00:00.000000000",0,-1
167,"Cooper-Maserati","1969-05-01 00:00:00.000000000",0,\N
168,"Cooper-OSCA","1959-12-01 00:00:00.000000000",0,\N
169,"Cooper-Borgward","1959-07-01 00:00:00.000000000",0,\N
169,"Cooper-Borgward","1959-12-01 00:00:00.000000000",0,\N
170,"Cooper-Climax","1959-05-01 00:00:00.000000000",14,\N
170,"Cooper-Climax","1959-07-01 00:00:00.000000000",12,-0.14285714285714285
170,"Cooper-Climax","1959-08-01 00:00:00.000000000",11,-0.08333333333333333
170,"Cooper-Climax","1959-09-01 00:00:00.000000000",8,-0.2727272727272727
170,"Cooper-Climax","1959-12-01 00:00:00.000000000",8,0
170,"Cooper-Climax","1960-02-01 00:00:00.000000000",8,0
170,"Cooper-Climax","1960-05-01 00:00:00.000000000",6,-0.25
170,"Cooper-Climax","1960-06-01 00:00:00.000000000",16,1.6666666666666667
170,"Cooper-Climax","1960-07-01 00:00:00.000000000",16,0
170,"Cooper-Climax","1960-08-01 00:00:00.000000000",8,-0.5
170,"Cooper-Climax","1960-09-01 00:00:00.000000000",0,-1
170,"Cooper-Climax","1960-11-01 00:00:00.000000000",4,\N
170,"Cooper-Climax","1961-05-01 00:00:00.000000000",2,-0.5
170,"Cooper-Climax","1961-06-01 00:00:00.000000000",2,0
170,"Cooper-Climax","1961-07-01 00:00:00.000000000",6,2
170,"Cooper-Climax","1961-08-01 00:00:00.000000000",2,-0.6666666666666666
170,"Cooper-Climax","1961-09-01 00:00:00.000000000",4,1
170,"Cooper-Climax","1961-10-01 00:00:00.000000000",3,-0.25
170,"Cooper-Climax","1962-05-01 00:00:00.000000000",2,-0.3333333333333333
170,"Cooper-Climax","1962-06-01 00:00:00.000000000",9,3.5
170,"Cooper-Climax","1962-07-01 00:00:00.000000000",10,0.1111111111111111
170,"Cooper-Climax","1962-08-01 00:00:00.000000000",2,-0.8
170,"Cooper-Climax","1962-09-01 00:00:00.000000000",4,1
170,"Cooper-Climax","1962-10-01 00:00:00.000000000",4,0
170,"Cooper-Climax","1962-12-01 00:00:00.000000000",6,0.5
170,"Cooper-Climax","1963-05-01 00:00:00.000000000",4,-0.3333333333333333
170,"Cooper-Climax","1963-06-01 00:00:00.000000000",12,2
170,"Cooper-Climax","1963-07-01 00:00:00.000000000",0,-1
170,"Cooper-Climax","1963-08-01 00:00:00.000000000",1,\N
170,"Cooper-Climax","1963-09-01 00:00:00.000000000",4,3
170,"Cooper-Climax","1963-10-01 00:00:00.000000000",2,-0.5
170,"Cooper-Climax","1963-12-01 00:00:00.000000000",3,0.5
170,"Cooper-Climax","1964-05-01 00:00:00.000000000",2,-0.3333333333333333
170,"Cooper-Climax","1964-06-01 00:00:00.000000000",7,2.5
170,"Cooper-Climax","1964-07-01 00:00:00.000000000",1,-0.8571428571428571
170,"Cooper-Climax","1964-08-01 00:00:00.000000000",0,-1
170,"Cooper-Climax","1964-09-01 00:00:00.000000000",6,\N
170,"Cooper-Climax","1964-10-01 00:00:00.000000000",0,-1
170,"Cooper-Climax","1965-01-01 00:00:00.000000000",2,\N
170,"Cooper-Climax","1965-05-01 00:00:00.000000000",2,0
170,"Cooper-Climax","1965-06-01 00:00:00.000000000",4,1
170,"Cooper-Climax","1965-07-01 00:00:00.000000000",0,-1
170,"Cooper-Climax","1965-08-01 00:00:00.000000000",3,\N
170,"Cooper-Climax","1965-09-01 00:00:00.000000000",2,-0.3333333333333333
170,"Cooper-Climax","1965-10-01 00:00:00.000000000",1,-0.5
170,"Cooper-Climax","1967-01-01 00:00:00.000000000",6,5
170,"Cooper-Climax","1967-08-01 00:00:00.000000000",0,-1
170,"Cooper-Climax","1968-01-01 00:00:00.000000000",0,\N
171,"Cooper-Castellotti","1960-05-01 00:00:00.000000000",0,\N
171,"Cooper-Castellotti","1960-07-01 00:00:00.000000000",0,\N
171,"Cooper-Castellotti","1960-09-01 00:00:00.000000000",3,\N
171,"Cooper-Castellotti","1960-11-01 00:00:00.000000000",0,-1
172,"Lotus-Climax","1961-05-01 00:00:00.000000000",13,\N
172,"Lotus-Climax","1961-06-01 00:00:00.000000000",0,-1
172,"Lotus-Climax","1961-07-01 00:00:00.000000000",4,\N
172,"Lotus-Climax","1961-08-01 00:00:00.000000000",9,1.25
172,"Lotus-Climax","1961-09-01 00:00:00.000000000",0,-1
172,"Lotus-Climax","1961-10-01 00:00:00.000000000",9,\N
172,"Lotus-Climax","1962-05-01 00:00:00.000000000",6,-0.3333333333333333
172,"Lotus-Climax","1962-06-01 00:00:00.000000000",9,0.5
172,"Lotus-Climax","1962-07-01 00:00:00.000000000",9,0
172,"Lotus-Climax","1962-08-01 00:00:00.000000000",3,-0.6666666666666666
172,"Lotus-Climax","1962-09-01 00:00:00.000000000",0,-1
172,"Lotus-Climax","1962-10-01 00:00:00.000000000",9,\N
172,"Lotus-Climax","1962-12-01 00:00:00.000000000",2,-0.7777777777777778
172,"Lotus-Climax","1963-05-01 00:00:00.000000000",1,-0.5
172,"Lotus-Climax","1963-06-01 00:00:00.000000000",27,26
172,"Lotus-Climax","1963-07-01 00:00:00.000000000",9,-0.6666666666666666
172,"Lotus-Climax","1963-08-01 00:00:00.000000000",6,-0.3333333333333333
172,"Lotus-Climax","1963-09-01 00:00:00.000000000",9,0.5
172,"Lotus-Climax","1963-10-01 00:00:00.000000000",13,0.4444444444444444
172,"Lotus-Climax","1963-12-01 00:00:00.000000000",9,-0.3076923076923077
172,"Lotus-Climax","1964-05-01 00:00:00.000000000",13,0.4444444444444444
172,"Lotus-Climax","1964-06-01 00:00:00.000000000",12,-0.07692307692307693
172,"Lotus-Climax","1964-07-01 00:00:00.000000000",9,-0.25
172,"Lotus-Climax","1964-08-01 00:00:00.000000000",0,-1
172,"Lotus-Climax","1964-09-01 00:00:00.000000000",1,\N
172,"Lotus-Climax","1964-10-01 00:00:00.000000000",5,4
172,"Lotus-Climax","1965-01-01 00:00:00.000000000",9,0.8
172,"Lotus-Climax","1965-05-01 00:00:00.000000000",0,-1
172,"Lotus-Climax","1965-06-01 00:00:00.000000000",18,\N
172,"Lotus-Climax","1965-07-01 00:00:00.000000000",18,0
172,"Lotus-Climax","1965-08-01 00:00:00.000000000",9,-0.5
172,"Lotus-Climax","1965-09-01 00:00:00.000000000",0,-1
172,"Lotus-Climax","1965-10-01 00:00:00.000000000",4,\N
172,"Lotus-Climax","1966-05-01 00:00:00.000000000",0,-1
172,"Lotus-Climax","1966-06-01 00:00:00.000000000",0,\N
172,"Lotus-Climax","1966-07-01 00:00:00.000000000",7,\N
172,"Lotus-Climax","1966-08-01 00:00:00.000000000",0,-1
172,"Lotus-Climax","1966-09-01 00:00:00.000000000",0,\N
172,"Lotus-Climax","1966-10-01 00:00:00.000000000",1,\N
172,"Lotus-Climax","1967-05-01 00:00:00.000000000",0,-1
173,"Lotus-Maserati","1961-09-01 00:00:00.000000000",0,\N
173,"Lotus-Maserati","1963-09-01 00:00:00.000000000",0,\N
174,"De Tomaso-Osca","1961-07-01 00:00:00.000000000",0,\N
174,"De Tomaso-Osca","1961-09-01 00:00:00.000000000",0,\N
174,"De Tomaso-Osca","1962-09-01 00:00:00.000000000",0,\N
175,"De Tomaso-Alfa Romeo","1961-09-01 00:00:00.000000000",0,\N
175,"De Tomaso-Alfa Romeo","1962-06-01 00:00:00.000000000",0,\N
176,"Lotus-BRM","1962-06-01 00:00:00.000000000",0,\N
176,"Lotus-BRM","1962-07-01 00:00:00.000000000",0,\N
176,"Lotus-BRM","1962-08-01 00:00:00.000000000",0,\N
176,"Lotus-BRM","1962-09-01 00:00:00.000000000",0,\N
176,"Lotus-BRM","1962-10-01 00:00:00.000000000",1,\N
176,"Lotus-BRM","1963-05-01 00:00:00.000000000",0,-1
176,"Lotus-BRM","1963-06-01 00:00:00.000000000",1,\N
176,"Lotus-BRM","1963-07-01 00:00:00.000000000",1,0
176,"Lotus-BRM","1963-08-01 00:00:00.000000000",2,1
176,"Lotus-BRM","1963-09-01 00:00:00.000000000",0,-1
176,"Lotus-BRM","1963-10-01 00:00:00.000000000",0,\N
176,"Lotus-BRM","1963-12-01 00:00:00.000000000",0,\N
176,"Lotus-BRM","1964-05-01 00:00:00.000000000",3,\N
176,"Lotus-BRM","1964-06-01 00:00:00.000000000",0,-1
176,"Lotus-BRM","1964-07-01 00:00:00.000000000",0,\N
176,"Lotus-BRM","1964-08-01 00:00:00.000000000",0,\N
176,"Lotus-BRM","1964-09-01 00:00:00.000000000",0,\N
176,"Lotus-BRM","1964-10-01 00:00:00.000000000",0,\N
176,"Lotus-BRM","1965-01-01 00:00:00.000000000",0,\N
176,"Lotus-BRM","1965-05-01 00:00:00.000000000",0,\N
176,"Lotus-BRM","1965-06-01 00:00:00.000000000",0,\N
176,"Lotus-BRM","1965-07-01 00:00:00.000000000",0,\N
176,"Lotus-BRM","1965-08-01 00:00:00.000000000",0,\N
176,"Lotus-BRM","1965-09-01 00:00:00.000000000",1,\N
176,"Lotus-BRM","1965-10-01 00:00:00.000000000",1,0
176,"Lotus-BRM","1966-05-01 00:00:00.000000000",0,-1
176,"Lotus-BRM","1966-06-01 00:00:00.000000000",0,\N
176,"Lotus-BRM","1966-07-01 00:00:00.000000000",2,\N
176,"Lotus-BRM","1966-08-01 00:00:00.000000000",0,-1
176,"Lotus-BRM","1966-09-01 00:00:00.000000000",2,\N
176,"Lotus-BRM","1966-10-01 00:00:00.000000000",9,3.5
176,"Lotus-BRM","1967-01-01 00:00:00.000000000",0,-1
176,"Lotus-BRM","1967-05-01 00:00:00.000000000",6,\N
176,"Lotus-BRM","1967-06-01 00:00:00.000000000",0,-1
176,"Lotus-BRM","1967-08-01 00:00:00.000000000",0,\N
176,"Lotus-BRM","1967-10-01 00:00:00.000000000",0,\N
177,"Lotus-Borgward","1962-09-01 00:00:00.000000000",0,\N
177,"Lotus-Borgward","1963-08-01 00:00:00.000000000",0,\N
178,"Cooper-Alfa Romeo","1962-12-01 00:00:00.000000000",0,\N
179,"De Tomaso-Ferrari","1963-09-01 00:00:00.000000000",0,\N
180,"Lotus-Ford","1963-12-01 00:00:00.000000000",0,\N
180,"Lotus-Ford","1965-01-01 00:00:00.000000000",0,\N
180,"Lotus-Ford","1967-06-01 00:00:00.000000000",10,\N
180,"Lotus-Ford","1967-07-01 00:00:00.000000000",9,-0.1
180,"Lotus-Ford","1967-08-01 00:00:00.000000000",3,-0.6666666666666666
180,"Lotus-Ford","1967-09-01 00:00:00.000000000",4,0.3333333333333333
180,"Lotus-Ford","1967-10-01 00:00:00.000000000",18,3.5
180,"Lotus-Ford","1968-01-01 00:00:00.000000000",9,-0.5
180,"Lotus-Ford","1968-05-01 00:00:00.000000000",18,1
180,"Lotus-Ford","1968-06-01 00:00:00.000000000",2,-0.8888888888888888
180,"Lotus-Ford","1968-07-01 00:00:00.000000000",9,3.5
180,"Lotus-Ford","1968-08-01 00:00:00.000000000",6,-0.3333333333333333
180,"Lotus-Ford","1968-09-01 00:00:00.000000000",3,-0.5
180,"Lotus-Ford","1968-10-01 00:00:00.000000000",6,1
180,"Lotus-Ford","1968-11-01 00:00:00.000000000",9,0.5
180,"Lotus-Ford","1969-03-01 00:00:00.000000000",6,-0.3333333333333333
180,"Lotus-Ford","1969-05-01 00:00:00.000000000",9,0.5
180,"Lotus-Ford","1969-06-01 00:00:00.000000000",6,-0.3333333333333333
180,"Lotus-Ford","1969-07-01 00:00:00.000000000",4,-0.3333333333333333
180,"Lotus-Ford","1969-08-01 00:00:00.000000000",3,-0.25
180,"Lotus-Ford","1969-09-01 00:00:00.000000000",10,2.3333333333333335
180,"Lotus-Ford","1969-10-01 00:00:00.000000000",9,-0.1
180,"Lotus-Ford","1971-03-01 00:00:00.000000000",3,-0.6666666666666666
180,"Lotus-Ford","1971-04-01 00:00:00.000000000",0,-1
180,"Lotus-Ford","1971-05-01 00:00:00.000000000",2,\N
180,"Lotus-Ford","1971-06-01 00:00:00.000000000",0,-1
180,"Lotus-Ford","1971-07-01 00:00:00.000000000",8,\N
180,"Lotus-Ford","1971-08-01 00:00:00.000000000",6,-0.25
180,"Lotus-Ford","1971-09-01 00:00:00.000000000",2,-0.6666666666666666
180,"Lotus-Ford","1971-10-01 00:00:00.000000000",0,-1
181,"Brabham-BRM","1964-05-01 00:00:00.000000000",0,\N
181,"Brabham-BRM","1964-06-01 00:00:00.000000000",0,\N
181,"Brabham-BRM","1964-07-01 00:00:00.000000000",0,\N
181,"Brabham-BRM","1964-08-01 00:00:00.000000000",3,\N
181,"Brabham-BRM","1964-09-01 00:00:00.000000000",0,-1
181,"Brabham-BRM","1964-10-01 00:00:00.000000000",4,\N
181,"Brabham-BRM","1965-01-01 00:00:00.000000000",0,-1
181,"Brabham-BRM","1965-05-01 00:00:00.000000000",1,\N
181,"Brabham-BRM","1965-06-01 00:00:00.000000000",1,0
181,"Brabham-BRM","1965-07-01 00:00:00.000000000",0,-1
181,"Brabham-BRM","1965-08-01 00:00:00.000000000",0,\N
181,"Brabham-BRM","1965-09-01 00:00:00.000000000",0,\N
181,"Brabham-BRM","1965-10-01 00:00:00.000000000",3,\N
181,"Brabham-BRM","1966-05-01 00:00:00.000000000",0,-1
181,"Brabham-BRM","1966-07-01 00:00:00.000000000",1,\N
181,"Brabham-BRM","1966-08-01 00:00:00.000000000",0,-1
181,"Brabham-BRM","1966-09-01 00:00:00.000000000",0,\N
182,"Brabham-Ford","1964-07-01 00:00:00.000000000",0,\N
182,"Brabham-Ford","1965-01-01 00:00:00.000000000",0,\N
182,"Brabham-Ford","1967-08-01 00:00:00.000000000",0,\N
182,"Brabham-Ford","1969-03-01 00:00:00.000000000",0,\N
182,"Brabham-Ford","1969-05-01 00:00:00.000000000",7,\N
182,"Brabham-Ford","1969-06-01 00:00:00.000000000",2,-0.7142857142857143
182,"Brabham-Ford","1969-07-01 00:00:00.000000000",10,4
182,"Brabham-Ford","1969-08-01 00:00:00.000000000",9,-0.1
182,"Brabham-Ford","1969-09-01 00:00:00.000000000",11,0.2222222222222222
182,"Brabham-Ford","1969-10-01 00:00:00.000000000",12,0.09090909090909091
182,"Brabham-Ford","1976-05-01 00:00:00.000000000",0,-1
182,"Brabham-Ford","1976-06-01 00:00:00.000000000",0,\N
182,"Brabham-Ford","1976-07-01 00:00:00.000000000",0,\N
182,"Brabham-Ford","1976-08-01 00:00:00.000000000",0,\N
182,"Brabham-Ford","1979-09-01 00:00:00.000000000",0,\N
182,"Brabham-Ford","1979-10-01 00:00:00.000000000",0,\N
183,"Brabham-Climax","1964-05-01 00:00:00.000000000",1,\N
183,"Brabham-Climax","1964-06-01 00:00:00.000000000",13,12
183,"Brabham-Climax","1964-07-01 00:00:00.000000000",3,-0.7692307692307693
183,"Brabham-Climax","1964-08-01 00:00:00.000000000",4,0.3333333333333333
183,"Brabham-Climax","1964-09-01 00:00:00.000000000",0,-1
183,"Brabham-Climax","1964-10-01 00:00:00.000000000",9,\N
183,"Brabham-Climax","1965-01-01 00:00:00.000000000",0,-1
183,"Brabham-Climax","1965-05-01 00:00:00.000000000",0,\N
183,"Brabham-Climax","1965-06-01 00:00:00.000000000",6,\N
183,"Brabham-Climax","1965-07-01 00:00:00.000000000",5,-0.16666666666666666
183,"Brabham-Climax","1965-08-01 00:00:00.000000000",4,-0.2
183,"Brabham-Climax","1965-09-01 00:00:00.000000000",4,0
183,"Brabham-Climax","1965-10-01 00:00:00.000000000",12,2
183,"Brabham-Climax","1966-05-01 00:00:00.000000000",0,-1
183,"Brabham-Climax","1966-06-01 00:00:00.000000000",0,\N
183,"Brabham-Climax","1966-07-01 00:00:00.000000000",0,\N
183,"Brabham-Climax","1966-08-01 00:00:00.000000000",0,\N
183,"Brabham-Climax","1966-09-01 00:00:00.000000000",1,\N
183,"Brabham-Climax","1967-01-01 00:00:00.000000000",2,1
183,"Brabham-Climax","1967-05-01 00:00:00.000000000",0,-1
183,"Brabham-Climax","1967-06-01 00:00:00.000000000",0,\N
183,"Brabham-Climax","1967-07-01 00:00:00.000000000",0,\N
183,"Brabham-Climax","1968-01-01 00:00:00.000000000",0,\N
183,"Brabham-Climax","1969-09-01 00:00:00.000000000",0,\N
184,"LDS-Climax","1965-01-01 00:00:00.000000000",0,\N
184,"LDS-Climax","1967-01-01 00:00:00.000000000",0,\N
185,"LDS-Alfa Romeo","1965-01-01 00:00:00.000000000",0,\N
186,"Cooper-Ford","1965-01-01 00:00:00.000000000",0,\N
186,"Cooper-Ford","1965-07-01 00:00:00.000000000",0,\N
187,"McLaren-Ford","1966-05-01 00:00:00.000000000",0,\N
187,"McLaren-Ford","1966-10-01 00:00:00.000000000",2,\N
187,"McLaren-Ford","1967-10-01 00:00:00.000000000",0,-1
187,"McLaren-Ford","1968-05-01 00:00:00.000000000",8,\N
187,"McLaren-Ford","1968-06-01 00:00:00.000000000",9,0.125
187,"McLaren-Ford","1968-07-01 00:00:00.000000000",5,-0.4444444444444444
187,"McLaren-Ford","1968-08-01 00:00:00.000000000",0,-1
187,"McLaren-Ford","1968-09-01 00:00:00.000000000",18,\N
187,"McLaren-Ford","1968-10-01 00:00:00.000000000",3,-0.8333333333333334
187,"McLaren-Ford","1968-11-01 00:00:00.000000000",6,1
187,"McLaren-Ford","1969-03-01 00:00:00.000000000",4,-0.3333333333333333
187,"McLaren-Ford","1969-05-01 00:00:00.000000000",8,1
187,"McLaren-Ford","1969-06-01 00:00:00.000000000",3,-0.625
187,"McLaren-Ford","1969-07-01 00:00:00.000000000",7,1.3333333333333333
187,"McLaren-Ford","1969-08-01 00:00:00.000000000",4,-0.42857142857142855
187,"McLaren-Ford","1969-09-01 00:00:00.000000000",5,0.25
187,"McLaren-Ford","1969-10-01 00:00:00.000000000",9,0.8
187,"McLaren-Ford","1970-03-01 00:00:00.000000000",6,-0.3333333333333333
187,"McLaren-Ford","1970-04-01 00:00:00.000000000",6,0
187,"McLaren-Ford","1970-05-01 00:00:00.000000000",3,-0.5
187,"McLaren-Ford","1970-06-01 00:00:00.000000000",1,-0.6666666666666666
187,"McLaren-Ford","1970-07-01 00:00:00.000000000",7,6
187,"McLaren-Ford","1970-08-01 00:00:00.000000000",4,-0.42857142857142855
187,"McLaren-Ford","1970-09-01 00:00:00.000000000",4,0
187,"McLaren-Ford","1970-10-01 00:00:00.000000000",4,0
188,"McLaren-Serenissima","1966-06-01 00:00:00.000000000",0,\N
188,"McLaren-Serenissima","1966-07-01 00:00:00.000000000",1,\N
189,"Eagle-Climax","1966-06-01 00:00:00.000000000",0,\N
189,"Eagle-Climax","1966-07-01 00:00:00.000000000",2,\N
189,"Eagle-Climax","1966-08-01 00:00:00.000000000",0,-1
189,"Eagle-Climax","1966-09-01 00:00:00.000000000",0,\N
189,"Eagle-Climax","1966-10-01 00:00:00.000000000",2,\N
189,"Eagle-Climax","1967-01-01 00:00:00.000000000",0,-1
189,"Eagle-Climax","1967-05-01 00:00:00.000000000",0,\N
189,"Eagle-Climax","1967-08-01 00:00:00.000000000",0,\N
189,"Eagle-Climax","1967-10-01 00:00:00.000000000",0,\N
189,"Eagle-Climax","1969-09-01 00:00:00.000000000",0,\N
190,"Eagle-Weslake","1966-09-01 00:00:00.000000000",0,\N
190,"Eagle-Weslake","1966-10-01 00:00:00.000000000",0,\N
190,"Eagle-Weslake","1967-05-01 00:00:00.000000000",0,\N
190,"Eagle-Weslake","1967-06-01 00:00:00.000000000",9,\N
190,"Eagle-Weslake","1967-07-01 00:00:00.000000000",0,-1
190,"Eagle-Weslake","1967-08-01 00:00:00.000000000",4,\N
190,"Eagle-Weslake","1967-09-01 00:00:00.000000000",0,-1
190,"Eagle-Weslake","1967-10-01 00:00:00.000000000",0,\N
190,"Eagle-Weslake","1968-01-01 00:00:00.000000000",0,\N
190,"Eagle-Weslake","1968-05-01 00:00:00.000000000",0,\N
190,"Eagle-Weslake","1968-07-01 00:00:00.000000000",0,\N
190,"Eagle-Weslake","1968-08-01 00:00:00.000000000",0,\N
190,"Eagle-Weslake","1968-09-01 00:00:00.000000000",0,\N
191,"Brabham-Repco","1966-05-01 00:00:00.000000000",0,\N
191,"Brabham-Repco","1966-06-01 00:00:00.000000000",3,\N
191,"Brabham-Repco","1966-07-01 00:00:00.000000000",33,10
191,"Brabham-Repco","1966-08-01 00:00:00.000000000",9,-0.7272727272727273
191,"Brabham-Repco","1966-09-01 00:00:00.000000000",4,-0.5555555555555556
191,"Brabham-Repco","1966-10-01 00:00:00.000000000",6,0.5
191,"Brabham-Repco","1967-01-01 00:00:00.000000000",3,-0.5
191,"Brabham-Repco","1967-05-01 00:00:00.000000000",9,2
191,"Brabham-Repco","1967-06-01 00:00:00.000000000",6,-0.3333333333333333
191,"Brabham-Repco","1967-07-01 00:00:00.000000000",15,1.5
191,"Brabham-Repco","1967-08-01 00:00:00.000000000",18,0.2
191,"Brabham-Repco","1967-09-01 00:00:00.000000000",6,-0.6666666666666666
191,"Brabham-Repco","1967-10-01 00:00:00.000000000",10,0.6666666666666666
191,"Brabham-Repco","1968-01-01 00:00:00.000000000",4,-0.6
191,"Brabham-Repco","1968-05-01 00:00:00.000000000",0,-1
191,"Brabham-Repco","1968-06-01 00:00:00.000000000",2,\N
191,"Brabham-Repco","1968-07-01 00:00:00.000000000",0,-1
191,"Brabham-Repco","1968-08-01 00:00:00.000000000",4,\N
191,"Brabham-Repco","1968-09-01 00:00:00.000000000",0,-1
191,"Brabham-Repco","1968-10-01 00:00:00.000000000",0,\N
191,"Brabham-Repco","1968-11-01 00:00:00.000000000",0,\N
191,"Brabham-Repco","1969-03-01 00:00:00.000000000",0,\N
192,"Cooper-Ferrari","1966-07-01 00:00:00.000000000",0,\N
192,"Cooper-Ferrari","1966-08-01 00:00:00.000000000",0,\N
193,"Cooper-ATS","1967-07-01 00:00:00.000000000",0,\N
194,"McLaren-BRM","1967-05-01 00:00:00.000000000",3,\N
194,"McLaren-BRM","1967-06-01 00:00:00.000000000",0,-1
194,"McLaren-BRM","1967-08-01 00:00:00.000000000",0,\N
194,"McLaren-BRM","1967-09-01 00:00:00.000000000",0,\N
194,"McLaren-BRM","1967-10-01 00:00:00.000000000",0,\N
194,"McLaren-BRM","1968-01-01 00:00:00.000000000",2,\N
194,"McLaren-BRM","1968-05-01 00:00:00.000000000",0,-1
194,"McLaren-BRM","1968-06-01 00:00:00.000000000",0,\N
194,"McLaren-BRM","1968-07-01 00:00:00.000000000",0,\N
194,"McLaren-BRM","1968-09-01 00:00:00.000000000",1,\N
194,"McLaren-BRM","1968-10-01 00:00:00.000000000",0,-1
195,"Cooper-BRM","1968-01-01 00:00:00.000000000",0,\N
195,"Cooper-BRM","1968-05-01 00:00:00.000000000",8,\N
195,"Cooper-BRM","1968-06-01 00:00:00.000000000",1,-0.875
195,"Cooper-BRM","1968-07-01 00:00:00.000000000",3,2
195,"Cooper-BRM","1968-08-01 00:00:00.000000000",0,-1
195,"Cooper-BRM","1968-09-01 00:00:00.000000000",2,\N
195,"Cooper-BRM","1968-10-01 00:00:00.000000000",0,-1
195,"Cooper-BRM","1968-11-01 00:00:00.000000000",0,\N
196,"Matra-Ford","1968-01-01 00:00:00.000000000",1,\N
196,"Matra-Ford","1968-05-01 00:00:00.000000000",2,1
196,"Matra-Ford","1968-06-01 00:00:00.000000000",12,5
196,"Matra-Ford","1968-07-01 00:00:00.000000000",5,-0.5833333333333334
196,"Matra-Ford","1968-08-01 00:00:00.000000000",9,0.8
196,"Matra-Ford","1968-09-01 00:00:00.000000000",7,-0.2222222222222222
196,"Matra-Ford","1968-10-01 00:00:00.000000000",9,0.2857142857142857
196,"Matra-Ford","1968-11-01 00:00:00.000000000",0,-1
196,"Matra-Ford","1969-03-01 00:00:00.000000000",9,\N
196,"Matra-Ford","1969-05-01 00:00:00.000000000",9,0
196,"Matra-Ford","1969-06-01 00:00:00.000000000",9,0
196,"Matra-Ford","1969-07-01 00:00:00.000000000",18,1
196,"Matra-Ford","1969-08-01 00:00:00.000000000",6,-0.6666666666666666
196,"Matra-Ford","1969-09-01 00:00:00.000000000",12,1
196,"Matra-Ford","1969-10-01 00:00:00.000000000",3,-0.75
197,"BRM-Ford","1969-08-01 00:00:00.000000000",0,\N
198,"McLaren-Alfa Romeo","1970-04-01 00:00:00.000000000",0,\N
198,"McLaren-Alfa Romeo","1970-05-01 00:00:00.000000000",0,\N
198,"McLaren-Alfa Romeo","1970-06-01 00:00:00.000000000",0,\N
198,"McLaren-Alfa Romeo","1970-07-01 00:00:00.000000000",0,\N
198,"McLaren-Alfa Romeo","1970-08-01 00:00:00.000000000",0,\N
198,"McLaren-Alfa Romeo","1970-09-01 00:00:00.000000000",0,\N
198,"McLaren-Alfa Romeo","1970-10-01 00:00:00.000000000",0,\N
199,"March-Alfa Romeo","1971-03-01 00:00:00.000000000",0,\N
199,"March-Alfa Romeo","1971-07-01 00:00:00.000000000",0,\N
199,"March-Alfa Romeo","1971-08-01 00:00:00.000000000",0,\N
199,"March-Alfa Romeo","1971-09-01 00:00:00.000000000",0,\N
199,"March-Alfa Romeo","1971-10-01 00:00:00.000000000",0,\N
200,"March-Ford","1971-03-01 00:00:00.000000000",0,\N
200,"March-Ford","1971-04-01 00:00:00.000000000",0,\N
200,"March-Ford","1971-05-01 00:00:00.000000000",6,\N
200,"March-Ford","1971-06-01 00:00:00.000000000",3,-0.5
200,"March-Ford","1971-07-01 00:00:00.000000000",6,1
200,"March-Ford","1971-08-01 00:00:00.000000000",3,-0.5
200,"March-Ford","1971-09-01 00:00:00.000000000",12,3
200,"March-Ford","1971-10-01 00:00:00.000000000",4,-0.6666666666666666
201,"Lotus-Pratt &amp; Whitney","1971-06-01 00:00:00.000000000",0,\N
201,"Lotus-Pratt &amp; Whitney","1971-07-01 00:00:00.000000000",0,\N
201,"Lotus-Pratt &amp; Whitney","1971-09-01 00:00:00.000000000",0,\N
202,"Shadow-Ford","1975-01-01 00:00:00.000000000",0,\N
202,"Shadow-Ford","1975-03-01 00:00:00.000000000",0,\N
202,"Shadow-Ford","1975-04-01 00:00:00.000000000",1.5,\N
202,"Shadow-Ford","1975-05-01 00:00:00.000000000",1,-0.3333333333333333
202,"Shadow-Ford","1975-06-01 00:00:00.000000000",1,0
202,"Shadow-Ford","1975-07-01 00:00:00.000000000",0,-1
202,"Shadow-Ford","1975-08-01 00:00:00.000000000",5,\N
202,"Shadow-Ford","1975-09-01 00:00:00.000000000",1,-0.8
202,"Shadow-Ford","1975-10-01 00:00:00.000000000",0,-1
203,"Shadow-Matra","1975-08-01 00:00:00.000000000",0,\N
203,"Shadow-Matra","1975-09-01 00:00:00.000000000",0,\N
204,"Brabham-Alfa Romeo","1976-01-01 00:00:00.000000000",0,\N
204,"Brabham-Alfa Romeo","1976-03-01 00:00:00.000000000",0,\N
204,"Brabham-Alfa Romeo","1976-05-01 00:00:00.000000000",3,\N
204,"Brabham-Alfa Romeo","1976-06-01 00:00:00.000000000",0,-1
204,"Brabham-Alfa Romeo","1976-07-01 00:00:00.000000000",3,\N
204,"Brabham-Alfa Romeo","1976-08-01 00:00:00.000000000",3,0
204,"Brabham-Alfa Romeo","1976-09-01 00:00:00.000000000",0,-1
204,"Brabham-Alfa Romeo","1976-10-01 00:00:00.000000000",0,\N
204,"Brabham-Alfa Romeo","1979-01-01 00:00:00.000000000",0,\N
204,"Brabham-Alfa Romeo","1979-02-01 00:00:00.000000000",0,\N
204,"Brabham-Alfa Romeo","1979-03-01 00:00:00.000000000",1,\N
204,"Brabham-Alfa Romeo","1979-04-01 00:00:00.000000000",0,-1
204,"Brabham-Alfa Romeo","1979-05-01 00:00:00.000000000",0,\N
204,"Brabham-Alfa Romeo","1979-07-01 00:00:00.000000000",0,\N
204,"Brabham-Alfa Romeo","1979-08-01 00:00:00.000000000",3,\N
204,"Brabham-Alfa Romeo","1979-09-01 00:00:00.000000000",3,0
205,"Lotus","2010-03-01 00:00:00.000000000",0,\N
205,"Lotus","2010-04-01 00:00:00.000000000",0,\N
205,"Lotus","2010-05-01 00:00:00.000000000",0,\N
205,"Lotus","2010-06-01 00:00:00.000000000",0,\N
205,"Lotus","2010-07-01 00:00:00.000000000",0,\N
205,"Lotus","2010-08-01 00:00:00.000000000",0,\N
205,"Lotus","2010-09-01 00:00:00.000000000",0,\N
205,"Lotus","2010-10-01 00:00:00.000000000",0,\N
205,"Lotus","2010-11-01 00:00:00.000000000",0,\N
205,"Lotus","2011-03-01 00:00:00.000000000",0,\N
205,"Lotus","2011-04-01 00:00:00.000000000",0,\N
205,"Lotus","2011-05-01 00:00:00.000000000",0,\N
205,"Lotus","2011-06-01 00:00:00.000000000",0,\N
205,"Lotus","2011-07-01 00:00:00.000000000",0,\N
205,"Lotus","2011-08-01 00:00:00.000000000",0,\N
205,"Lotus","2011-09-01 00:00:00.000000000",0,\N
205,"Lotus","2011-10-01 00:00:00.000000000",0,\N
205,"Lotus","2011-11-01 00:00:00.000000000",0,\N
206,"Marussia","2012-03-01 00:00:00.000000000",0,\N
206,"Marussia","2012-04-01 00:00:00.000000000",0,\N
206,"Marussia","2012-05-01 00:00:00.000000000",0,\N
206,"Marussia","2012-06-01 00:00:00.000000000",0,\N
206,"Marussia","2012-07-01 00:00:00.000000000",0,\N
206,"Marussia","2012-09-01 00:00:00.000000000",0,\N
206,"Marussia","2012-10-01 00:00:00.000000000",0,\N
206,"Marussia","2012-11-01 00:00:00.000000000",0,\N
206,"Marussia","2013-03-01 00:00:00.000000000",0,\N
206,"Marussia","2013-04-01 00:00:00.000000000",0,\N
206,"Marussia","2013-05-01 00:00:00.000000000",0,\N
206,"Marussia","2013-06-01 00:00:00.000000000",0,\N
206,"Marussia","2013-07-01 00:00:00.000000000",0,\N
206,"Marussia","2013-08-01 00:00:00.000000000",0,\N
206,"Marussia","2013-09-01 00:00:00.000000000",0,\N
206,"Marussia","2013-10-01 00:00:00.000000000",0,\N
206,"Marussia","2013-11-01 00:00:00.000000000",0,\N
206,"Marussia","2014-03-01 00:00:00.000000000",0,\N
206,"Marussia","2014-04-01 00:00:00.000000000",0,\N
206,"Marussia","2014-05-01 00:00:00.000000000",2,\N
206,"Marussia","2014-06-01 00:00:00.000000000",0,-1
206,"Marussia","2014-07-01 00:00:00.000000000",0,\N
206,"Marussia","2014-08-01 00:00:00.000000000",0,\N
206,"Marussia","2014-09-01 00:00:00.000000000",0,\N
206,"Marussia","2014-10-01 00:00:00.000000000",0,\N
206,"Marussia","2015-08-01 00:00:00.000000000",0,\N
206,"Marussia","2015-10-01 00:00:00.000000000",0,\N
206,"Marussia","2015-11-01 00:00:00.000000000",0,\N
207,"Caterham","2012-03-01 00:00:00.000000000",0,\N
207,"Caterham","2012-04-01 00:00:00.000000000",0,\N
207,"Caterham","2012-05-01 00:00:00.000000000",0,\N
207,"Caterham","2012-06-01 00:00:00.000000000",0,\N
207,"Caterham","2012-07-01 00:00:00.000000000",0,\N
207,"Caterham","2012-09-01 00:00:00.000000000",0,\N
207,"Caterham","2012-10-01 00:00:00.000000000",0,\N
207,"Caterham","2012-11-01 00:00:00.000000000",0,\N
207,"Caterham","2013-03-01 00:00:00.000000000",0,\N
207,"Caterham","2013-04-01 00:00:00.000000000",0,\N
207,"Caterham","2013-05-01 00:00:00.000000000",0,\N
207,"Caterham","2013-06-01 00:00:00.000000000",0,\N
207,"Caterham","2013-07-01 00:00:00.000000000",0,\N
207,"Caterham","2013-08-01 00:00:00.000000000",0,\N
207,"Caterham","2013-09-01 00:00:00.000000000",0,\N
207,"Caterham","2013-10-01 00:00:00.000000000",0,\N
207,"Caterham","2013-11-01 00:00:00.000000000",0,\N
207,"Caterham","2014-03-01 00:00:00.000000000",0,\N
207,"Caterham","2014-04-01 00:00:00.000000000",0,\N
207,"Caterham","2014-05-01 00:00:00.000000000",0,\N
207,"Caterham","2014-06-01 00:00:00.000000000",0,\N
207,"Caterham","2014-07-01 00:00:00.000000000",0,\N
207,"Caterham","2014-08-01 00:00:00.000000000",0,\N
207,"Caterham","2014-09-01 00:00:00.000000000",0,\N
207,"Caterham","2014-10-01 00:00:00.000000000",0,\N
207,"Caterham","2014-11-01 00:00:00.000000000",0,\N
208,"Lotus F1","2012-03-01 00:00:00.000000000",16,\N
208,"Lotus F1","2012-04-01 00:00:00.000000000",41,1.5625
208,"Lotus F1","2012-05-01 00:00:00.000000000",29,-0.2926829268292683
208,"Lotus F1","2012-06-01 00:00:00.000000000",40,0.3793103448275862
208,"Lotus F1","2012-07-01 00:00:00.000000000",66,0.65
208,"Lotus F1","2012-09-01 00:00:00.000000000",39,-0.4090909090909091
208,"Lotus F1","2012-10-01 00:00:00.000000000",32,-0.1794871794871795
208,"Lotus F1","2012-11-01 00:00:00.000000000",40,0.25
208,"Lotus F1","2013-03-01 00:00:00.000000000",40,0
208,"Lotus F1","2013-04-01 00:00:00.000000000",53,0.325
208,"Lotus F1","2013-05-01 00:00:00.000000000",19,-0.6415094339622641
208,"Lotus F1","2013-06-01 00:00:00.000000000",12,-0.3684210526315789
208,"Lotus F1","2013-07-01 00:00:00.000000000",59,3.9166666666666665
208,"Lotus F1","2013-08-01 00:00:00.000000000",4,-0.9322033898305084
208,"Lotus F1","2013-09-01 00:00:00.000000000",19,3.75
208,"Lotus F1","2013-10-01 00:00:00.000000000",79,3.1578947368421053
208,"Lotus F1","2013-11-01 00:00:00.000000000",30,-0.620253164556962
208,"Lotus F1","2014-03-01 00:00:00.000000000",0,-1
208,"Lotus F1","2014-04-01 00:00:00.000000000",0,\N
208,"Lotus F1","2014-05-01 00:00:00.000000000",8,\N
208,"Lotus F1","2014-06-01 00:00:00.000000000",0,-1
208,"Lotus F1","2014-07-01 00:00:00.000000000",0,\N
208,"Lotus F1","2014-08-01 00:00:00.000000000",0,\N
208,"Lotus F1","2014-09-01 00:00:00.000000000",0,\N
208,"Lotus F1","2014-10-01 00:00:00.000000000",0,\N
208,"Lotus F1","2014-11-01 00:00:00.000000000",2,\N
208,"Lotus F1","2015-03-01 00:00:00.000000000",0,-1
208,"Lotus F1","2015-04-01 00:00:00.000000000",12,\N
208,"Lotus F1","2015-05-01 00:00:00.000000000",4,-0.6666666666666666
208,"Lotus F1","2015-06-01 00:00:00.000000000",13,2.25
208,"Lotus F1","2015-07-01 00:00:00.000000000",6,-0.5384615384615384
208,"Lotus F1","2015-08-01 00:00:00.000000000",15,1.5
208,"Lotus F1","2015-09-01 00:00:00.000000000",10,-0.3333333333333333
208,"Lotus F1","2015-10-01 00:00:00.000000000",10,0
208,"Lotus F1","2015-11-01 00:00:00.000000000",8,-0.2
209,"Manor Marussia","2015-03-01 00:00:00.000000000",0,\N
209,"Manor Marussia","2015-04-01 00:00:00.000000000",0,\N
209,"Manor Marussia","2015-05-01 00:00:00.000000000",0,\N
209,"Manor Marussia","2015-06-01 00:00:00.000000000",0,\N
209,"Manor Marussia","2015-07-01 00:00:00.000000000",0,\N
209,"Manor Marussia","2015-08-01 00:00:00.000000000",0,\N
209,"Manor Marussia","2015-09-01 00:00:00.000000000",0,\N
209,"Manor Marussia","2015-10-01 00:00:00.000000000",0,\N
209,"Manor Marussia","2015-11-01 00:00:00.000000000",0,\N
209,"Manor Marussia","2016-03-01 00:00:00.000000000",0,\N
209,"Manor Marussia","2016-04-01 00:00:00.000000000",0,\N
209,"Manor Marussia","2016-05-01 00:00:00.000000000",0,\N
209,"Manor Marussia","2016-06-01 00:00:00.000000000",0,\N
209,"Manor Marussia","2016-07-01 00:00:00.000000000",1,\N
209,"Manor Marussia","2016-08-01 00:00:00.000000000",0,-1
209,"Manor Marussia","2016-09-01 00:00:00.000000000",0,\N
209,"Manor Marussia","2016-10-01 00:00:00.000000000",0,\N
209,"Manor Marussia","2016-11-01 00:00:00.000000000",0,\N
210,"Haas F1 Team","2016-03-01 00:00:00.000000000",8,\N
210,"Haas F1 Team","2016-04-01 00:00:00.000000000",10,0.25
210,"Haas F1 Team","2016-05-01 00:00:00.000000000",4,-0.6
210,"Haas F1 Team","2016-06-01 00:00:00.000000000",0,-1
210,"Haas F1 Team","2016-07-01 00:00:00.000000000",6,\N
210,"Haas F1 Team","2016-08-01 00:00:00.000000000",0,-1
210,"Haas F1 Team","2016-09-01 00:00:00.000000000",0,\N
210,"Haas F1 Team","2016-10-01 00:00:00.000000000",1,\N
210,"Haas F1 Team","2016-11-01 00:00:00.000000000",0,-1
210,"Haas F1 Team","2017-03-01 00:00:00.000000000",0,\N
210,"Haas F1 Team","2017-04-01 00:00:00.000000000",8,\N
210,"Haas F1 Team","2017-05-01 00:00:00.000000000",6,-0.25
210,"Haas F1 Team","2017-06-01 00:00:00.000000000",7,0.16666666666666666
210,"Haas F1 Team","2017-07-01 00:00:00.000000000",8,0.14285714285714285
210,"Haas F1 Team","2017-08-01 00:00:00.000000000",6,-0.25
210,"Haas F1 Team","2017-09-01 00:00:00.000000000",2,-0.6666666666666666
210,"Haas F1 Team","2017-10-01 00:00:00.000000000",10,4
210,"Haas F1 Team","2017-11-01 00:00:00.000000000",0,-1
210,"Haas F1 Team","2018-03-01 00:00:00.000000000",0,\N
210,"Haas F1 Team","2018-04-01 00:00:00.000000000",11,\N
210,"Haas F1 Team","2018-05-01 00:00:00.000000000",8,-0.2727272727272727
210,"Haas F1 Team","2018-06-01 00:00:00.000000000",8,0
210,"Haas F1 Team","2018-07-01 00:00:00.000000000",39,3.875
210,"Haas F1 Team","2018-08-01 00:00:00.000000000",10,-0.7435897435897436
210,"Haas F1 Team","2018-09-01 00:00:00.000000000",4,-0.6
210,"Haas F1 Team","2018-10-01 00:00:00.000000000",4,0
210,"Haas F1 Team","2018-11-01 00:00:00.000000000",9,1.25
210,"Haas F1 Team","2019-03-01 00:00:00.000000000",8,-0.1111111111111111
210,"Haas F1 Team","2019-04-01 00:00:00.000000000",0,-1
210,"Haas F1 Team","2019-05-01 00:00:00.000000000",8,\N
210,"Haas F1 Team","2019-06-01 00:00:00.000000000",0,-1
210,"Haas F1 Team","2019-07-01 00:00:00.000000000",10,\N
210,"Haas F1 Team","2019-08-01 00:00:00.000000000",0,-1
210,"Haas F1 Team","2019-09-01 00:00:00.000000000",2,\N
210,"Haas F1 Team","2019-10-01 00:00:00.000000000",0,-1
210,"Haas F1 Team","2019-11-01 00:00:00.000000000",0,\N
210,"Haas F1 Team","2019-12-01 00:00:00.000000000",0,\N
210,"Haas F1 Team","2020-07-01 00:00:00.000000000",1,\N
210,"Haas F1 Team","2020-08-01 00:00:00.000000000",0,-1
210,"Haas F1 Team","2020-09-01 00:00:00.000000000",0,\N
210,"Haas F1 Team","2020-10-01 00:00:00.000000000",2,\N
210,"Haas F1 Team","2020-11-01 00:00:00.000000000",0,-1
210,"Haas F1 Team","2020-12-01 00:00:00.000000000",0,\N
210,"Haas F1 Team","2021-03-01 00:00:00.000000000",0,\N
210,"Haas F1 Team","2021-04-01 00:00:00.000000000",0,\N
210,"Haas F1 Team","2021-05-01 00:00:00.000000000",0,\N
210,"Haas F1 Team","2021-06-01 00:00:00.000000000",0,\N
210,"Haas F1 Team","2021-07-01 00:00:00.000000000",0,\N
210,"Haas F1 Team","2021-08-01 00:00:00.000000000",0,\N
210,"Haas F1 Team","2021-09-01 00:00:00.000000000",0,\N
210,"Haas F1 Team","2021-10-01 00:00:00.000000000",0,\N
210,"Haas F1 Team","2021-11-01 00:00:00.000000000",0,\N
210,"Haas F1 Team","2021-12-01 00:00:00.000000000",0,\N
210,"Haas F1 Team","2022-03-01 00:00:00.000000000",12,\N
210,"Haas F1 Team","2022-04-01 00:00:00.000000000",3,-0.75
210,"Haas F1 Team","2022-05-01 00:00:00.000000000",0,-1
210,"Haas F1 Team","2022-06-01 00:00:00.000000000",0,\N
210,"Haas F1 Team","2022-07-01 00:00:00.000000000",19,\N
210,"Haas F1 Team","2022-08-01 00:00:00.000000000",0,-1
210,"Haas F1 Team","2022-09-01 00:00:00.000000000",0,\N
210,"Haas F1 Team","2022-10-01 00:00:00.000000000",2,\N
210,"Haas F1 Team","2022-11-01 00:00:00.000000000",1,-0.5
210,"Haas F1 Team","2023-03-01 00:00:00.000000000",1,0
210,"Haas F1 Team","2023-04-01 00:00:00.000000000",6,5
210,"Haas F1 Team","2023-05-01 00:00:00.000000000",1,-0.8333333333333334
210,"Haas F1 Team","2023-06-01 00:00:00.000000000",0,-1
210,"Haas F1 Team","2023-07-01 00:00:00.000000000",3,\N
210,"Haas F1 Team","2023-08-01 00:00:00.000000000",0,-1
210,"Haas F1 Team","2023-09-01 00:00:00.000000000",1,\N
210,"Haas F1 Team","2023-10-01 00:00:00.000000000",0,-1
210,"Haas F1 Team","2023-11-01 00:00:00.000000000",0,\N
210,"Haas F1 Team","2024-03-01 00:00:00.000000000",4,\N
210,"Haas F1 Team","2024-04-01 00:00:00.000000000",1,-0.75
210,"Haas F1 Team","2024-05-01 00:00:00.000000000",2,1
210,"Haas F1 Team","2024-06-01 00:00:00.000000000",12,5
210,"Haas F1 Team","2024-07-01 00:00:00.000000000",8,-0.3333333333333333
210,"Haas F1 Team","2024-08-01 00:00:00.000000000",0,-1
210,"Haas F1 Team","2024-09-01 00:00:00.000000000",4,\N
210,"Haas F1 Team","2024-10-01 00:00:00.000000000",15,2.75
210,"Haas F1 Team","2024-11-01 00:00:00.000000000",4,-0.7333333333333333
210,"Haas F1 Team","2024-12-01 00:00:00.000000000",8,1
210,"Haas F1 Team","2025-03-01 00:00:00.000000000",14,0.75
210,"Haas F1 Team","2025-04-01 00:00:00.000000000",6,-0.5714285714285714
210,"Haas F1 Team","2025-05-01 00:00:00.000000000",6,0
210,"Haas F1 Team","2025-06-01 00:00:00.000000000",3,-0.5
210,"Haas F1 Team","2025-07-01 00:00:00.000000000",0,-1
210,"Haas F1 Team","2025-08-01 00:00:00.000000000",9,\N
211,"Racing Point","2019-03-01 00:00:00.000000000",3,\N
211,"Racing Point","2019-04-01 00:00:00.000000000",14,3.6666666666666665
211,"Racing Point","2019-05-01 00:00:00.000000000",0,-1
211,"Racing Point","2019-06-01 00:00:00.000000000",2,\N
211,"Racing Point","2019-07-01 00:00:00.000000000",12,5
211,"Racing Point","2019-08-01 00:00:00.000000000",0,-1
211,"Racing Point","2019-09-01 00:00:00.000000000",21,\N
211,"Racing Point","2019-10-01 00:00:00.000000000",12,-0.42857142857142855
211,"Racing Point","2019-11-01 00:00:00.000000000",3,-0.75
211,"Racing Point","2019-12-01 00:00:00.000000000",6,1
211,"Racing Point","2020-07-01 00:00:00.000000000",40,5.666666666666667
211,"Racing Point","2020-08-01 00:00:00.000000000",41,0.025
211,"Racing Point","2020-09-01 00:00:00.000000000",38,-0.07317073170731707
211,"Racing Point","2020-10-01 00:00:00.000000000",22,-0.42105263157894735
211,"Racing Point","2020-11-01 00:00:00.000000000",28,0.2727272727272727
211,"Racing Point","2020-12-01 00:00:00.000000000",41,0.4642857142857143
213,"AlphaTauri","2020-07-01 00:00:00.000000000",7,\N
213,"AlphaTauri","2020-08-01 00:00:00.000000000",13,0.8571428571428571
213,"AlphaTauri","2020-09-01 00:00:00.000000000",39,2
213,"AlphaTauri","2020-10-01 00:00:00.000000000",18,-0.5384615384615384
213,"AlphaTauri","2020-11-01 00:00:00.000000000",20,0.1111111111111111
213,"AlphaTauri","2020-12-01 00:00:00.000000000",10,-0.5
213,"AlphaTauri","2021-03-01 00:00:00.000000000",2,-0.8
213,"AlphaTauri","2021-04-01 00:00:00.000000000",6,2
213,"AlphaTauri","2021-05-01 00:00:00.000000000",10,0.6666666666666666
213,"AlphaTauri","2021-06-01 00:00:00.000000000",28,1.8
213,"AlphaTauri","2021-07-01 00:00:00.000000000",3,-0.8928571428571429
213,"AlphaTauri","2021-08-01 00:00:00.000000000",23,6.666666666666667
213,"AlphaTauri","2021-09-01 00:00:00.000000000",12,-0.4782608695652174
213,"AlphaTauri","2021-10-01 00:00:00.000000000",10,-0.16666666666666666
213,"AlphaTauri","2021-11-01 00:00:00.000000000",18,0.8
213,"AlphaTauri","2021-12-01 00:00:00.000000000",30,0.6666666666666666
213,"AlphaTauri","2022-03-01 00:00:00.000000000",8,-0.7333333333333333
213,"AlphaTauri","2022-04-01 00:00:00.000000000",8,0
213,"AlphaTauri","2022-05-01 00:00:00.000000000",1,-0.875
213,"AlphaTauri","2022-06-01 00:00:00.000000000",10,9
213,"AlphaTauri","2022-07-01 00:00:00.000000000",0,-1
213,"AlphaTauri","2022-08-01 00:00:00.000000000",2,\N
213,"AlphaTauri","2022-09-01 00:00:00.000000000",4,1
213,"AlphaTauri","2022-10-01 00:00:00.000000000",2,-0.5
213,"AlphaTauri","2022-11-01 00:00:00.000000000",0,-1
213,"AlphaTauri","2023-03-01 00:00:00.000000000",0,\N
213,"AlphaTauri","2023-04-01 00:00:00.000000000",2,\N
213,"AlphaTauri","2023-05-01 00:00:00.000000000",0,-1
213,"AlphaTauri","2023-06-01 00:00:00.000000000",0,\N
213,"AlphaTauri","2023-07-01 00:00:00.000000000",1,\N
213,"AlphaTauri","2023-08-01 00:00:00.000000000",0,-1
213,"AlphaTauri","2023-09-01 00:00:00.000000000",2,\N
213,"AlphaTauri","2023-10-01 00:00:00.000000000",11,4.5
213,"AlphaTauri","2023-11-01 00:00:00.000000000",9,-0.18181818181818182
214,"Alpine F1 Team","2021-03-01 00:00:00.000000000",0,\N
214,"Alpine F1 Team","2021-04-01 00:00:00.000000000",3,\N
214,"Alpine F1 Team","2021-05-01 00:00:00.000000000",14,3.6666666666666665
214,"Alpine F1 Team","2021-06-01 00:00:00.000000000",14,0
214,"Alpine F1 Team","2021-07-01 00:00:00.000000000",9,-0.35714285714285715
214,"Alpine F1 Team","2021-08-01 00:00:00.000000000",40,3.4444444444444446
214,"Alpine F1 Team","2021-09-01 00:00:00.000000000",23,-0.425
214,"Alpine F1 Team","2021-10-01 00:00:00.000000000",1,-0.9565217391304348
214,"Alpine F1 Team","2021-11-01 00:00:00.000000000",33,32
214,"Alpine F1 Team","2021-12-01 00:00:00.000000000",18,-0.45454545454545453
214,"Alpine F1 Team","2022-03-01 00:00:00.000000000",16,-0.1111111111111111
214,"Alpine F1 Team","2022-04-01 00:00:00.000000000",6,-0.625
214,"Alpine F1 Team","2022-05-01 00:00:00.000000000",18,2
214,"Alpine F1 Team","2022-06-01 00:00:00.000000000",17,-0.05555555555555555
214,"Alpine F1 Team","2022-07-01 00:00:00.000000000",42,1.4705882352941178
214,"Alpine F1 Team","2022-08-01 00:00:00.000000000",16,-0.6190476190476191
214,"Alpine F1 Team","2022-09-01 00:00:00.000000000",10,-0.375
214,"Alpine F1 Team","2022-10-01 00:00:00.000000000",28,1.8
214,"Alpine F1 Team","2022-11-01 00:00:00.000000000",20,-0.2857142857142857
214,"Alpine F1 Team","2023-03-01 00:00:00.000000000",8,-0.6
214,"Alpine F1 Team","2023-04-01 00:00:00.000000000",0,-1
214,"Alpine F1 Team","2023-05-01 00:00:00.000000000",27,\N
214,"Alpine F1 Team","2023-06-01 00:00:00.000000000",9,-0.6666666666666666
214,"Alpine F1 Team","2023-07-01 00:00:00.000000000",13,0.4444444444444444
214,"Alpine F1 Team","2023-08-01 00:00:00.000000000",16,0.23076923076923078
214,"Alpine F1 Team","2023-09-01 00:00:00.000000000",11,-0.3125
214,"Alpine F1 Team","2023-10-01 00:00:00.000000000",17,0.5454545454545454
214,"Alpine F1 Team","2023-11-01 00:00:00.000000000",19,0.11764705882352941
214,"Alpine F1 Team","2024-03-01 00:00:00.000000000",0,-1
214,"Alpine F1 Team","2024-04-01 00:00:00.000000000",0,\N
214,"Alpine F1 Team","2024-05-01 00:00:00.000000000",2,\N
214,"Alpine F1 Team","2024-06-01 00:00:00.000000000",7,2.5
214,"Alpine F1 Team","2024-07-01 00:00:00.000000000",2,-0.7142857142857143
214,"Alpine F1 Team","2024-08-01 00:00:00.000000000",2,0
214,"Alpine F1 Team","2024-09-01 00:00:00.000000000",0,-1
214,"Alpine F1 Team","2024-10-01 00:00:00.000000000",1,\N
214,"Alpine F1 Team","2024-11-01 00:00:00.000000000",35,34
214,"Alpine F1 Team","2024-12-01 00:00:00.000000000",16,-0.5428571428571428
214,"Alpine F1 Team","2025-03-01 00:00:00.000000000",0,-1
214,"Alpine F1 Team","2025-04-01 00:00:00.000000000",6,\N
214,"Alpine F1 Team","2025-05-01 00:00:00.000000000",0,-1
214,"Alpine F1 Team","2025-06-01 00:00:00.000000000",4,\N
214,"Alpine F1 Team","2025-07-01 00:00:00.000000000",9,1.25
214,"Alpine F1 Team","2025-08-01 00:00:00.000000000",0,-1
215,"RB F1 Team","2024-03-01 00:00:00.000000000",6,\N
215,"RB F1 Team","2024-04-01 00:00:00.000000000",1,-0.8333333333333334
215,"RB F1 Team","2024-05-01 00:00:00.000000000",17,16
215,"RB F1 Team","2024-06-01 00:00:00.000000000",6,-0.6470588235294118
215,"RB F1 Team","2024-07-01 00:00:00.000000000",4,-0.3333333333333333
215,"RB F1 Team","2024-08-01 00:00:00.000000000",0,-1
215,"RB F1 Team","2024-09-01 00:00:00.000000000",0,\N
215,"RB F1 Team","2024-10-01 00:00:00.000000000",2,\N
215,"RB F1 Team","2024-11-01 00:00:00.000000000",10,4
215,"RB F1 Team","2024-12-01 00:00:00.000000000",0,-1
215,"RB F1 Team","2025-03-01 00:00:00.000000000",0,\N
215,"RB F1 Team","2025-04-01 00:00:00.000000000",5,\N
215,"RB F1 Team","2025-05-01 00:00:00.000000000",14,1.8
215,"RB F1 Team","2025-06-01 00:00:00.000000000",14,0
215,"RB F1 Team","2025-07-01 00:00:00.000000000",4,-0.7142857142857143
215,"RB F1 Team","2025-08-01 00:00:00.000000000",19,3.75
